-- phpMyAdmin SQL Dump
-- version 4.8.2
-- https://www.phpmyadmin.net/
--
-- Host: 127.0.0.1
-- Generation Time: Sep 22, 2019 at 09:21 AM
-- Server version: 10.1.34-MariaDB
-- PHP Version: 7.2.7

SET SQL_MODE = "NO_AUTO_VALUE_ON_ZERO";
SET AUTOCOMMIT = 0;
START TRANSACTION;
SET time_zone = "+00:00";


/*!40101 SET @OLD_CHARACTER_SET_CLIENT=@@CHARACTER_SET_CLIENT */;
/*!40101 SET @OLD_CHARACTER_SET_RESULTS=@@CHARACTER_SET_RESULTS */;
/*!40101 SET @OLD_COLLATION_CONNECTION=@@COLLATION_CONNECTION */;
/*!40101 SET NAMES utf8mb4 */;

--
-- Database: `ipm`
--

-- --------------------------------------------------------

--
-- Table structure for table `activity`
--

CREATE TABLE `activity` (
  `activityid` int(11) NOT NULL,
  `activitytype` varchar(255) NOT NULL COMMENT 'CheckBox, Input, Observation',
  `activityName` varchar(255) NOT NULL,
  `activitydescription` varchar(255) NOT NULL,
  `stationid` int(11) NOT NULL,
  `createduserby` int(11) NOT NULL,
  `activityactive` varchar(255) NOT NULL DEFAULT 'Y',
  `activitycreateddate` timestamp NOT NULL DEFAULT CURRENT_TIMESTAMP
) ENGINE=InnoDB DEFAULT CHARSET=latin1;

--
-- Dumping data for table `activity`
--

INSERT INTO `activity` (`activityid`, `activitytype`, `activityName`, `activitydescription`, `stationid`, `createduserby`, `activityactive`, `activitycreateddate`) VALUES
(1, 'CheckBox', 'Station Damage', 'This is Station Damage activity', 2, 2, 'Y', '2019-06-21 11:26:24'),
(2, 'CheckBox', 'Activity Name A 1', 'Description of Glue Station', 1, 2, 'N', '2019-06-21 11:27:51'),
(3, 'CheckBox', 'Station Damage 2', 'This is Station Damage activity 2', 2, 2, 'Y', '2019-06-21 11:26:24'),
(4, '2', '1', 'stationdescription 3', 2, 101, 'Y', '2019-06-25 14:39:26'),
(10, 'Input', 'Activity 21', 'Dec 21', 2, 101, 'N', '2019-06-25 14:44:05'),
(11, 'CheckBox', 'Activity 22', 'Dec 22', 2, 101, 'Y', '2019-06-25 14:44:21'),
(12, 'CheckBox', 'Activity 501', 'Description 501.', 4, 101, 'Y', '2019-06-26 04:26:37'),
(13, 'Observation', 'Activity Name B 1', 'Description  Activity Name B 1', 1, 101, 'N', '2019-06-26 07:15:30'),
(14, 'Input', 'Activity 502', 'Description 502', 4, 101, 'Y', '2019-06-26 07:26:15'),
(15, 'Observation', 'Activity 503', 'Description 503', 4, 101, 'Y', '2019-06-26 07:26:34'),
(16, 'Input', 'Activity 504', 'Description 504', 4, 101, 'Y', '2019-06-26 07:34:27'),
(17, 'CheckBox', 'Service Done', 'khswkfh', 5, 101, 'Y', '2019-06-26 08:47:23'),
(18, 'Observation', 'Test', 'Tests', 5, 101, 'Y', '2019-06-26 08:47:45'),
(19, 'Correctice Action', 'Rat Trap', 'This Activity Means Rat Trap in Glue', 6, 101, 'Y', '2019-06-30 14:20:58'),
(20, 'Fumigation', 'Chemical Treatment', 'This Activity Means Particular Area Treated With Chemical', 6, 101, 'Y', '2019-06-30 14:22:02'),
(21, 'Observation', 'Observation', 'This Activity Use to tell customer a problem which will be solved by client end', 6, 101, 'Y', '2019-06-30 14:23:03'),
(22, 'CheckBox', 'Maintenance', 'This Activity Means Maintenance of Station Has been done', 6, 101, 'Y', '2019-06-30 14:23:55'),
(23, 'Correctice Action', 'Rat Trap', 'This Activity used to Monitor Rat Traps', 1, 101, 'Y', '2019-07-01 05:08:22'),
(24, 'CheckBox', 'Maintenance', 'This Activity Used to', 1, 101, 'Y', '2019-07-01 05:08:48'),
(25, 'CheckBox', 'Glue Sheet Replaced', 'Test', 1, 101, 'Y', '2019-07-01 05:09:33'),
(26, 'Correctice Action', 'test', 'test', 7, 101, 'Y', '2019-08-22 09:45:32'),
(27, 'Input', 'test', 'test', 7, 101, 'Y', '2019-08-22 09:45:43'),
(28, 'Input', 'sdf', 'sff', 9, 101, 'Y', '2019-09-03 18:28:33'),
(29, 'Observation', 'dsf', 'sdgdg', 9, 101, 'Y', '2019-09-03 18:29:25'),
(30, 'Correctice Action', 'Lizard Trap', 'This Activity will be use  for lizard', 1, 101, 'Y', '2019-09-03 19:45:48'),
(31, 'Input', 'Other Pest Trap', 'Ants, / Cockroaches / Or Other Pest Trap', 1, 101, 'Y', '2019-09-03 19:54:11'),
(32, 'Observation', 'Activity Name 987Hk', 'Test', 1, 101, 'N', '2019-09-03 19:55:00'),
(33, 'Input', 'Asad Input', 'bsdhas', 10, 101, 'Y', '2019-09-17 04:53:10'),
(34, 'CheckBox', 'Asad Check Box', 'kjh', 10, 101, 'Y', '2019-09-17 04:53:28'),
(35, 'CheckBox', 'Activity Name CheckBox', 'This is Activity Name CheckBox', 11, 101, 'Y', '2019-09-17 05:11:42'),
(36, 'Input', 'Activity Name Input', 'This is Test Activity Name Input', 11, 101, 'Y', '2019-09-17 05:12:09'),
(37, 'Observation', 'Activity Name Observation', 'This is Test Activity Name Observation', 11, 101, 'Y', '2019-09-17 05:13:20'),
(38, 'Correctice Action', 'Haisam Activity Name Corrective Action', 'This is Test Haisam Activity Name Corrective Action', 12, 101, 'Y', '2019-09-17 05:21:24'),
(39, 'Fumigation', 'Haisam Activity Name Fumigation', 'This is Haisam Activity Name Fumigation', 12, 101, 'Y', '2019-09-17 05:21:50'),
(40, 'Input', 'Haisam Activity Name Input', 'This is Haisam Activity Name Input', 12, 101, 'Y', '2019-09-17 05:22:31'),
(41, 'Correctice Action', 'Station Damage / Misplaced', 'Station Damage / Misplaced', 1, 101, 'Y', '2019-09-19 06:11:31'),
(42, 'Observation', 'Loop Holes', 'This Activity Will Be Use to  Record Loop Holes', 14, 101, 'Y', '2019-09-19 06:15:01'),
(43, 'Observation', 'Sanitation / Observation', 'This Activity will be Use to Check About Sanitation Practices Issues or Other Issues', 14, 101, 'Y', '2019-09-19 06:16:26'),
(44, 'Fumigation', 'Fumigation', 'This Activity Will be Use to Keep Fumigation Record', 14, 101, 'Y', '2019-09-19 06:17:05'),
(45, 'Input', 'Mosquitoes Trap', 'Mosquitoes Count', 3, 101, 'Y', '2019-09-19 06:20:23'),
(46, 'Input', 'Flies Trap', 'Flies Trap Count', 3, 101, 'Y', '2019-09-19 06:20:46'),
(47, 'Input', 'Moths Trap', 'Moths Trap Count', 3, 101, 'Y', '2019-09-19 06:27:46'),
(48, 'Input', 'Aphids', 'Aphids Count', 3, 101, 'Y', '2019-09-19 06:28:09'),
(49, 'CheckBox', 'Cleaning', 'Use to Monitor Cleaning Record', 3, 101, 'Y', '2019-09-19 06:29:18'),
(50, 'Correctice Action', 'UV Charge / Repairing', 'This Activity Use to Monitor UV & ILT Condition', 3, 101, 'Y', '2019-09-19 06:30:05'),
(51, 'CheckBox', 'Glue Sheet Replaced', 'This Activity Use t Monitor Glue Sheet Replacement', 3, 101, 'Y', '2019-09-19 06:30:45'),
(52, 'CheckBox', 'Activity Net 1', 'test desc Activity Net 1', 15, 101, 'Y', '2019-09-21 15:23:21'),
(53, 'Input', 'Activity Net 2', 'dDesc Activity Net 1', 15, 101, 'Y', '2019-09-21 15:23:43'),
(54, 'Observation', 'Activity Net 3', 'Activity Net 1 Tets Desc', 15, 101, 'Y', '2019-09-21 15:24:11'),
(55, 'Correctice Action', 'Activity Net 4', 'Activity Net 4 Test Desc', 15, 101, 'Y', '2019-09-21 15:25:17'),
(56, 'Fumigation', 'Activity Net 5', 'Activity Net 5 Test Desc', 15, 101, 'Y', '2019-09-21 15:26:02');

-- --------------------------------------------------------

--
-- Table structure for table `branch`
--

CREATE TABLE `branch` (
  `branchid` int(11) NOT NULL,
  `branchname` varchar(255) NOT NULL,
  `branchlocation` varchar(255) NOT NULL,
  `branchaddress` varchar(255) NOT NULL,
  `branchphone` varchar(255) NOT NULL,
  `branchemail` varchar(255) NOT NULL,
  `companyid` int(11) NOT NULL,
  `createduserby` int(11) NOT NULL,
  `branchactive` varchar(255) NOT NULL DEFAULT 'Y',
  `branchcreateddate` timestamp NOT NULL DEFAULT CURRENT_TIMESTAMP
) ENGINE=InnoDB DEFAULT CHARSET=latin1;

--
-- Dumping data for table `branch`
--

INSERT INTO `branch` (`branchid`, `branchname`, `branchlocation`, `branchaddress`, `branchphone`, `branchemail`, `companyid`, `createduserby`, `branchactive`, `branchcreateddate`) VALUES
(1, 'Head Office', '--', 'C6, Block 5', '34829161-63', 'info@ecoservices.com.pk', 2, 2, 'Y', '2019-06-27 10:53:44'),
(2, 'Branch Name 103', 'Branch Location 103', 'Branch Address 103', 'Branch Phone 103', 'Branch Email 103', 2, 101, 'Y', '2019-06-27 11:38:44'),
(3, 'df', 'gt', 'k', 'klj', 'l', 2, 101, 'N', '2019-06-27 11:39:18'),
(4, 'Branch Name 101', 'Branch Location 101', 'Branch Address 101', 'Branch Phone 101', 'Branch Email 101', 2, 101, 'Y', '2019-06-27 11:39:57'),
(5, 'df', 'gtsadsadfc', 'k', 'klj', 'l', 2, 101, 'N', '2019-06-27 12:01:15'),
(6, 'Branch Name 104', 'Branch Location 104', 'Branch Address 104', 'Branch Phone 104', 'Branch Email 104', 2, 101, 'Y', '2019-06-27 12:03:04'),
(7, 'Branch Name 301', 'Branch Location 301', 'Branch Address 301', 'Branch Phone 301', 'Branch Email 301', 4, 101, 'Y', '2019-06-27 12:03:59'),
(8, 'Branch Name 302', 'Branch Location 302', 'Branch Address 302', 'Branch Phone 302', 'Branch Email 302', 4, 101, 'Y', '2019-06-27 12:04:27'),
(9, 'tes', '101', '105', '106', '107', 4, 101, 'Y', '2019-06-28 17:35:09'),
(10, 'Asad Head Office', 'Karachi', 'DHA Phase 10', '032121212', 'asadheadoffice@asad..com', 5, 101, 'Y', '2019-09-17 05:16:57'),
(11, 'Garden Asad Branch', 'Karachi Garden West', '45/8 Garden West Karachi', '6464646', 'testgardenasd@gmail.com', 5, 101, 'Y', '2019-09-21 15:27:13');

-- --------------------------------------------------------

--
-- Table structure for table `branchlocation`
--

CREATE TABLE `branchlocation` (
  `branchlocationid` int(11) NOT NULL,
  `branchlocationname` varchar(255) NOT NULL,
  `branchid` int(11) NOT NULL,
  `createduserby` int(11) NOT NULL,
  `branchlocationactive` varchar(255) NOT NULL DEFAULT 'Y',
  `branchlocationcreateddate` timestamp NOT NULL DEFAULT CURRENT_TIMESTAMP
) ENGINE=InnoDB DEFAULT CHARSET=latin1;

--
-- Dumping data for table `branchlocation`
--

INSERT INTO `branchlocation` (`branchlocationid`, `branchlocationname`, `branchid`, `createduserby`, `branchlocationactive`, `branchlocationcreateddate`) VALUES
(1, 'Location Name A 2/2', 2, 101, 'Y', '2019-06-28 09:40:07'),
(2, 'AAAA', 2, 103, 'N', '2019-06-28 10:14:58'),
(3, 'sdsa', 2, 103, 'N', '2019-06-28 10:15:07'),
(4, 'Location Name B 2/2', 2, 103, 'Y', '2019-06-28 10:15:20'),
(5, 'Location Name A 4/7', 7, 103, 'Y', '2019-06-28 17:29:37'),
(6, 'Location Name B 4/7', 7, 103, 'Y', '2019-06-28 17:30:07'),
(7, 'Location Name C 4/7', 7, 103, 'Y', '2019-06-28 17:56:52'),
(8, 'MD Room', 1, 103, 'Y', '2019-06-28 17:59:10'),
(9, 'Operations Room', 1, 103, 'Y', '2019-06-28 17:59:20'),
(10, 'Canteen', 4, 103, 'Y', '2019-09-03 19:44:19'),
(11, 'Cafe', 10, 103, 'Y', '2019-09-17 05:17:14'),
(12, 'Main Gate', 10, 103, 'Y', '2019-09-17 05:23:00'),
(13, 'Open Area', 1, 103, 'Y', '2019-09-19 06:18:40'),
(14, 'Accounts', 1, 103, 'Y', '2019-09-19 06:18:55'),
(15, 'IT Floor', 11, 103, 'Y', '2019-09-21 15:28:02');

-- --------------------------------------------------------

--
-- Table structure for table `chemical`
--

CREATE TABLE `chemical` (
  `chemicalid` int(11) NOT NULL,
  `chemicalname` varchar(255) NOT NULL,
  `chemicalactive` varchar(255) NOT NULL DEFAULT 'Y',
  `createdby` int(11) NOT NULL DEFAULT '0',
  `createddate` timestamp NOT NULL DEFAULT CURRENT_TIMESTAMP
) ENGINE=InnoDB DEFAULT CHARSET=latin1;

--
-- Dumping data for table `chemical`
--

INSERT INTO `chemical` (`chemicalid`, `chemicalname`, `chemicalactive`, `createdby`, `createddate`) VALUES
(1, 'Chemical A', 'Y', 0, '2019-09-15 14:25:07'),
(2, 'Chemical B', 'Y', 0, '2019-09-15 14:25:56'),
(3, 'Chemical C', 'Y', 0, '2019-09-15 14:26:10'),
(4, 'Chemical D', 'Y', 0, '2019-09-15 14:26:10'),
(5, 'Chemical E', 'N', 0, '2019-09-15 14:26:23'),
(6, 'Chemical F', 'Y', 0, '2019-09-15 14:26:23');

-- --------------------------------------------------------

--
-- Table structure for table `company`
--

CREATE TABLE `company` (
  `companyid` int(11) NOT NULL,
  `companyname` varchar(255) NOT NULL,
  `companyindustrytypeid` int(11) NOT NULL,
  `companyurl` varchar(255) NOT NULL,
  `createduserby` int(11) NOT NULL,
  `companyactive` varchar(255) NOT NULL DEFAULT 'Y',
  `companycreateddate` timestamp NOT NULL DEFAULT CURRENT_TIMESTAMP
) ENGINE=InnoDB DEFAULT CHARSET=latin1;

--
-- Dumping data for table `company`
--

INSERT INTO `company` (`companyid`, `companyname`, `companyindustrytypeid`, `companyurl`, `createduserby`, `companyactive`, `companycreateddate`) VALUES
(2, 'ECO Services', 29, 'www.ecoservices.com.pk', 101, 'Y', '2019-06-27 09:15:51'),
(3, 'Company Name 201', 19, 'URL 201', 2, 'Y', '2019-06-27 09:32:00'),
(4, 'Company 301', 27, 'URL 301', 101, 'Y', '2019-06-27 11:05:41'),
(5, 'Asad Company', 11, 'asad.com', 101, 'Y', '2019-09-17 05:16:02'),
(6, 'Thal Limited - Pakistan Paper Sack Division', 6, 'N/A', 101, 'Y', '2019-09-19 06:05:09');

-- --------------------------------------------------------

--
-- Table structure for table `dilution`
--

CREATE TABLE `dilution` (
  `dilutionid` int(11) NOT NULL,
  `dilutionname` varchar(255) NOT NULL DEFAULT '1',
  `activestatus` varchar(255) NOT NULL DEFAULT 'Y',
  `createdby` int(11) NOT NULL DEFAULT '0',
  `createddate` timestamp NOT NULL DEFAULT CURRENT_TIMESTAMP
) ENGINE=InnoDB DEFAULT CHARSET=latin1;

--
-- Dumping data for table `dilution`
--

INSERT INTO `dilution` (`dilutionid`, `dilutionname`, `activestatus`, `createdby`, `createddate`) VALUES
(1, '2', 'Y', 0, '2019-09-15 14:39:12'),
(2, '3', 'Y', 0, '2019-09-15 14:39:12'),
(3, '1.2', 'Y', 0, '2019-09-15 14:39:25'),
(4, '1.8', 'Y', 0, '2019-09-15 14:39:25'),
(5, '5.1', 'Y', 0, '2019-09-15 14:39:44'),
(6, '6.8', 'Y', 0, '2019-09-15 14:39:44');

-- --------------------------------------------------------

--
-- Table structure for table `employee`
--

CREATE TABLE `employee` (
  `employeeid` int(11) NOT NULL,
  `employeename` varchar(255) NOT NULL,
  `employeedesignation` varchar(255) NOT NULL,
  `employeephone` varchar(255) NOT NULL,
  `employeeemail` varchar(255) NOT NULL,
  `branchid` int(11) NOT NULL,
  `createduserby` int(11) NOT NULL,
  `employeeactive` varchar(255) NOT NULL DEFAULT 'Y',
  `employee` timestamp NOT NULL DEFAULT CURRENT_TIMESTAMP
) ENGINE=InnoDB DEFAULT CHARSET=latin1;

--
-- Dumping data for table `employee`
--

INSERT INTO `employee` (`employeeid`, `employeename`, `employeedesignation`, `employeephone`, `employeeemail`, `branchid`, `createduserby`, `employeeactive`, `employee`) VALUES
(1, 'Hassan', 'EO', '123123123', 'hassan@gmail.com', 7, 102, 'Y', '2019-06-28 04:53:35'),
(2, 'Shah Nawaz Khan', 'DM', '987987', 'shahnawaz@gmail.com', 7, 103, 'Y', '2019-06-28 05:24:38'),
(3, 'Haisam', 'AM', '03223350108', 'haisam@gmail.com', 7, 103, 'Y', '2019-06-28 05:25:21'),
(4, 'Employee A 2-4 A', 'Designation A 2-4 A', 'Phone A 2-4 A', 'Email  A 2-4 A', 4, 103, 'Y', '2019-06-28 05:26:22'),
(5, 'Employee B 2-4', 'Designation B 2-4', 'Phone B 2-4', 'Email  B 2-4', 4, 103, 'Y', '2019-06-28 05:26:45'),
(6, 'Employee C 2-4', 'Designation C 2-4', 'Phone v 2-4', 'Email  C 2-4', 4, 103, 'Y', '2019-06-28 05:27:03');

-- --------------------------------------------------------

--
-- Table structure for table `industrytype`
--

CREATE TABLE `industrytype` (
  `industrytypeid` int(11) NOT NULL,
  `industrytypename` varchar(255) NOT NULL,
  `createduserby` int(11) NOT NULL,
  `industrytypeactive` varchar(255) NOT NULL DEFAULT 'Y',
  `industrytypecreateddate` timestamp NULL DEFAULT CURRENT_TIMESTAMP
) ENGINE=InnoDB DEFAULT CHARSET=latin1;

--
-- Dumping data for table `industrytype`
--

INSERT INTO `industrytype` (`industrytypeid`, `industrytypename`, `createduserby`, `industrytypeactive`, `industrytypecreateddate`) VALUES
(2, 'Pharmaceutical', 0, 'Y', '0000-00-00 00:00:00'),
(5, 'Multinational', 0, 'Y', '0000-00-00 00:00:00'),
(6, 'Printing & Packaging', 0, 'Y', '0000-00-00 00:00:00'),
(8, 'Foreign Mission', 0, 'Y', '0000-00-00 00:00:00'),
(9, 'Educational Institute', 0, 'Y', '0000-00-00 00:00:00'),
(10, 'Food Manufacturers', 0, 'Y', '0000-00-00 00:00:00'),
(11, 'Banks', 0, 'Y', '0000-00-00 00:00:00'),
(12, 'Hotels & Restaurants', 0, 'Y', '0000-00-00 00:00:00'),
(14, 'Shops & Outlets', 0, 'Y', '0000-00-00 00:00:00'),
(15, 'News / Tv Channels', 0, 'Y', '0000-00-00 00:00:00'),
(16, 'Fertilizer Manufacturer', 0, 'Y', '0000-00-00 00:00:00'),
(17, 'Shopping Malls / Super Markets', 0, 'Y', '0000-00-00 00:00:00'),
(18, 'Insurance Companies', 0, 'Y', '0000-00-00 00:00:00'),
(19, 'Oil & Gas', 0, 'Y', '0000-00-00 00:00:00'),
(20, 'Government Departments ', 0, 'Y', '0000-00-00 00:00:00'),
(21, 'Airlines', 0, 'Y', '0000-00-00 00:00:00'),
(22, 'Software House / IT Companies', 0, 'Y', '0000-00-00 00:00:00'),
(23, 'Power Generation Companies', 0, 'Y', '0000-00-00 00:00:00'),
(27, 'Residential', 0, 'Y', '0000-00-00 00:00:00'),
(28, 'Clubs / Resorts', 0, 'Y', '0000-00-00 00:00:00'),
(29, 'General Companies', 0, 'Y', '0000-00-00 00:00:00'),
(30, 'Builders & Developers', 0, 'Y', '0000-00-00 00:00:00'),
(31, 'Textile & Garments', 0, 'Y', '0000-00-00 00:00:00'),
(32, 'Hospital / Medical Center', 0, 'Y', '0000-00-00 00:00:00'),
(33, 'NGO', 0, 'Y', '0000-00-00 00:00:00'),
(34, 'Facility Management Companies', 0, 'Y', '0000-00-00 00:00:00'),
(35, 'Non-Contractual', 0, 'Y', '2019-03-18 09:58:39');

-- --------------------------------------------------------

--
-- Table structure for table `processacitvity`
--

CREATE TABLE `processacitvity` (
  `id` int(11) NOT NULL,
  `stationid` int(11) NOT NULL,
  `activityid` int(11) NOT NULL,
  `activitytype` varchar(255) NOT NULL,
  `outputcheckbox` varchar(255) NOT NULL DEFAULT '-',
  `outputnumber` varchar(255) NOT NULL DEFAULT '-',
  `outputobservationtext` varchar(255) NOT NULL DEFAULT '-',
  `outputobservationImage` text NOT NULL,
  `outputfumigationchemicalid` varchar(255) NOT NULL DEFAULT '-',
  `outputfumigationchemicaldai` varchar(255) NOT NULL DEFAULT '-',
  `outputfumigationchemicalconsumption` varchar(255) NOT NULL DEFAULT '-',
  `correcticeactionnumber` varchar(255) NOT NULL DEFAULT '-',
  `correcticeactionimage` text NOT NULL,
  `correcticeactionrootcase` varchar(255) NOT NULL DEFAULT '-',
  `correcticeactioncorrection` varchar(255) NOT NULL DEFAULT '-',
  `correcticeactionupdate` varchar(255) NOT NULL DEFAULT '-',
  `activestatus` varchar(255) NOT NULL DEFAULT 'Y',
  `createdby` int(11) NOT NULL DEFAULT '0',
  `createddate` timestamp NOT NULL DEFAULT CURRENT_TIMESTAMP
) ENGINE=InnoDB DEFAULT CHARSET=latin1;

--
-- Dumping data for table `processacitvity`
--

INSERT INTO `processacitvity` (`id`, `stationid`, `activityid`, `activitytype`, `outputcheckbox`, `outputnumber`, `outputobservationtext`, `outputobservationImage`, `outputfumigationchemicalid`, `outputfumigationchemicaldai`, `outputfumigationchemicalconsumption`, `correcticeactionnumber`, `correcticeactionimage`, `correcticeactionrootcase`, `correcticeactioncorrection`, `correcticeactionupdate`, `activestatus`, `createdby`, `createddate`) VALUES
(196, 29, 52, 'CheckBox', 'Yes', '', '', '', '', '', '', '', '', '', '', '', 'Y', 0, '2019-09-21 15:38:27'),
(197, 29, 53, 'Input', '', '2', '', '', '', '', '', '', '', '', '', '', 'Y', 0, '2019-09-21 15:38:30');
INSERT INTO `processacitvity` (`id`, `stationid`, `activityid`, `activitytype`, `outputcheckbox`, `outputnumber`, `outputobservationtext`, `outputobservationImage`, `outputfumigationchemicalid`, `outputfumigationchemicaldai`, `outputfumigationchemicalconsumption`, `correcticeactionnumber`, `correcticeactionimage`, `correcticeactionrootcase`, `correcticeactioncorrection`, `correcticeactionupdate`, `activestatus`, `createdby`, `createddate`) VALUES
(198, 29, 54, 'Observation', '', '', 'obser 1', '/9j/4AAQSkZJRgABAQAAAQABAAD/2wBDABALDA4MChAODQ4SERATGCgaGBYWGDEjJR0oOjM9PDkz\nODdASFxOQERXRTc4UG1RV19iZ2hnPk1xeXBkeFxlZ2P/2wBDARESEhgVGC8aGi9jQjhCY2NjY2Nj\nY2NjY2NjY2NjY2NjY2NjY2NjY2NjY2NjY2NjY2NjY2NjY2NjY2NjY2NjY2P/wAARCAUAAtADASIA\nAhEBAxEB/8QAHwAAAQUBAQEBAQEAAAAAAAAAAAECAwQFBgcICQoL/8QAtRAAAgEDAwIEAwUFBAQA\nAAF9AQIDAAQRBRIhMUEGE1FhByJxFDKBkaEII0KxwRVS0fAkM2JyggkKFhcYGRolJicoKSo0NTY3\nODk6Q0RFRkdISUpTVFVWV1hZWmNkZWZnaGlqc3R1dnd4eXqDhIWGh4iJipKTlJWWl5iZmqKjpKWm\np6ipqrKztLW2t7i5usLDxMXGx8jJytLT1NXW19jZ2uHi4+Tl5ufo6erx8vP09fb3+Pn6/8QAHwEA\nAwEBAQEBAQEBAQAAAAAAAAECAwQFBgcICQoL/8QAtREAAgECBAQDBAcFBAQAAQJ3AAECAxEEBSEx\nBhJBUQdhcRMiMoEIFEKRobHBCSMzUvAVYnLRChYkNOEl8RcYGRomJygpKjU2Nzg5OkNERUZHSElK\nU1RVVldYWVpjZGVmZ2hpanN0dXZ3eHl6goOEhYaHiImKkpOUlZaXmJmaoqOkpaanqKmqsrO0tba3\nuLm6wsPExcbHyMnK0tPU1dbX2Nna4uPk5ebn6Onq8vP09fb3+Pn6/9oADAMBAAIRAxEAPwDgB0NK\nKQe9OAwM0wEq4o4HHaqY61epMAFOA4pBTqQAKB3oA5p2KAExil70UDmgQDNLj0oApSKBgKUD1ox0\npR0oATFLinAUAc0AJ70m2n4ooAj20bakAwMUbeaBkRWmmMHIIzU+2jbQIpNaKenymoHtXXpz9K09\ngyaTbQBjlSDyMUlazQhvvAGq72QP3eD6UAUaKme3kTtn6VEQR1FMBKKKKACiiigAooooAKKKKACi\niigAooooAKKKKACiiigBKWigUAFFFFABRRRQAUUUUAFFFFABRRRQAUUUUAJRS0lABRRRQAUUUUAF\nFFFABRRRQAUUUUAFFFFABRRRQAUUUUAFFFFABRRRQAUUUUAFFFFABRRRQAUUUUAFFFFAC0UUopiF\nQZdfqKuiqkQzIKtgUmA4CnU3tTxSGGOfrQKXvRjigBBTu1AoHWgApwFFAoEFOApMYp1Awx3NLQBk\nUooAAKMUoFLigBuKUClpQKBiYoC0uKUCgBoWjbT8Uu0UARhaTZipcUhFICLZx0qKS2R+q/lVvGfp\nSFaAsZb2H9w/nVd7eROqnFbe3mmMntTuIwsUlbElqjjlce4qrJYEDKHPtTAo0VLJA8ZwVP5VHigB\nKKWkoAKKWigBKKKKACiiigAooooAKKKKACiiigApKWigAooooAKKKKACiiigAooooAKKKKAEoooo\nAKKKKACiiigAooooAKKKKACiiigAooooAKKKKACiiigAooooAKKKKACiiigAooooAKKKKACiiigB\naWgjBpKYiWAfvRVsCqtt/rPwq2OKTAXt0p1IKcKQB3pR7UDmloAKMc0DuKUUAKBRjrQOKUUDAdKd\nzQKUUAApaQcCnAUAHSilA5paBiUoHFKBQBQAUoFFLjmgAFKBSgUYpDDAzTGHPWpKbj5s0xDRkHH4\nU8DimZzIw9AM1LikMbikK4zmn4prjIx6nFAhmKCtLs/umjkdRTAYyZ4PSq8tmjg4GD7VcBBNLigD\nHk09gMoc1VeF0PzKRXQ+WKY0QPUA0XFY57FFa8tjG3IGDVOSxkXO3kU7gU6WnNGy5yDTcUAJRS0l\nABRRRQAUUUUAFFFFABRRRQAUUUUAFFFFABRRRQAUUUUAFFFFABSUtJQAUUUUAFFFFABRRRQAUUUU\nAFFFFABRRRQAUUUUAFFFFABRRRQAUUUUAFFFFABRRRQAUUUUAFFFFADicmijvTihAzVCJLYfMT7V\naHSq9r0arAz/AFqWA4U4UgpwHFIBRRQKWgAFKOtHSjP50AA96cKSnCgYAU4UgpaACnCkpRQAvWlo\nHSjFAxaMUtFAAKcBQBS0AAHFLQKWkAYxTcAE08etG0GgCugPnykjg4/lVjFIFC4Pan96GCExzTHH\nK+x/pUmKafvD86EMTFGKXFGKYhpQHqKbsI+6akxS4oERZI+8PypwINPxTTGDQMTbxxTClTICFIPU\nGjHNIZTeFWGGXNVZLFGPy8GtQqMUxloTFYw5LKROgyPaq5Ur1BromSoXt1f7yg07isYVJWnNp64J\nTj2qi0DqSMZpiIqKUgjqKKBiUUUUCCiiigYUUUUAFFFFABRRRQAUUUUAFFFFABSUtFABSUtFACUU\ntFACUUUUAFFFFABRRRQAUUUUAFFFFABRRRQAUUUUAFFFFABRRRQAUUUUAFFFFABRRRQA4dakZto2\niox15qRwCmQelUImtR8hPvVgVDbDEQ9zUwqGNC04dOKSlAoEKOTS45FA9qWgBaBQKUfrQAtKKSlx\nQMBThSDrSgdqAFHWlpKdQAUoFFLxjNAwpaSn44oABS0gpQKAF7UoHH6UClA496QwFLQaWgBDjgdq\nWkPUU6gQlNYfOPoafTT/AKwj2FCAMUYpRRimAmKXFLiigQg70Yp2KKABR1Pqf/rUYoQfLj0JH60t\nSUhhFIRUhFNxQAzbSbBUgHFLigCtNH+7bFZrRj7QHDgneAV/HFa8w/dn8P51nRpAb4YOJN7ZGfY1\ncdiWSSWkbjlBk96py6ceTGfwNbW3immMc0rjsc3JbyRnDKaixXSPCDniqktjG+flwfamIxcUVdls\nHXleaqtE6HDKRQAyiiigAooooAKKKKACiiigAooooAKKKKACiiigAooooAKSlooASiiigAooooAK\nKKKACiiigAooooAKKKKACiiigAooooAKKKKACiiigAooooAcBmpH+6Pao1ODkU5mLDmqEW4OIlqU\nDimRcRr9KkFQA4Uopop1ACinf/qpBTu1ACCnUg6UuKBgKdjtSClFAC4paO9AFAC0o60elFACjmlo\nHSnUDEFOpBxThQAUooFKKBigUopKcB2pAIKdjtR/+ulxSAafvD86XFKR82fajFABTcfOT7U+mjq3\n1/oKaEFHalopiAcmilooAKKWgDtQMF+4D68/nS4pI/8AVp/uinVIxuKQinUUANpcUuKXFAEM33AP\nU1RtvJkugyrhyCwPryRWhPwqn0aqGnrIJmR1+RPuv68AD+Rq1sS9zRxSFaeRSYqCivKwQgUwMrdK\ndcD5/oKzgtzGAThuO3WtVHQhsvFAajeBWHIzTIZWaMN0z1FTB+ORScbDuUZtPRuV+U1SlspI+g3f\nSt3g00pUgc2ylTggikrfltkkHKiqU2nj+An8aAM2ippLaSPqpxURBHWmAlFFFABRRRQAUUUUAFFF\nFABRRRQAUUUUAJRS0lABRRRQAUUUUAFFFFABRRRQAUUUUAFFFFABRRRQAUUUUAFFFFABRRRQA9Rm\nnMAAMUiLnNDKQQDVCL0Ywo+lPHSkHSlFQA5acBxSClHcUAKBSigClFACilpBSjpQMUUvekpR1oAX\nvS0n/wCulxxxQAtLQPalFACilpB1pwFAwH0pQP8AGjHFLQAuO1KBSdKcKQw96UDt+FFKKAFxQOlL\nR39qQCAfMaXFA6n1pRTAMU0Dk/Wn0xBwR7n+dCExcUYpcUUwCl7UYooAO9IxwhPoCaXtSMP3bfQ0\nCH4wMfhRS0VJQ3FGOtLRigAxRij3pwFAFa54C846nNVrFJIZtjPvRlyD6YP/ANerN6FKYY4Uq2fp\niqdtZvHcKySkqMbgfSrWxJqUlOpKgopzj94agyCSMjNWJzmRqony/O3K3zbsEZreK0MmShcDjing\ncUgp+OKGNDcUBiPelpMVNihDKAcEH607KsOOaTHFMKDqOD7Vg5WYxzID2qvJZxydVFS5dOmGHvUq\nncuaakBj3FiYxlTkVUaNl6it25X5B9arGMHqK1WwjJorRktEbpxVWa2aJSx5FICCiikoAWiiigAo\noooAKKKKACkpaSgAooooAKKKKACiiigAooooAKKKKACiiigAooooAKKKKACiiigAooooAkUkdKcv\nzSIPcCiPp75zSxqfPA75qiS6B6U4cCkFLjNQMUU8Dj6UgpVoAcKKB1paBi4paQUooAWlHFIOaWgB\nQKXpSU4c0AH9KcP/AK1JSjrQMUUopO+KcKAFHSlpB3p2KAF60DiilFIYopRSCnCgBaWkpe1IBB1N\nLQv9aWmIPemLyoPqM/nUlMT7i/ShAApaKWmIKMClpO9ABSHgfiB+tOApGGR+I/nQMfSUtFSMTFFL\niigBMUoopRQBUvWIVvl3YXkeo71HYSLNNLImdpCj8ef/AK1S3m4KxjALhRgH6/4UmnMXiO5NjBsE\nfgKvoSWxSU6kqCilL/rG+tUNqSSnIIJOQfWrz/fJ96qoh8xeQQv/ANf/ABroWxkyXHFPpop9JjQm\nKSlopDG0hFOxSGuWW5QwipYR8rD3/oKZU0Q/d59Sf8KcQRBdD5R9agC1Zuh938ahAreOwmN21W1A\nYtvqwq6BVTVOLYf7w/kaQGTRS44oIpgOMLgA44NMIx1rZ2DaOKhktkbORzU3AzKKtPZsBlTmq7Rs\nh+YEUwG0UUUAFJRRQAUUtJQAUUUUAFFFFABRRRQAUUUUAFFFFABRRRQAUUUUAFFFFABRRRQBKjAD\nBFSQHNwD9cVDU1oMy59BmqYi6B+lKKQU4VACiloxSjpTAUZzSikFOFIYDvSgUAUuKAFFLSetKKAF\npRSCnDg9KAAU4UlKKBgBTqQU4UAKBk06kFLQAtKBxSAUtIYoFKKF6UooELRR1paQxFHFOpF+6Kdi\ngQ1+I2+lHH4UOPkP0NKKaASloFFMQtJS0HpQAUn8a+hP9KWjGSvsf6GgB1GKWipKEoxS4pcUANAp\nQKKKAKN95h3CLG7I69qdpol8tzMoDM+eOnQD+lJeoXygbbvcKSPTBP8AQVNZArbqC24gkZ+hI/pV\nvYlbk9FLSHgZ9OagooHrmqdtgSkD0/kB/wDXq4xwpJ7CoIihkJQdRkmulGJKOtOpAOadUspCYpKX\nvRSGJim4p+KSuR7jGGp4x8h/3mH6mocc1Yj5QEfxc/nzTiNFa6PzKPSowKluv9YPpUaiuhbCYoql\nq3EKDsWq+BzVDWPuRfU/0pAZY6Gg/eozxinIN0yr6sBTA28cU0rUuKaRUDItvJpjRhhhhU5FIVoA\noS2qnoMGq0ls6dOa1StMK0xGOQR1FJV24QeYartH6VVhEVFKVIpKQwooooAKKKKACiiigAooooAK\nKKKACiiigAooooAKKKKACiiigB9WLT77fSq9WrMcP+H9ap7CLI608daaopyjFQAop1J2paACnCkF\nLQA6lHSkFLQMKdSUooAUUoopaBgOKXFHaloAUUo60DrSigBR0pwFIBxThQMBSgcUClFIAFO7Ugpw\n5oABS0CkP3T9KQCjhfoKXtSiigBr/d/EfzoFD9APcUtUhMKKKMUCCloFHagApB/rB/un+lOpAPnB\n9Af6UMB1LRS4qShMUvaiigBDRiloxxQBl6g6/daTYxb5T9P/ANdW7IKtuqq27HJPrnk1WvTCJE84\nAoxfk9un/wBep7COMRmSE/K6rgenFaPYlFqmv9xvpTzTJP8AVt9KzRTKL52NxnjpVWFwJSgTaWx/\nWrM5IjO04JIAJ+tRwnLMSOeo+h6V0oxJV+9TqRRzTqllIbRilNJikxgabTu9Ia4yhAMkCpoB+4j/\nAN0fyqIfKwb05qwi7I1X0AFXAEVLnmXHoKYKfcf6401a6FsJjhWdrJ/1S+mTWkBWVrP+vjH+x/U1\nIGdUlt/x8xf74/nUdTWgzdRD/aFMDdxxVdZT55Vh8pOFP55/lVqqi7TOAw+dWbH09f1FQMnxTcVJ\nim4oAYRTSKkxTSKAM+4/1re1QmprjmZ/rURFarYgjYVC3Wpz0qBvvUmNCUUUVIwooooAKKKKACii\nigAooooAKKKKACiiigAooooAKKKKAH1btB+7J9TVSr1oP3P41T2ETinCminAcVACilo/nSimMAac\nPSkA4pQKBCinCkFKKQxRSikx3paAFFKKQdaUUALThSdqXvQMUCnCminCgBRThSClFAxacKQU7Hak\nACloFKKACg9KKU9vrSAWlpMUtADH4K/X+lOx/hQ3UD8aO1NCCiilFMQmOopaKWmAmKE++/0H9aUU\nKPmY+wH86TGhwoFGKKkYUUtAoAKQ0vaigDHvJ40kWOVCykbicdOa0LOJYbdETpjOfWqFzG73ClQC\npT5h7qSQPxOK1Y1CKFHRRirkShe1Mm/1RqSo5v8AVGpW43sUZQChB74pkCeWm0ncakkXehX1qvbg\nqyZbPmLuP14/xroWxkWU607FIgpxqWUhuKb3p9JUvYYhpKU9aK5Chj/cb/dP8qtnnmq2Mgg9wR+l\nWjVwBFGf/Xt+H8qRRSycyt9aUCujoSKKyNZObpfZAP1NbArF1bm9I9gKnqMpY4z2qxpwzex/j/Kk\nUKcK31NP0z/j9T8f5U2JG3VAxMl0WjcEuSSD2FXzxVK08p52dC27B4P1qEUW6incxwu4GSo6VNTS\nMg0AVhcKN28bdgUn8ampklvHIGBGN2M49qkoAzJv9a31qM1JJzIx96hc4IHrW3Qgae9QN941PnOc\nVA33jUsaEoooqRhRRRQAUUUUAFFFFABRRRQAUUUUAFFFFABRRRQAUUUUASVftuIEP+epqgK0YBiF\nPpmnIRIP5U4U2nDpUgLilpBTqYCgcUopB/OlHWgYtKKSnfw0ALS0nc0ooAUUopBThSAXtQKKUUAK\nBThxSCnCgYAU8U0U4UgAU7NIKcKAClHSil70DAUp6j60CjHIpAKKXpQKPf8AGgBp++Pof6UtIfvE\neg/nS1Qg7UoFFH9KBCD/AOvSijFFMBaEP3v97+gooQct7n+lJjQtLijFFSMKKWigA60hHFLSOcKS\nOo5oA59PtBRriOXdgBmX8Mn+ddAvSsgwAXSpG+wEKJFHfj/CtdeRmrkSg7VFcZ2VMahuPuD60o7j\nexSlRnXCttINRQROrDechF2j9P8AClNwqTOknGCMfTAqVXVyQpBwAa3Mh6DrSmhO9LUlIbikpxFJ\nUy+FjENJ2p3SkIrkGIOCv+8P5irRFV1Xdx7r/MVYNXHYaKD/AOtf6mnL0pvVyfU04d66CR4FYWqn\n/iYPjtj+Vby1z2oHN9KfektxgqHztx6Y5qbTArX7kdApI/OokmAiBbknNS6N/wAfL/7n9RQ9hI2O\n9U7OPGWOOmOPTgf0q4xwpJ6AVUtPL3yeVnZgdfXn/wCtUIosGkIp3akxSGNpppx60hpiMtvvE1BM\neMVOe9RMoJya2II14WoT1NTgbRUB6mpY0JRRRUjCiiigAooooAKKKKACiiigAooooAKKKKACiiig\nAooooAkFacY+RR7Cswda1QAOBTYhRSik7U7tSAUUtIOlOoAUCl7UlKOtAxQKXvSDrTu2KQC9KBR3\npRTAUUopBThxSBBThxSClHvQMUU4CkFOHSgBRThTRThSGLSikFKKAFFLRS0gDFL3H0zR3pe9MAAo\nIz9DS0UgG/xn6f40opByzfXH6UtUIUUgpelFAB2opaBQIKI/u/if5mjvSoMLx0JJoY0LRRRUjAel\nLRR7UAJTZf8AVH8qfTJv9Uaa3EzKXyJdSBJKyow/HH/6q1YU2QohOSqgZrMR0kvxE0WGWQ7W9cZ5\n/StYdKqQkFQXHQCp8VBc9V/GlHcctinJHHJwyg02GBIixTvio2glDM6vyWPB+tSW7OysJBhlbH6C\ntjMnTpS0J0oNIaEpMUuKBUT+FjQhpDTj6U2uUYsfEqe5/oasYqCMfOvs39DU7cKfpWkdhoz1p601\naetdBI5a5y+/4/Zv98/zrpVrmLk7riQ+rH+dShkVaWiJmaVvRQPz/wD1VmVraGOJz/u/1pPYEaUh\nIjYgZwCcVWtclpGKbM4GP8/WrE+BC+TgYNQ2kpmjLHAJPA9qkompKdiobiZYULucCkA401/uE+1R\nwXMc4Ow5I6inyf6tvoaYjMNRtUhphrcgjaq/erDd6rVDGgoooqRhRRRQAUUUUAFFFFABRRRQAUUU\nUAFFFFABRRRQAUUUUATRjLgeprUFZsH+uT6itIcGnIQv0peopMYp2KQC0opBTqADtSikHeloGOpa\nQUtACgUtApe9ACiloFKKQCjrS0lLQMUdKd2pB6U4UAKKUUClpAApwoHNKKAFpRSUopDFFAHOKUUD\n7xoAUdaBR1pev86AGAfM31xS0idCfc/zp2P8KoQlLRxSigQUDpRRTASlj5jT/dFA45/GnIMIB6Cp\nY0FApcUd6QxMUUpooAKiuPufjUtMlXIUerAU1uJmXbzSSXsatGVwzMCe4wR/WtcdKytMFwXVpCrR\nldwPetWqkCCq9z98fSrFVrj74+lENxS2K7MAQCeTS4HPuarXJALf3xgj8Af6mrWOK2Mxy/doxSqO\nKKkobRilpO1Z1PhY0JRS0lcpQsX+sA9if5f41LIP3bfQ1HEP3qn2b/2WpZeIn+lbR2AoqKkXpUYq\nRRW7JHqK5STmRvrXVk7ULegzXJsckmpQxtbGhr+7mPuB/OsitvRB/or+7/0FKWwIt3LbYWIGScAD\n1JOKhtYlXLbdrj5Wx0qa54gY5xjB59jmm2+4xBnILN83FQUPrO1JTIGH9wZrSNUb5wsMpPcECmhM\ny7KUxXKHPBODWzNxE30rn66Cfi3b6VXURmmmGnmmGtSCN+hqtVl+hqtWbKQUUUUhhRRRQAUUUUAF\nFFFABRRRQAUUUUAFFFFABRRRQAUUUUAWrUZnXPStAVQsxmb6DNaApyEL2pRSClxzSQDhS0g4pRQM\nWl70g704UAKKUU0U6gBRxSikXpThQAopRSU4UgFFLSUooGKKcKQCnCgBRThTRTqQCilFIKdQMUUo\n9KSnUgChepPvmlAoXnJ96ADFL/8AqoH/ANeloAYvr6kmnUij5F+gpRzVCDFGOaMUYoEFLRRimA1x\n8jfSpe9Mb7pHqKkxUsaG4pe9FLSGJSYpcUvvQAlRTsV2n0Oamqte48psnACMc+nFOO4mVbGGWCZl\ndw0RXCj8RWlWPDa3K3EYEu6NSGOe3IP/ALLWzinIEJVWf/WH2q1VWb/WN+FOG4pGfOzCYsUyqkAE\nfhVmNt6BsYzUTq5mwMFSwY/hU/atmZIev3RQaBwtLUljTSUpoxWVT4RobSU6kI4rmGPg5Zh6Afr/\nAPqp1x/qWpsAxIx9VH8zTrn/AFJHuK3h0H0Ki1Io4pi1IorZkiTcW8pHZGP6Vyhrqro7bOY/7B/l\nXKmpQxK3dFH+hk+rmsKuh0hcaenuSf1pS2BD73mFQRlSwz/n60W3+p68AsB9MnFOvAxh2KoJY45/\nP+lLDjyUwNo28D0qChaxdUYmcx9utbZqjfW3mMsgHIGDTQmYiqWYKOpOK3rn/j3aqltZjzkkIwF5\nx6mrd0f3JquojPNMNPNMNakEUn3TVarEn3TVeokUgoooqRhRRRQAUUUUAFFFFABRRRQAUUUUAFFF\nFABRRRQAUUUUAXbEfvT/ALtXsVTsR98/QVcHFD3EOHSnCminUAKKKAM0ooGLSikApRQADpThSAcU\n4UAKKcKbinD+dAC4p3akHSikAuKcKTGKcKBiil6Ugpw96AFFOHemjrTwKQAKcBSClFAC0oFIKdQA\nDihRxj8KUetC9B9KQxaOg3HtzS47fhSOMow9RQAgG1QPQUuP8KX3oqhCUUtFAB2oApRRTEI3Qf7w\n/nT6Yew9SP8AGnipY0FLiiikMTtR60tFACVXu8bSGOAVIP48VZxVHVFVoGD/AHTtz9Nwqo7iZBp0\nEsdy5Mu+PYOT9TWpVLTYEhRjHIXViMZOcVfoluCG96py/wCsY+9XDVR/vt9acCZFJQTNu3clyCPY\nZ/wqzUEaqZVk5BbJH+fpVjFbMgfjikp1JUFje1JTjSYrOrsCExSU6kIrmKJIBnJ9MD+v9aS6/wBU\nPrS24x5g/wBof+giku/9WB71vDoHQrKKkWo1FSrWzJINR40+b/drmDXT6pxps30H8xXMGpQ2JXSa\nV/yD4vof5mubrqNPXbYwj/YBpS2BBdLKyjyiAwOeabaiQQhZFwV4+tTSSJH98460inKA46ioKENM\nNSEUw0ANqvef6n8askVVvf8AVge9VHcT2KBphp54FVtzZySea1Mwl+6ar1PN901BUS3KQUUUUhhR\nRRQAUUUUAFFFFABRRRQAUUUUAFFFFABRRRQAUUUUAaNiMKx96udqq2IHkn61aFD3EhRSjmkFOAxQ\nMBSikxThQAAetKKKUcUALSikpR1oAUU4CkFOApAApw96QU4UDFpRSCnCgBaUdaBSigBRThSUopAK\nBTqQU6gYU4UgpRSAXGaFHyikPCn2FOpgFDcKfy/OlpHHyj6g/rQgDFLRS0xCCiloFAgooxxS0wG9\nGT6/0NPxTerKPfNPqWNB3ooopDCilpMUAFUr940R/NPyYAI9avVkapMIrqMMhZAQx4zzgj/A1Udx\nMtaZHGlvmEko5Lc/l/SrmKq6eI2iZ4c+W7Er/I/qDVulLcENqk3LE1exVI1dMmRUjR/MVWHyx9G9\newqxigkZxnmlHWtWQiSkpaQ1BYlJSmisquwIbSdqdSGucomi5UsO5/kMf0qK7+6o96ltx+6I9Gb+\nZqK7/gH1rohuD2IQKkUUxalFaMkpay2NPb3YCubro9c4sAPVx/I1zlJAwrqrMf6HD/1zX+VcrXXQ\nrsgjX0UD9KUhoq3yRvGfMGQuOnbJxVgdBVe8R3kCowG8bWB9Oef1qzioKGHioWkAPFSynCcd6qmq\nihMmUhhkVWvvuqPepY2w2PWob7og+tNLUT2KL8KfpUMn8I96nYZ4NQ+Xg561qQRTfdqGpp+lQis3\nuUhKKKKQwooooAKKKKACiiigAooooAKKKKACiiigAooooAKKKKANa0GLdffP86nqK1GIE+lTCh7i\nFpRSfWnUAA6ClHSjtS0DDFOFJS0AKKUfzpPpS0AOpRSACnYpDCnCkFKKAFFOFIKcBQA4UtIKUUgH\nClFJThQMUUooHWlFACjmlFIBxS+1IAP3adSHn86d/wDrpgH/AOqkbsPU0tI3Vcev9KEAtFApaYhM\nUuKKWgAoopaYhqj96P8AdP8AMVJTV5bPoP5//qp1SykJ/wDrpaKKQBSUvbFFACVn38yxDe6Fl384\nHbBFaPbNZeoTSQyKEi8wMW3fhj/GqgJljTZo5rbMQ2qrMuPxNW6gsFVbZWVNm8lyv1qxSe4Ia3Ck\n+1UjxV1/uN9KoS7fLbccDHJq6ZMisVzK8meVdQPocf41bXrVSGHEgKSbkJyR9Ktr96tWQh1FLikq\nCxDRilxSVjV6DQmKSloAyQKwGTxj5M+pLfmc1Xu/vqParEHMEZ/2R/Kq93/rR/u10w3B7Ea1ItMT\nrUq1bJRl6+cW0S+rZ/SsGt3xF/qYPcn+lYVC2GA+9XYAcD6VyMQ3SovqwFdgBxUSGijeeV5i7mxJ\nlcc+9Weo4qleuiysJo8jK7Wx24/+vV1FCxhR0AxUgQT9hUDHAqef7w+lY8s0u5oyOFcZb2z/APqr\nSOwmXwcEUy+6r9Kf3qO9++v+7TW4uhTNMNSGozVklaeoqln7VFWb3KQlFFFIYUUUUAFFFFABRRRQ\nAUUUUAFFFFABRRRQAUUUUAFFFFAG1D/qU/3RUgpq8KB6U4UAOApaTtS/SgBRzSgUgFKKAFFOFNp1\nAAKcOtIKcKACnYpBTh0pDAU4Un0pwoAWnLTRThQA6lpKcKQCilFIKf2oGAp1IKUCkAvp+dKKSlH/\nANegAPpTxzTe4pwGKACkb7wHsTTsU1vvg+xpoGKKKUdKKYgpaMUuKAEo70tFAgT77D2H9ad/+umq\nPmY+wFPqWUhKKWigBKKWigBKy715VaOWFN5Utkexx/hWrWTOs8k6pAwXy1D/AO9knj/x39aqImaF\nuxeBGIwWUcenFS02LlATxxT8UnuCI5P9W30qmyhlIYAj0q7N/q2qlKpeNlBwT3rSmRIrRW6rO7Dj\na2Mf8BFWU61XgWVJCGYMvXPvVlBzWjJQ6kp1JUljaKWiueruhoaaVDiQE9AaDTJOI3I6hSf0rFbg\nWYVKwovcKBVa4OZz9KunkmqVx/r2/CumG43sNWpVFRrUq1bJRi+Im+aFfQE1i1seIv8Aj4iH+x/U\n1j0LYCayG68hH+2P511tcpp4zfwD/bFdZUSGihdea7uQqmKMjcO571ZByBUElwITKj/eJ+Uf3s9K\nsAYAHpUlFaf79Y5lR4rk5yWbIH5YNbE/Lke1Z81qokhMa4w3P+fwrVbEMfal2hXzBhqL3/W49qnA\n+YfWq97/AMfB+gprcOhVNMNSGo2qiSrcdRUVST/eFR1m9ykJRRRSGFFFFABRRRQAUUUUAFFFFABR\nRRQAUUUUAFFFFABRRRQBuinAZI9aQCnCkADinAUgpRTAUUtIPpS0AKKUCkpwoABThSCnUAKOtKKQ\ndKUetIYo6fSnCkFLQA4CnDpSU4dKAFFKKSnAUgFApwpKcOaBhSjigU4UgAdKUc0UuP8ACgAHUfnT\ns/40gHP6UuKADFJ/EfoKd2/Wm/xn6CmgFpRRS0xCClopaADtiigUYoEEfV/97P6Cn01OrH1NO61L\nKA0UUCgA7UYpaO1ACE4Bb05rKuIbh3Q27Bdy7HPfGT/ia1HxsYH0qGNR1FVElkwpaAOKKllIjnP7\ns++KqHpzVq4/1f41TnjMqbQxUg5yK2p7GcitbAqyEnPmpvP14/xq4nU1WgheMje2Qq7V+n+QKspV\nyJQtBpe1FSWNpKdSVzVtxobSEbkceqkfpTjQOGU/7S/zFZLcC1iqM3+ter9UJP8AXP8A7xrqhuDF\nUVItMWpFHNUxI5/xC2b1R/dQfzNZNaeu/wDIRYf7I/lWbQtgLmjru1KLPbJ/Q11BrmdFH/Eyj+h/\nlXT1EtykRNGjMGKgkdD6UGn00ipGVJv9Y1Qmppfvt9aiNarYgRfvj61Wu+bhvw/lVqP74qpc8zv9\naa3DoVz1qNqlNRtVElOf7/4VHT5/9ZTKze5SEooopDCiiigAooooAKKKKACiiigAooooAKKKKACi\niigAooooA3xS5pop1JAKKUUClpgLil7UgpaAFHvSikFOFAAKcKSnCkADmnUgpwoGKKcO1NApwoAX\npThSCnCkAo604U0U4UAKKeKaKcKBigUvakFO/wD1UgAU4UlOFACDrj0FOx/hSAc5p1ABTR95vrT6\naOrfWmhCj1oFLilpgJ2pRRQKACloFFAgj+59Cf5mnYpIx8v1JNLUlBRS4oxQAlHelooAZJxG30qC\nL0qeb/VH/PesJorsu89vP1lZdh7c4/pVx2JZvLyKXFNg3eTH5gw+0bh745p9QMhuPuD61RnmWEDd\n3q7cdFrOvPl8tyCQDz+YP9K3p7GctyZSGAI6GpEHBqOJSsSA8HaM/WpU6VTEgNJinGkqShtFLikr\nmq/ENCUoGfzX+YopYziRB6nH6E/0rOO4yzWcTmRj6mtLGazR1rqgDJFqRRTFFSrTYkcvrZ3anKfT\nA/Ss/FXdT51Gf/eNUzT6AaOgJuvyf7qE/wAq37klYGIODxj86xPDw/0yT/rn/UVtXRxGB6tWVQuB\nBFdALiQH61Z7VSf7h+lXu1ZU22XNWKUn3j9ajNPlzhtvXnFRrnYN3XHNdRiOj/1gqjcf66T6mr8Q\nzJVCY5kf6mhbgQtUbU+T7jc9qYaokpTf6w0ynS/6w02s3uWhKKKKQBRRRQAUUUUAFFFFABRRRQAU\nUUUAFFFFABRRRQAUUUUAbwp2M0CloQhaXrSD2pwoGApwpBS96AFFKOtApRQAoHr3paSlHNIBw60t\nJThQMUU6minAUAKBThSDpThQAoHFOFIKcKQCilAoA4paQxRThSClFACgUv8A+qgf/XpRQALyT9cU\n6kA5NOAoAKanQ59T/On01Rx7E00IMUtHb9aKYC4oxQBSn0oEJRS4ozjr9aACP/VJ/uj+VOpEGEUe\ngpakoKKWigBKKWigRHP/AKo/hWVAiNqrsk42qxLRg/xAEH/GtS4+4PrWHFPYyyksDBMQVy3HUEc/\nnWkdhM6ADiilPJJ9eaKzGV7n+GqFwJRIGjwQBypq/cffH0rKvQfPDBipC4/Rj/SuinsZSLMBZoEZ\nxhiOanQfLTSOaev3abBCUlOpKkoSkpaK5avxFIbTo1y8fs//ALKaSnwn96B/sk/y/wAaiO4E5OAT\n+NZyitCT/Vt9DVBa6oAyRalQVGoqZBk02JHIag2+/uG9XP8AOqpFT3BzNIT3Y/zqE1QjX8OJ++mf\n0UD9f/rVsXSloxtBOGzxWX4b+7cfVf61tVjNX0Li7GaeRj19avUrIrHJUHFI3ANRGPKXKVzPnAMT\ngnAIOTSDhR7UXJAhcsCR6U2N965HoK6DIlhHzn2FZr/eP1rTh4Yn2rNbqaI7gyGX7h98VG9SuMjF\nRv3qyShLzIabSv8AfP1pKxLQlFFFABRRRQAUUUUAFFFFABRRRQAUUUUAFFFFABRRRQAUUUUAdAKU\ndaQdaUUIBRTh1zSClWgBaUUlKKAHClpBS4oAXpTh7UgpR0oAWniminCkMUdacKaKcOtADhThSClF\nIBRTxTcU4UAKOtOApBThSGLiloFKP5UAKKUDigUtAAvSndKRelOFACdqag+RfoKfnAye3NNUYA9q\naELQBS0UwAUY/wAaWigQU2QfI30xT6aw+U+4oAk6mkpaKkoTFLRR2oASjpS0UARygHYp7sKyLF01\nBjFd2wEgTfnH3h6itS53EAKcNg4+tUdOjuDcLNOFH7ojjpyRgfkmf+BVotiTVooFFZjK1x9/8KoT\neS1xh/vDC/n/AJ/Wr0/+sNZ0vF5t25D/AP2P+BrphsZS3LeKev3abT16UMEJSdqdSYpFCYpDS0Vx\n1PiZSG0+EHzVP+y3/stNqW35Zh6Afr/+qlDcB83ET/SqK1duP9Q1U1rqhsJki1NHgEE9jUS06TiC\nQjsp/lQwRxjnLMfU1HTmPNNqhG/4cX9zM3qwH6VsGsvw6P8AQXP/AE0P8hWi5dT8q5FZS3LQuKa/\n3T9KRZlY4OQfQ0P9xqSAoTDMZ7cg8+xzUFspVDk5GePp2qW6AZFRvuswB96ZbrsDoDkK2B+VbEE6\nDCSH0Wsw9a1F/wBVL/u/0NZhojuDI2qKToamNQydDVCM9vvn60lB6misSxKKWkoAKKKKACiiigAo\noooAKKKKACiiigAooooAKKKKACiiigDfApwoFKPahCFApRQMUooGL1paQDmlHWgBRTh1ptKKAHCn\nCm04c/jSGKOtOFIKcKAFApw69KQU4UAKKcKaPSnj9KQCinAUgpwoGKKcOaQUo/8ArUgHClAxSDrT\nhyKAFxS0lL70AKvT8KWgDAFKKAGuP3bfSlpW4U/lRimhCUtFLTEFFFKKAEpG7H/aH8xTu1IwyMe4\n/nmmA+iiioGJ/wDqopRRQAdqSlo7UAVNQz9nk2HDCJyCOxxxTbPZ5hWNvlSJF2g5A5bFLqMiRRs0\nuSgXBx7nFV9G+xqji1bJc5bPX2H860WwjTopaSoGVZ/9aaoyTt5wj2EHcAGx2zzV2X77fWqxd1SS\nTGcMQB7Dj/69dEdjJ7ktPHQUwcipMcUMEJSU6m0igpDS9qDXHP4mMbUtuMSMfVB/Nqjqa3OQ3qDt\n/r/WlDcYXPELe+BVRatXf+qH1qqvWuuGwmSrRcEC0mJ7Rt/I0LUeokrp05HXZSYI440lLSVQjp/D\n6407Pq5rRNUtEGNLi98n9TV41i9y0MIB7VHL/q2qXtUU3+rNC3Azb4qLc7vUYx1zSWyhYBgk55JP\nc0y4uUS4VHBwOc9ulPtSGg3L0LMR9M1sQTHi2kPtWc1aL8Wkn+fSs5qIgyM1DJwDU7VBMflJqhGb\nS0lLWJYUlLSUAFFFFABRRRQAUUUUAFFFFABRRRQAUUUUAFFFFABRRRQB0NKKQfrThQgFFKP5Ugpw\noAWlApKWgBaUCkFOxQAopRSCnCkAopwpAKcKBiinCkFKBSAcKeKaKcKBiinCkFOpAKKcKQU4UAAH\nPFPFIKX60AKO9KRwaBS9qAFpRSUooAR/u/iP50oobsPU0CmhB0opaKYgooopgLTf40+p/kadRjJX\n1zn9DQAvSlooqBhSUtFABQaKKAKWosyROyJ5jBRhfXn/AAqHTUhuAtwsJidHIx05x/galv2mUMbd\nQ0gxgGm6VJJLHM0yFJPN+ZfT5VH9BWv2SepfoxRS1mUUpOXb6mqLzhFeIg+YcheOuTV1jzz3phVS\ndxAyO9dKMWLxnipKjHWpKTGhDSUtJSKCkpaSuKW7GJU1uMGUf7Q/9BFRVYhwU3ep/lx/SnDcZHd/\n6of71VlFWLz7qj3qBa6o7CZIp5xUGqnGl3B/2QP1FWFFU9cbGlye5A/WhgjlDSClNFMR1ukLjTIP\noT+ppdS842jLDwznaWz90dzUtgoWwgA/55r/ACqPUYHubbyYzt3N8x9uf64rLqWLZO0lnGzAg7cH\nNLP/AKv8adbBhbRhxhtoyKbcfcH1oW4MzbtkQqZAChBBGO/GP6063KtCDGML2FMvEDsMk/u13fr/\nAPWNLayM6NuABB6CtSCab5bN/c1nGtC5/wCPQe7VnmnEGMaq0/CN9Ksmq1x9xvpTewjOpaKKxLCk\npaSgAooooAKKKKACiiigAooooAKKKKACiiigAooooAKKKKAOhFOHWk7UooAcPalFIOtLigBwoApB\nTqAFH86UCkApwHWgBRThTQKcBSAUdKcBSCnAYNAxR7U4cmkFOHFIBw7UopAKeKBiinCkHSlFIBwp\nwpBSigBwpRSD/wCtTh/9agBRRiil9Pc0AKPelHFApaAGt1X6/wBKXFIfvD86WqQgopaKBAKKBRTA\nKQf6wf7p/mKdSAfOD7HP6UMB1FLSVIxaSiloASiiloAztSE5B+ysokDAnPcY5/pUumrL9n33ChZX\nYlgPbgfoBUF+WbeiybGZZCPc7SAPzIP4VZsGZrVdxyykoT6kEjP6Vo9iSzRRSNwpPtWZRm3MJmjA\nVyhByCP8+9VR9tjdVbDoWALDsM81aupxborFGbJxx24psN1FN9xhn0PWukyJh1p9NX71PpMaEptO\npKQw7UlLSdq4WMSp7YYjI9HYf+PGoO9WogPLBH8XzfnzVwGV7w/cH1qFalu/9Yo9qjWuqOxLJFqj\nr5A0w/74/rV9azfETYsY19Xz+hpPcZzNJ2paAMnFMR2tln7FAD/zzX+VSmiNdsar6DFBrEsaaguO\ngqwelV7jtTjuJ7GZeJudAH27vlPuKfbw+ShUncSetMuhGZsuQGwoXPbmpYWDqzDkZIH4cVsSLdcW\nqD/a/wAaoGr97xDHVBqI7AyM1Vuj+7arTVUu/wDVmm9hIo0UUViWFJS0lABRRRQAUUUUAFFFFABR\nRRQAUUUUAFFFFABRRRQAUUUUAdEKcKSlFACinCm04UAKKUUgpwFACilFIOKcKQCinAUgp1ACinCk\nFKKBjgKcKaKcKQDhTsU0U4UDHCnCkApwFIBRTh0pAKcKAFHFKKQU4UAKKO4oFKPvD86BCilopaBj\nD98fSlo/j+gpaokKKKWgBBS0UtMBKRfvt9B/WloX75P+yPz5oYDqKKKkYdKKKKACiiigDI1b7OQs\ndw5jLOSrgdCP/wBdaFnGsVuiJyqjr6+9Z99c20bKt0u4Nk9MgVd0yQS2EDAgkIqn64Ga0lsSi1TX\n+430NOpkvEbfSoW4ymR/LFQm2iMqyBAGU5z+FPnYrGCP76/+hAU+ugyBetPpqfep5pMpDaSnGkpD\nEoopK4Rgo+YD3qxbf8e0X+4P5VXBwc+lWo12RqvoAKuA0VbvmUf7tMSnXPMx+lIorrWxLJFFZPiX\n/j3g92b+la61i+Jm/wCPdfYn+VT1Gc/Tk++v1pKls033kKdmkA/WmJHbCkNOApDWJYwiq9x1H0qz\nVa4+8PpVR3E9jLu/s8swjkOGUdasRKqxqqcKOlVb5BJP5QTc7LwfT1NWYIvIhWPOdo61qSF9xHEP\nY/0qgavX/VB7VRNEdhMY3SqV5/qzV1qo3vCfjTlsCKdFFFYlhRRRQAlFFFABRRRQAUUUUAFFFFAB\nRRRQAUUUUAFFFFABRRRQB0dKKQUooEOFKKBSgUDFFOFIPelFACinCkA9KcKQwFOHFIBThzQA4ClF\nIOacKAFFOApBThSAUU6kHvThQMUcU8U0U4UgHD0pRSCnCgBaUUClFAC0o60lKOpoEOoopfWmAzHz\nn6CloHLN9aWmISlFFFMApaKKADFInV/97+gpaE6v6Z/oKGAtLRQKkYUUUUAHakpaQnAJ9KAMyXDO\n6NGHVITIc9+uB/46auWltHbRlYl2hjuI9/8AIqheJdNIFtgpEsflMT1Xk8/qa1h1JrSRKCmTf6o1\nJUU3+rNStxvYo3ADxlS23JHP05/pUdv5oJDsGTHBHrReoXEKDvIM/TBpYkEMpRfusMj8Ov8AMV09\nDIsJ1p1NTqadUMpARTaXtRUy2YxKSlpK4hiN9xv90/yq4BxVTGQV9VI/PirlaQ2Gijc/8fDfhSLS\nTf65/rTkrqWxJItYXiX/AF8A/wBgn9a3lFc94kbN6g/ux4/U1PUZjVZ07jULf/roP51Xq5pEfman\nAPRs/kM02JHXikp1NrEsQ1VuP9ZVo1Un++aqO4mZRecXZfhoy233Azj+dXjVSNY2uJNsmTvyVHtn\n+pq2R0FakkOo/wCsQf7P9TVE1d1A5mA9FqmacdhMiaqN790fWr7Vn3v8P1olsCKtFFFYlhRRRQAl\nFFFABRRRQAUUUUAFFFFABRRRQAUUUUAFFFFABRRRQB0YpQKBSj60AOHrTqQUoFAC04U2nCgBRThS\nCnCkMUU4Ug6U4CgBaUdaPpSigBRTh0pBThSAcKcKRaUCgY4c8U6mgU4dKQCinim04UAKKcKTrS4o\nAUdKB1NKKF7/AFoELRS0UwGjgt9aWkXkZ9z/ADp1UISiil6UAFFFLQAlEf3fxP8AM0tEY+X6kn9a\nGCFopaKkYlFLRQAlNk+430p1NkOI2+lNCMma3mF158M5BGMoemK116VjvbxyaqjpOVlBRmjz1Ax/\nQVsDpVSEhain+4PrUtRXB+UfWlHcb2KNyG2BkGWU5x60yBmlcyOm3A2gH9f6UXhfACnGFL/XGOP1\np8T7iw7DBH0NdPQxJk70tCdDS1DLQ00UtJUS+FjEpKcaQ1xjE9/Rl/mKuVVUZOPcfzBq1WsNhoz5\nOZn/AN405KYfvH61ItdXQklWuZ8Q/wDISI9FWunWuW15t2pyewA/So6jM2tDQv8AkKxfRv5Gs+tL\nw+m7U1P91Sf0x/Wm9hI6umkU6kIrEsYaqTf6w1cNU5f9YfrVw3EzJiVGukkQEMWIb3PJP9K0R98f\nWqNnNI8xWRAO4IH4/wBRV5OZF+taMkq33/Hw30FVWqzenNw34VWPSqjsJkT96zr37y/jWi9Zt798\nVMtgRXooorIsKKSigAooooAKKKKACiiigAooooAKKKKACiiigAooooAKKKKAOkWnCmr6U4UAOAwK\nWkFOFACinCmin4pDFApRSCnCgBwFOFNFOHWgBQKcOKRacKAFFOFNFPFIBRThSCnCkMVRThSCnCgB\nRThSClFADhSikFLQAtKKSlUcUxC0UUtADF6fjTqRPuj6UtUIKKKKACloopgJSx/6tP8AdFAPPNEY\nxGufSkwHUUUVIwooopgFRzf6tqkqOb/VmhbiZlwRxmYyAgXInIyepGSMf98/yrWHSsWKe1GrSPIj\nLKu7DEcEAHn8hW3VSBBUFx/DU9QXHVaIbilsVZFJkRgAcAj8/wD9VMttxUl12nhQPYVKXVW2k8+l\nLW/QzHp0ooXpRUFIQ0lLQKmfwsYlJS0lcYxU/wBYn+9/Q1aqvEMuvs2f0P8AjVhuFJ9q2hsMzV61\nMlRLUqV0sklSuT1jnU5/ZjXWpXH6k27ULg+sh/nULcZUrX8Nf8f0n/XPH6isitnwyubqVuwT+tN7\nCR0dIadTayLGmqUv32x61eNUJRuDDOM5qoEspW0LK24uD1Bx68D+lW4/9YKy4xNFcLHDJvXdlgew\nzWrD/rBVvYRRuv8Aj4f61XNT3H+vf/eNV5HC49zirWwiN6zLz/Wj6Vpt3rLvDmX8KmewIhooorIs\nKKKKAEooooAKKKKACiiigAooooAKKKKACiiigAooooAKKKKAOlFOFNFOFACjrThSDmnDmgBcU4U0\ndKcOlIBRThSCnCgBw6UopB+dOFAxVFOFIOlKKAHCnCkpwpAKKfTR1pwpDHClpBTqAHDmlFIKcKAF\npRSUo6UxC0L0+tHrSgcUAHel7UUkn3Gx6UAIo+UUtFFUIBS0UUAFFFFMBsnEb/Q1IaY/+rYHuDT6\nTAKKWkqRhRS0UAFRT/dH1qWopf4Qem6qjuJmPa3qSPFaXERE33G3L14INbdZGmTvcXAW5g2Som9W\n9R0/r+ta4pyBBUFx98fSrFVp/v8A4UQ3FLYoXnlfMWIDquRVmqlyjNNzFuXgZFWUYOu4dDXQ9jIl\nXpRQvQUGsy0JRRRUVPhY0IaSlpK5Bj4f9aPof6VO/wDq2+hqGEfvB7A/0qWbiJvpW0NhlFalWolq\nZBXSySVRXFXZzdSn/bP867ZMDk/WuHlOZGPqTUIZHW94YH/Hwf8Ad/rWFXQeGF/d3DY7gU3sJG3S\nGnGmmsixprPlYIjO3RRk1fbgGs65BMLADPTj8auBLK1l5flFlBBJOc9c1cgH7z8Kol8XgjCnl92e\n2NtX7f8A1h+lU9hIzZeZGPuazprlTMqkEbW5P51fbkmqtyivNEGGQc/yq+ggLBkypyKy7r/XGtTY\nsaBV4ArKuP8AXNUz2BEdFFFZFhRRRQAlFFFABRRRQAUUUUAFFFFABRRRQAUUUUAFFFFABRRRQB0o\np4popwoAVetOFNHWnCgBwpR0pAKcBSGKop4popw5oELThSCnCgYop4popwpAKKctNFPFADhThTRT\nhQMcKcKaKcOaQDhSikFOFACilFIKWmIOgpw4pp6U4UALSP8AdNKOaa/QfUfzpgLRQKKYgxRQKOlA\nBS0CjpTAa3GPdh/OpBTGHGPcfzp9SwCiiigYlLRRSAKr3YJTAbbkEZ9KsVm6wkcsSxSOVyHcYOMl\nR/8AXqo7iG6fBOJhLcEFthBI7kkf0UfnWlWbpds1rLNEZ2lUKpXd2yW/wrTpyBBVWb/WGrVVZf8A\nWNThuKWxnyGRbzIb5CwBU/gP61bqoxh+0sWba24dfb/Iq31HFbsyRIOgpDS9hR3rMsQ0lLR2rOr8\nI0JTadSVyjJLf/WN/uj+ZqS4/wBS1NgHzE/7IH6mluf9Sa6IdBlNalWo1qVa3ZI9+IXPopriG5Yk\n12s522sx9I2/lXFN1qUDGium8NrixkPrIf5CubArp/DoxYN7yH+QolsCNQ0w08001kURvwrfSs65\nLCFvL4c4A/E1oyn9230rOuQTAxDbSOQa0gJkMBcIqycvkgn1xVqLgOfQVRtFnL7psAKDgDvk5zV+\nP7kn0/xpvYSMphUbKCwY9R0qVhxUTVqSRSdKyJ/9c31rWk6GsiX/AFrfWs5lIaKKKKyKCiiigBKK\nKKACiiigAooooAKKKKACiiigAooooAKKKKACiiigDph0pwpFpw54oAUU4dKQUuKQxRThSCnCgBRT\nhSCnLQIcBTutIKUUDHUo5pKcKQCinCkWlHvQA4U4U0U8UDHUopBSjj8KQDhThSClFAC0opBThTEB\n6UtIad0pgFI3b60tI3Vfr/Q0IAoo6UUxBS0UUwEpaKKAE/iT6/0NPppGWX6/0NOqWAUUUUhhRRRQ\nAVR1IwiMtcfcUdfTPH9avVR1J1SGRnjMgAGUAznmqjuJkOkRRxo7JOZi+BknOAOg/WtOszS4baRU\nuLYMgDNlfcgD+ladEtwQVUk++31q3VG4DOHCHac8H8aqnuTIq482bEkY2MSFP0qyAFAUdAMVUtxN\n5kYfBQZIYfQ1creRmiSkNLSVmWJRRRWVX4RoSilpK5hktvzv9iP5UXf+q/GnQDG/6j+Qpl3/AKsD\n3rph0DoV1qVRUS1MvStmIjvzt0+c/wCwa4011+qnbpdx/ugfqK5CpQCrXWaGuNMj9yT+tcolddow\nxpkOfQ/zNEtgRbNIadTWrMoil/1bVm3SLIEV/ulueevB/rWjMf3ZrLv2VYNpViWPAXrVx2JZFahx\nIcyB0KnHtg4rQgXKv78VUtoI4yWQk7gMD0FX4BhD9actgRjyLsYg9QahbvWrc2nmtuUgNVGa2kTO\nRkeoq1JMVilL901jvy7fWtiUEA1jN941ExoSiiisxhRRRQMSiiigAooooAKKKKACiiigAooooAKK\nKKACiiigAooooA6cdKcOKaBmnjpQAo60opAOKcBQA4UopBThSGKKd2pBSigQ+nCminCgY6lHFIKc\nOlACinU0U4UgHDmnCminCgY4U4U0Uo60gHCnCminUAKKcKQUopiA9RTqb3p1ABSH7w/OnUw/eH0p\noBRRRS0xBQKKKYBQKKKAEH+sH+6f5in00ffH0P8ASnVLADRRRSGFFFFMAqhqEssSl4YjI2QNvtV+\ns/UHmRS1ugdwwyPbB/8ArVUdxMXSn82GSXYUMkhJU9iAB/Sr1VdOdpbZZJI/LdiSV9Ocf0q1SluC\nCqZ7mrhqhK2yJ29ATV0yZFW1JMpHSNQdg9QT1q2OtRHasg7FVA/M4/pUw6itWQh9JS0lQUJS0UVj\nV2GhKBRRXOMng5Q/U1Hd9FHvUkAwh/3m/maiu/4K6obh0IVqZKiWpVrRiKmtsRpkmO5ArkzXU6+d\nuln3cD+dcoOaSBki12enLtsIB/sA1xq12tj/AMeUP+4v8qJbAiUimGpDTD1rMor3A+T8azrpvKKS\nkZVcgj6//qrRuOEA96oXM6Q4DqSD3xwK0jsSyGwO/kD5VRVz6kZz/OtOH/Vn61UgkjkXMWNoOMDt\nVuLiMUS2BAajapWqJqzLMzUoh5RcdRXLHqa66/8A+Pd/oa5GnckKKKKQBRRRQMSiiigBaSlpKACi\niigAooooAKKKKACiiigAooooAKKKKAOnFPFNXmnCgB2KUUgp1IBacKQUooGOH86cOvFNFPFAhRTh\nSCnAelAxe1OApvWnUgHCnCminCgBRThSD+dKKBjhThTR0FOFIBRThSCnCgBaWkpRTEH8VOpo606m\nAtNP3/oKUUn8Z+g/rQgCl6UCimIBRRRTAKKKKAEX/WN9B/WpKYo+cn2H9afUsYlFLRQAlFFLQAlZ\neoLNK6RwS+XJuZ8+oHH9RWpWZfWrXJUxyGKVGJVh+v8ASqgJluyEq2yCcgyfxY6danqG0DC3jDvv\nfaCWHf3qak9wQjfdP0qhcc28o/2D/Kr7/cb6VTOM4rSmTIpidJpDtPzEoMH2bNXF60wxJ5gfaNw7\n1Iv3q0ZCHUlOpKgsbS9qKKxrdAQlApaF6j61zjLEXMan1qC6++o9qmh4hT/dFQ3X+sH0rqhuD2I1\nqVajSpFrRiRl+JDixQer1zC9a6PxMf8ARoB6sf5Vz6rSQMkUHHFdxAuyFFHZQK4mMfMv1ruox8o+\nlEgQhFMapSKibmsyitcdBVcqD1GRVi4/hqjPLKGKRR5JGdx6CtY7EsdBGI1YdyxJq3F/qxVG1VlV\nt7bm3cmr8Y/dj6UpbAhkxZYnKjLBSR9aowXyTyJGvzMY9zEdB7VduZVhgeRhkKM49aydHRovOSVQ\nsjEOfoazKJdROLaT/dNclXVaocWkn+6a5WgAooooAKKKKACiiigAooooASiiigAooooAKKKKACii\nigAooooAKKKKAOpFOFNFOFADhS0g6UozSAcKdTRThQMUdKeKb3xTxQAo4pwpopy0AKtOFIBzThQA\n4UopBSikA4U4U0U4UDFFOH86QU4d6QCinCminCmIWlFIKUUAKOppaQdTS0wFpg5Zvrin01Rgt9aE\nIWiiiqAKKKKACjrS0lACx/xf739BTqag5Y+p/pTqljCiiigAooooASsm6tjdyqqTtFJGNwwfU/8A\n1q1jWNfWwmkVo5zDOqcYPUc//Xq4CZa0WGWGwQTvuYgEey4AAq/UFnG8NrHHK251UBj71PUsBknE\nbVmXcUzMkkDhWUEYPfOP8K0pv9Wazbi9jt5hG+egJOOnX/CtKexEtyOCa5adI5YsDJJYdOh/+tV1\nfvVFFNHMMxuGqVOtWyR/akNFBqSxKKO9FYVt0NB2oBxz6Unahvut/un+VYrcC2gwgHoKq3P+u/Cr\nY6VTn/1zV1Q3BgtPFMWpBVsSMPxKeLdfqaxQMCtnxGf30A/2c/rWRiiOwMltE33Ea4zlgP1ru4Uz\niuK0xf8ATYf98fzr0nSbVWQyOOOgpSBGZIhXqKruK6O7s1aMso5Fc/MpViCKzKKNx1Aqo88ay+WW\nAOOc1cn+9+FZl7GskmwJmRl4Pp71rHYhliJcKec5JOfxq4g+QfSqdrD5MCx5zjvV8DCge1KQ0QuA\nRggEe9QNGokMgHzEYzVhx1qJqzKMnWDizk+lcxXS60cWcnvj+dc1QAUUUUAFFFFABSUUUALRRRQA\nlFLSUAFFFFABRRRQAUUUUAFFFFABRRRQB1QpRSCnUALThSUopDHCnf1popwoAcKcKaKcKAHClFIK\ncOKAFFOFNpwoAcKcKaKdQAopwpopwpDHDinCminCgBwpRTRThQIcKWkFLQAi9TTqRelLTAUU1f6m\nnU0d/rQgFoooFUIKKKKAAUUUtABH938T/OnU1Pu/Uk06pGFFFFABRRRQA1zhT9Kxbm3tby7Kyvsm\nRQq4bBx1/qa2pP8AVt9KyLgWNxqEcEw/frggjjHcDNXATNcc80tIOlLUMZHP/q/xqoyKSSwByMf5\n/OrU/wBwfWqVw7oFZF3YPIramtDOW4yO1jiuPMjUL8pBA78j/CrKd6r203noW24IJGDVhO9UyUOp\nKWkpFid6KKK5q240FA7+/FJ3pQM/mP51lHcC3VKX/XN9au1UdCZGYetdUAYLT6aAaeOlWxHP+ITm\n9jHon9azlGava8f+Jn9EFUk5YCnETL+kwlr2ADrvBr1G1j8q3RPQc1554fXOpQj1JH6V6QKmY4gR\nkYrm9Ui2XLe9dJWJrK/v/wAKhFGBP9+syeaaN3fy9yZ2g961ZxmQiqJL+YYNny7t272zmtVsQSQn\nfErYxkZwe1X2FUlPNXTzUSGitKcY9ziojyD7HFPuhuCqDhieDSKuyPbnPHWpKMPXuLU+5Fc5XReI\nD/ow/wB4f1rnaQBRRRQAUUUUAFJS0lAC0lLRSAKSiimAUUUUAFFFFABRRRQAUUUUAFFFFAHVCnCm\nrThQA4U4cU0dacKQxwpwpopwoAUU8cU0U4UAKKcKQdKUc0AOpwpopw96AFFOpoFOHFADhThTRThS\nGOHelFIKUUAOFLSCloEOFLSUtAwXpTqav3RTqYgNMT7o+lP6CmrwBTQC0UUUxBRRS0AJS96KTOOf\nTmgBYv8AVKf9kU6kQYUD0FLUjCiiigAooooAiunKW0rgFiqEgevtWJFqENzOkbwmO4aZCu5fQj+g\nNbk3+rNZCX0Md15M8REglOxivHU4I/CrjsJmyOlLQOlLUDIbj7o+tZ14xGwCTYxzj3rQuP4az7ny\nvMXzsbdpwTW9MyluOtt20hsY45Hc96sJ0NV7OIRwLjPzAMc/SrKdKqQkLSUtJUFiUUUVzVfiGhKc\nn3h9R/OkpU++n+9/Q1nHcC1VEMd5IPU1erPWuuAMsI5I5p4wahSpVpsSOY1xs6rJ7BR+lVkXG1ve\npdW51Sf2NQq2F96pCZ0fhgqdRhB5YNmvQq828LvjUNx/hXP6ivSRyKie44hWJrBzcY9q26wtRO+d\niKlFGLP/AK01lTzzW7yM2GXd+PStWcYkasyMpPcvJu3Y6D04rVGZaTkg+tXM9R6VTX76/WrWetRI\npFe78wAGIrkckN3qKJ5HjJkTawOMU3U3RVTecBsqfxK/0zUseRboG67RnNSUYHiI/uox/tVgVueI\nz/qh7msOgAooopAFFFFABSUtFABQKSlpAFJS0lMAooooAKKKKACiiigAooooAKKKKAOrHFOpo6U4\nUAOFOFNpRSGOFOFIKcKAFHSnCkFKKAHAc04U0U7pQAo604c02nUAOFOHWmilFIY4U4U0U4dfrQA4\nU4U0U4UAKKcKQUooAUUUCg9DQIVegp1JS0wEf7jfSjrQ/wB00U0AUtJRTELSUtFABTJP9W30NPpr\nfdIPfj86AJKKKKkYtJRRQAUUUUARzfcA9TWTa3Bub1EmtSAGLI+OOM4rWm6L9azdMa5jlFrNENsa\nYWUdDjirWxJqjpS0CioKK9x1AqpLtZnWRQVVQ3P4/wCFWrj74+lZ9xOkcrK3BYL+Wa6IbGUtyypB\nyPQ4qRfu1BCwZSynILGp1+7QwQUUtJSKEFLSCiuSr8Q0FOi++v1z+hplPh/1i/Q1MdwLDHCsfaqC\n9qvSf6p/901RTtXXAGV4ZZVvWBO5JG49hz/hWmtUEtgt2kobjnj8z/Wr6U2JHJ6mc6jOf9s1XqS9\nIN3MR/fNQUAbvhr/AI/X9l/rXolhOJoAM/Mowa888Mj95M3oAP511EUzRgspwQOtRLcEb11MIYie\n56ViMdxJPehrhpVG5txHXFNBpDKFyoyT6Vi26qLjKjGQf6f1zW1cnAY+nNZq3MEhG0gN0wa1RI9P\n9YPrVg1BHzIKnNRLcpFPURIVV1VGRPmYEVK5+SqepFmlWFJ9hdfunvVmQ4TFSM53xC2XiH1rGrU1\n45uEHtWXSAKKKKACiiigAooooAKKKKQBSUtJQAUUUUwCiiigAooooAKKKKACiiigDrFpwpopwoGK\nKdSDrSigQ4U4U0U4UhjhThTR704UAOWnU0U4UAKKcKaKcOtACinCminCgY6lFIKUUgHCnUgpRQA6\nlpopRQA4UHpQKDQIcKWkFKKYDX6D6j+dLQ3YepopoQUCilpgFHaikoAWmt2+o/nTqT0Hqf8A69AD\n6KKWpGJRRRQAUUUUAQXTiNN7dFBY/gKqaetzDMyXMnmGQb1x2x1H6ird0gddjfdYEGqunRXSsWun\nDbRtTHp3P8qtbEmjRRRUFFaf7+faq7Iki/MoIqa4GWYD0xWbm+txghZkHpwa3jsZPcuRosaBVGAO\n1TL90VBCzPCrOMMwyR6VOvSmwQUhoNFIoSiiiuSp8TGJUsP3x7A/0qKpYOHP0qYbgSznEL/SqUfU\nGrdwf3D/AOe9UwSEYjrg4rrhsJlayt5Y7skyF0weD2zWqlZWnFTPuSQsCgBX0xgf41pk4jY+gNOQ\nI46c5nkP+0ah706Q5dj702gDofDP3Z/+A/1red9kTsRkBTxWJ4aXFtK3q2K2ZQxiYJ97HFQ9xoZa\nqpO9Q6YONpq2rCq0ErvExkTYwOMetOQkg0gIZmzmsue3R543AX5Tkn+VXbt9sLnOO2fSs7yjBMm1\n2ZX4IJ74z/StUSW4f9YKmJqKHr+FSE1nLcpGbqCCW8iAiLMADu9Bk/1IqxJ92oZnl+1l1YeXGyoV\n9c45/UVNKeDSGcvrhzdgei1nVf1k5vj7CqFIAooooAKKKKACiiigAopKWgAooopAJS0lLTASiiig\nAooooAKKKKACiiigDrF6070popw6UDHCnCm04UCFFOFNFPFIYopwpBSjigBwp3Wm06gBwpaQU6gY\nopRSAUopAOFOFNFOFADhSikFKKAFpwpBS0AKKPSig9RTEOpaQUtADW6j60tIfvAe2aWmgFopKUUx\nBRQKKACkI+ZPr/Q0tAPzgfU/5/OgB1FLSVIwooooAKWkpaAIZcFgCecU5BTJf9Z+FOjOQCDkGr6E\nklFFFQUU7pxGJHPRQSfwqrFewS8BwD6GrUwDFgeQaoyQ21wzLsG7BII474rojsZMt1IO1RINqKD2\nGKmFJghDTTS0lBQDpRRRXHP4mMKlg+8T/sj+ZqGpoOrfhRDcBbn/AFLe+Kz7i4+zRb9u454FX7v/\nAFQ+tZ10rGMbRnAbI9eK64bCYzSWgZpTEhVuCwNachxbyH0Qn9Kz9OkjmkkkiQqNoB46nmrl222y\nnP8AsH+VEtxI45jzTf4qCaQHmgDqfDY/0J/98/yFassgijLtnA64rM8PLjTgf7zE1q9evNQ9ykVo\nbhZGCo+c7yR6cjFWF4Q0wwxo29EAY8EinNxEaQyjdsghcv8AdxzWdDC+9Xebei8qPer16qtbSBuR\ntJ/Ss20hP2gyx5EWMAE9T61qiDTh7/SnnpTYuM041nLcpGSuntFcApOxjDgsp7mrkvSoS0xvfLAB\njDb949MdPzqWboaQzlNW/wCP5/w/lVOrWpnN9J7YH6VVpAFFFFABRRRQAUUUUAJS0lLQAUUUUgCi\nikpgFFLSUAFFFFABRRRQAUUUUAdYtPFNHvThQAop3rTR706gY6nDikHSlpAOHSnCminCgBwpRSU4\nUAAp3SkFKKAHClFIOtOFAxRThSCnCkAopaQUooAcKUUgpRQIUUdxQKP4qYDhRQKWgBp++PpS0n8Z\n9gKWmAUtJS0xBRRRQAGkH+sH0P8ASlNC43/Qfz//AFUmA+koopDEIzS0UUAApaSloApXkiIQZG2p\nvXJ9Oc/0qPRlCWnlh96oQAf+Ag/zJqHVbuCN2gnjZ43A3kDgelWtL8j7FH9l/wBVzjPXrz+tX0EX\nKKKKgZUb7xPvVCEkzqm05j4J7Ywf8avHvVSDzkl2S4ORkEV0x2MWWR1qSmDrTqljQhpKWkoKCkpa\nK4ZbsYnSp4Bjf7kfyFQGrEH3D9aqG4DLs/u1+tZl7LNHGvkgE9T/ACrSvOij3rPuY3Zd8Z+ZV4Hr\nyD/SuuGwmP0uR3jffGEZWxgVPqJ26bcH/YqLTjI6PJKmxnboPpinau23S5/cAfrRLcSORNIvWg0L\nQM6/Qh/xLI/x/nVq6jMgBMxiQdTnGag0UY0yH3BP61PdeXtTzhlN3Ofoaze4xsLOAY2beF5D+oqd\n+I2+lVYBGJpFhYGPjgdAatSn92aOoGVqLutudgyScH6YOf5VHauZI1JTYRwR6VJfK7xBUYDnkn06\nU23VlyG65J/WtSS1H3ps+fJcA4JXAPoTSxfxfWnEZ61lLcpGRb2fk3KSJK2PMcFCc8DOKtzHg1Bb\nLG95LLhgxJCgnjHBz+Oamn+6aBnI35zezf7xqCprs5u5T/tmoaQgooooGFFFFABSUtFACUUUUALR\nSUtIAooooAKSlpKYBRRRQAUUUUAFFFFAHWjp9KcMUgpRQA4U4dKaKcKBiinCkpR60AOFOHNNFOFI\nBwpwptOFACilFAooAUU8daaKUUDHCnj+dMFOFIBwpaQUooAcKWkFKKAFHWlHU0lA6mgQ6lpBS0wG\n/wAR9gKUU1Ty31p3WmIKUUlHWmAtFFFAB1pF++30H9aWhOSx98fpSYDqKKKQwooooAKWkooAyLyU\nW1zLLNGGgaRTkDOPlx/T9auaZtNmjIu1GLMoPoWJFVNTuJYCpjhEqHeXHoBj/GtG3bfAjgbQyg49\nKt7CJaD0NFI/CMfaoGUnOEbJxx19Kq2yv5pZpRIoXAq1L/qmwMnHT1qjAU80DY0bFgcdjiupbGLL\n46inU1fvCn1DGhtJS0hoKCiiiuBjEqxAMIf94/zqvViH/Vg+vNaUwIbw8p+NVLmJp7cojlDkEEVZ\nuz+8Ue1VbpJngAgba4YHNdcdhMWwWaMqkj7wAcn3zx+lLrhxpb+5Ap2nCUW487HmEknH1qLxA2NM\nx6uP61L3BHKmlWmmnLTA7bTRt0+Af7Ap13LHEgEqFkbg4GcUWIxZQf8AXMfyp008UKjzWChuBms+\npRFaGAqfs+NoPOPWp5j+7NQ2saJvZCCJGLZFSXBxH+NC3EzMvU8144yxUHJ69+P8ahsZJHZxIQcg\nOv0Of8KdqJiKIJHKEnjFFnb+TvJYtu6ew9K2ILsXQ/WnHrTYPuE+ppzHAzWMtzRbGfbQ7pEnVjsC\nbQpH6/pT7j7hpn2llkihEZYYAd/Qnt/n1p9wcqaAONmO6Zz6sTTKVzl2PvSUhBRRRQMKKKKAEoop\naAEooooAKWkpaACiikpALRSUtMBKKKKACiiigAooooA61acBkUgpwoAcKUUgFOFIYopwpopwpgOF\nKKQdKUUgHCnCminf1oGOBpR700U4UAKKUUgpwpAKKcKaOacKAHClFIKcKAFFKKQc0ooAcKQdTSik\nHemIdRRRQA0dW+tOpqdPxP8AOnCmAUtJRQAtFFFMQYoUYL/X+gooTlc+5/nSYx1FFFIYUUUUAFFF\nB6UCMy7jnkkjMRXZ828Hv0P9Kv2yNHbxoxyyoAT6kCsu+tTLIJUuTFIiZxngjJrWjztGeuK0kJDq\nST7jfSnUyU/uzULcbKUqloyoOCe9Q26srMshDFcYNPutvkNvYqOORTLQBVb955mTwa6VsYlhfvU+\nmL1p9QykNNJS0lIYtNpxpK4RiL94VYg/1CfSq46g1ajGI1HtWlMEVLv/AFy/7tVbyaWGNGiXdz8w\n9qs3X+v/AApFrrjsJkGnXRupHO0rtUAj3yah8SHFlGPV60IowsjMABkCszxMf9HgH+0al7gjmz1p\n69aZ3pyfeFMDvYQBEgHYCq908UcyvOBsK4BIzg1ZXpVa8bAZdgkJUBUPc5P9KyKDTyhhJiz5e47f\npmpLn7gHvTbNt1upKBD0K+hHBouegqluJmXeAMZAwBKxEqfT/PFOtJlmR2Q5AOP0FR310beVFKFk\nZSSQKlt3ikgLQgBc9vWtSS3D/qxSyLuRlzjIxmkg/wBWKbcAtBKo6lGA+uKxe5aKduqNAohkDqHy\nzep/zii7O2JvpUbKkF9HFGGG/BIA4GA3/wBal1A4t5D/ALJoA5A9TRRRSEFFFFAwooooASlFJRQA\ntJS0lABRRRQAUUUtACUUUtABSUtJQAUUUUAFFFFAHXLThTVpwoAcKdTKeKQxRThSDpS0AO604U0d\naWgB1L60lKKAHDgUopvSnjigBRThTRTgKQxwpRSCloAcKUUgpRQIcKUd6QUooGKKF6UUL92mA6ii\nigBF6D35paan3B9KdTEFHeilpgFFJS0CChPun3J/nRRH/q1/3RSYx1FLSUhhRRRQAUjcIfYU6mv/\nAKtvpQhGLqNtBcF3Mu2eNMABvxAx+NbY6mufvfsB1Ei43xyqVO8dDwK3o3WSMOjAqwyCO9aTEh9R\nzf6s1JUU/wBz8aiO4PYrMoYYYZFRJAkbZQYoud4VWjwSDnB7022leUN5ibSDiui2hkWE60tInelq\nWUhKKKKT2GJRRSGuEY1vut9DVxfuj6VU6g/Q1cHStYbAijcf8fDfh/KlSmznM7mnJXUthEq1i+J2\n4gX6mttKwfFJHmwD/ZJ/Wp6gYI61NbLvuY19XA/WoRVnT+b+D/roP50wO5FUt0Ru3eRtsifLgnt6\n1cqC5tIbggyoCR3rIodbY8hWB3bstn1yc0y6PSplUIgVRgDgAVXuOo+lVHcTMy+WVpIlix8wZST2\nHFTRQpBCEQYHf3qvPbm5uXPmspTAUA+2anidjAu/7wJU/gcVoSXI+Ih9KjuXZYWKEBjwufXpUsf+\nrX6VnausDQp58xjwTtI/CsupY+0DgOkrb2jbG4+mAf61X1M4tJf90/yqXTUKwyEzCbc+dw+gqDVz\nizl+lAHK0UUUhBRRRQMKKKSgApRSUooAKDRRQAlFFFABRRRQAUtFFABSUtFACUUUUAFFFFAHXCnU\n0U4UAKKdSD2pe/0pDHCnCminDrQA4UopBTqAFFKKSlFADhSiminUAOFOFNFL1oGPHWlFNFOFIBRT\nhTRThQA4UopKUUAL2pR0pD0NKOBTAWkY4U+wpaR/uH6UAHQfSlFIKBTELS0gpaACiiimIBx+FKgw\nij0FMf8A1bfQ1JSY0FFFFIYUUtFABTJeIzT6ZN/qzTW4mZJuIZrw2s9ucE7VZhwa1oY1iiWNBhVG\nAKyUumkvhbSW7D94dsnUYGTn9K2B0qpCQtRT/dH1qWobjoKUdwlsZ18VAQM5Qk8EUtqSVPzhwAOf\nzouWRHRpBlcEdM88f4UWkSxwgqMbgDXR0MSzH0NKaROhpTUFoSkpaSpl8LGBpKWkriGGcfp/OrlU\nwM8e4/nVutYbAjPk5mf/AHjVd5il2AfTge2D/hU7HMrn3NU7hyt6oCltyY47c119CTTgJI5OSDWB\n4nbN5GPRP61u2i7Yh7nNc94kP/Exx/sCo6jMgVc0td2o24H98VTFaGhDOrQexP8AI0wOyqnJ58d6\njb8xSHbtPbg/4VcrM2JJq3y3DExnc0Z6dMcfnWRRpVVufvD6Vaqpcff/AAqo7iexlXKlrvEE+yXH\nzD2qykflxqmSSOpPc1WaJZGbBwzyFWYdcf5AqeFi0EZJ52itCS+v3APaqN+sbEmZMoAvJ7fNz/IV\nfH3RVPUSwtsLj5jjn6E/0rEsZZrEIWMAAjZiRj8v6VS1o4spPoP51oQFTDhAFUEqAPY4rM1xsWb+\n+B+tAHN0UUUAFFFFABSUtJQAUtJS0AFFFFACUUtJQAUUUUALSUUtACUtJRQAUUtJQAUUUUAdcKcK\naOKdQA4U4U0U4UhjqUU0U6gBwpwpopwoAWlpBS0AKKcKaKcOtAxw9acKaKUUAOFOFNFOFIBwpRSC\nlFADhThTRSigBT0pRSHp9aWmAtI3T8RS0jf1oEFHeiimAtLSUo6UwCiiigQ1vukevFSVG3QfUfzp\n+KTGhaKKKQwpaSloAKjm5UD1NSVHMeF+tOO4mZ1lNcPdBpVUQSgmLHUdx+lao6VlWAuPPEMiAQwZ\nCN3bsP0rVFOQkFQXHap6r3H3h9KIbhLYqSMuXDDIVd38/wDCnBgSwH8JwarXUqxvIGB+dAAccd/8\namgYP5jqcgtwfwFdFtDIsJ0oNCfdoNQUhKKDSVE/hYwNJSmkNcYxU++v1q3VWMfOv+9/Q1a6DNaw\n2GZgOWJ96qTF2mmCHBRc59sf/XNW1pTAj7zjBddpIrrIJbI7rWMnuormvELZ1N/YAfpXUW8YiiWM\ndFGBXJ66c6pN7ECo6jKFaOgDOrRewP8AKs0Vr+Glzqef7qE/ypsDrKoxNE93tUfvUd2PHbP/ANcV\neNZ9uJ1uGd1jZXGVdep571kUXqqT/wCsNW6pz/6xqqG4mZrXsCyvG4KfMQSe/vU8ODEmBj5Rx6VT\nkkMsis8AMG7hvb1q+v3hj1rQkudqrXhVYssu4c/+gmrPaqeopM9ufIwXGRg9wRisSxtqEW0Ty1Kr\njODWVrx/0XH+0K14hi3QZBO0ZI6Vja+f3Cj/AG/8aAMGiiigAooooAKSlpKAClFJSigAooooAKSl\npKACiiigApaSigBaKSloAKSlooASiiigDrhThTRThzQA4dadTR0pR1pDHCnCmjrTqAHClFIOlOoA\nXtSikHIpRQAopwpBSigBRTxzTKeKBjhSikHelFIBwpRSU6gBRSikpaAFPb60tJ6UtMBaa3VfrTqa\nfvD86EAtAoopiFoFFIh3KG9RTAdSUtJQIO4Hqf8A6/8ASn1GeGT/AHv6GpKTGgoFFFIYUtFFAB2q\nC7YJGWJwFBJP0qeq14qvGyPwpRgx9sc047iZQtLO6tZCFuTIpwAG7DcM/pmtisjT7e5ivAWuPNgC\nHGeeta9OQkFV7j7/AOFWKrT8yEU4bilsY63MkUax3NuxwMbhzmrdo6PBujGFJOB+NTZV8gENQqhR\nhRgelbGZIv3aKUfdFIagoQ0UUCoqfCxoSkpaQ1yDHxf6wVO5wjfSoIf9Yv0P9Knk/wBW30NbQ2GZ\ny1MtRBWT7y8eoqSNgehzXSyCdK43WDu1S4Of4zXZJXEagd1/Of8AbNStxletrwv/AMf8n/XM/wAx\nWLW74VXN1M3ogH60PYEdNWVaxTJeKI5xLAu4Ef3far13cJbQNI5IHTj1qrpxty7fZiCCilsevNZo\nov1Sl/1jfWrtUJjhnPpk1cBMy3naKJrQxMzYKq2OD6VfjHzqPpVaHzY95lbcSAw9s54q3GMyL9at\n7Elo9KpaiHKoI5xC2TjPerp6VnakttJJCt0QFw23PHPFYlkkCGK1iRjkqgBPrWHr5+VB71vkAJgd\nAMVz2vn/AFY9zQBj0UUUAFFFFACUUUUALRSUUALRRRQAUUUUAJRRRQAUUUUAFFFFAC0UUUAJRRRQ\nB146UopBSjrQA4U4U0U4Uhjh0pRSClFADhThTRSigBw6Uo4pBSigBw/lSikFOFACjilFIKcKBjhS\nimjmnCkA4U4U0UooAcKUUgpRQAvcUtN/ip1MBaafvj6GlpP4/oKEIWlpKBTAUUKAoAHQCiimAtFJ\nS0AJn51HsT/n86fTB/rAfY/0p9SwCiigUhi0UUUwCqWpkfZpAxwpXaT6AnBP61dqrdhHDrLjyyuG\nz6VUdxMqaNGsTzpG7NEdrLk5xyw/UAH8a1apaa1u8bG15RSFz64UD+WKu0S3EgqhqDEQzspwwQ4P\n4VfqpMAzODyDwacNxSMZLUQsJYpWG2YKVz1GcVq1nxrbS6gSrsHQ/c7ZHGa0K1IJB0pDS9qSpKEN\nAoorOr8IISkpaK5Rj4fv/QGpJ+IX+lMg++f90fzNOuf+Pd/w/nW8OgypG5HepNqv1GD6ioUqZa6G\nQOVZE5Vtw9DXD3TbrmUnqWNd4DtUn0FcDMcyufc1KGMrofCg+a5P+7/WudFdJ4UX5LhvdRQ9gRuX\nOBBIzKGCqWwfYVWsViE0/lxCMggHHcf5zVqcBoXUnG5SM/Wq2nxTRrJ9ox5hY9PTr/U1mUW6z5Bu\n3DpnIrQrOkYqrFRuIBwPWrgSyncW8jPGVlwq7QwP8WDVuH/WrWfIlxMUkmxGFdSEX6jrWjD/AK0V\nb2EiyelUrwRyeakiK4SPeAfx/wAKums3Uo0kkj3syDIVtv8AEDng/l+tYllhvu1zevN+9jX0BrpJ\nOlcxrpzcqP8AZ/rQBm0UUUAFFFFACUUtJQAUUUUAKKKSloAKKKKADtSU6kNACUUUUAFFFLQAlLSU\ntACUUUUAdeKWkApw6UAOFKKaKcODSGOFKKSlFAxwpwpopwoEKKcKbSigB3enU3uaWgY4UtIKcKQC\ninCminCgB1KKQUooAcKWkFKKAFH3voKWmj7x+lOpgLTf4z9BS00clvrihCHUCg0CmAtFFFMBaSlp\nKABeXb2A/r/hT6Yo+cn2H9afUsAoFFFIYtFFFABWfqdu13BLCrbScY/DmtCs/ULr7IPN8tpPnCkL\n1Awef0q4biZJpjh7RcR+WVO1lxjBFXKq6fMtzbidF2q7HA+hx/SrVKW4IKqP94/WrdUyeTVwJkZi\nXEE19EI1IlDNnI7YNaFZkPnxyFyqSgD5WHWtStTMk7U2nHpTTUFiGjtQaKyrfCCENIaWkrlGTQD5\nifYf1ouj+4b3xRbn73sR/Kku/wDU/iK6YdBlQHarNjOAT+lR6ddfaY/mGHA+YfiR/SnOCYXAOCVI\nB/Co7GN1u7hmUBSfl98kn+tdDIL8nEEh9FP8q4Jjlia7u4bbZzH0jP8AKuDPeoQxBXU+FhiylPrJ\n/SuWrq/C4/4lzn1kP8hQ9gRqXYY277MbgMjPtzUVnI0wklKMiu3yhuuMAVNcRiWF4y5TcMbh2qKy\nVkhMbyCTYxAb1rMonY8Gs6Z1jQu2cDritB/un6Vnv9xs88VcCWVoriO6jUq43cEr3Bq3b/6z8Kyb\nO2WSdblVMaKMKP73HU1rW/8ArD9Kt7CW5YNZl8ZDeRRhNysykH0xnP8AOtM1l3JMd6Sc5dlRfp8p\n/wAaxLLMh+U1zGtn/SwPRf6munk6GuV1c5vm9gKAKNFFFABRRRQAlFFFABRRS0AJSikooAWlFJS0\nAFIaWkoASiiigAooooAWiiigApKWkoA68UopBSigBwpwpopwpDHClFNAp4oAUUopKWgBRThSUooG\nOFKKaKcKAHCnCmCnCkA4U4U2nCgBRThTRThQAop1NFKKAFHenU0d6dTAKavVvrTqanQ/U/zoQhaU\nUlLTAWikpaYhaSlooGInJf6/0FOpqD7x9T/SnVIwpRSUooAKWkpaQBWfdzeUxAQuxDNj6D/EitCs\nnUjMvly28fmMr4K9yMg/+yiriSy/aOslujoNqsM49KnqG0Vkt0D434y2PU8mpqT3GgPeqL8Ix5PH\narr8KfpVGXPlvt+9g4+tXTIkZFukDSgwSPHgjKt356VsDqKyEkme5SOW3AYlTuHsc5/StcfeFaEj\n6SnU01JQlFFFZVtkCEpKU0lcwya3HDn1I/kKbef6of71SQfdP1NRXp+VB710w3QdCnKhe3kQNgsM\nZ9KZpazRiSOZtxU8H2p1ygktJFL7AR9705pukxPFC5eTzNzZVvbFbvYks6gdum3B/wBg1w5rttWO\nNKuf9zFcQahDCuw8Nrt0pT/eYmuPrs/D/wDyCYfx/maUtgRY1Awi1b7QxWM4BIpun+UtsEhl8wDJ\nznJ5NWmUMCGAINRQ20MDs0SBC3XFR0KHSH5G+lZl4XW1lMf3tprTm/1bfSs64P7iQD7zKQB6nBq4\nEsp2l2Xk8h4jG4XOPatG3+8x9qpW1v5eZJDumbqfT2FXbbq1VLYSJzUTgE5I+lPkdY0Z2OFUZJqP\nerjKsCMdqxLIZehrlNVOb+T8P5V1c3Q1yOpHN9L9R/KmBWooooAKKKKAEooooAWlptOzQAEU2nCk\nNAAKWkFLQAGkoNFABSU6mmgAooooAWikpaACkpaSgDrxTgaaOlOHWgBwpaQU7pSGKPSnCm0o6UAO\nFLSCloAUU4U3NKKBjqcKaKd2oAcKUU0GnCkA4U6milFADhThTRSigBw6UopBSigBV6UtIvSlpgLT\nV6fjTqRSCoIoQgpaKKYBSigUUAHelpKKYBGfk/E/zp1NT7v1OadUjClFJS0AFKKSlpAFY12z/a4y\nsmwJjAPQltw/mBWweAayL5LaVkglk2SyY2EdeDkVcSWads5kt43YYLICR9RU1RxqFQKOgGKfUsaG\nyf6tvpWfcsVgcqQGOACexJxWhL/qzVGaMSxPGejDFa09iJFayWSN5IpW3soBDHuDn/Cra/eFVrOF\noQ/mSGSQkZJ/SrK/eq2SSU2l7UhqShKKTvS1jW6DQlJS0lc4FiDhD/vH+dQ3vWMfWpof9WPfJ/Wo\nLw/Oo9BXVDcHsUroK0G1zhGcK30qWwiWGNokOUVvl9hjOKr6i8aWTebu2sQMjt3/AKVNpZj+yIIn\n38Zye/NbPYkNcbbpE3vgfrXGHrXYeITjSH92ArjzUIYV22hrt0i391z+tcTXd6WNumW3/XNf5Upb\nDRZpKpapLOvkw2xCySscMewAzUti05th9px5mTnFRYZJP/qmrNunWNUdjwrZ/Q1oz/6s1n3ESSqv\nmdFYEfWtIbEsrWwnWQmZt3mDdj+6fStC2/iqvty+8HI24FWbb7p+tOWwluR6icWM3GcrjHuaytNk\na2ZYZGzxg/WtPVQp06fccDaTn3rGtGhMEQCEuB19awlsdNJJt3NaY8GuRvTm8l/3q6xyfJ59K5G6\nObuU/wC2aoxZFRRRQAUUUUAJRRRQAUUUUAFKelJSjpQAlOzxSUUAFAopaAAUhpaKAG0UppKAClpK\nKAFpKWkoA6+nCminCgBwpwpop1AxRS0gpRSAcKOmaSnCgBRSrSClFAxwpRSClFADhTlNNFOFADhS\niminCkA4UopKWgB1LSCl7UAKvQfSlpB0FLQAE4BNIvAAob7jfSlqkIUGikpaAFpabS0ALRRQTgEm\nmAkf+rX6CnUAYAA6AUVIwpRRRQAUtFFADX/1bfSsK6ktXnuopnUTqF8vPUfKCMfia3JOI2+lY1yl\nnc34tpoiZGH38d8dM/SrjsSzajYMu5SCD3FOqG0gW2t0hQkqg4zU1QxjJv8AVmqF1G8sBSN9jZGD\nV6f7n41WNaw2M5blSxjkjSQTOHcvkkfQf4VbXrWfYxmN45AxPnx73B9eP8TWgvWrYh1NNOPSm1JQ\nlFFFYVug0FA+8PrSUo6g1gBYg/1KfQVWu/8AXD/d/qatRDESD2FVLs/v/oBXVDcHsU7ySOKJPOH7\ntmwfan6asJBeAgryox6ZJqHUpoYooxOm9HJGMdMYqzpsMUNsvkj5X+b862exPUr+JWxpYHq4/rXJ\nGup8UHFjEPV/6VyxqENh3rvNP/5B9tx/yzX+VcEOTXoUC7LeNemFA/SlIaMrxJK0MEDR5Dhzhh24\nq1o8zz6bHJIcsc8/jRq9v9qtUi3BcyLk+1TWYiFpGIBiPHFT0GOuP9X+NUZiMKD3Yfzq7cfc/Gs+\neSNWVZHCt1WrjsSxlt/x6x/7g/lV22+4frVZV2qFHQDFWrfiL8aJ7CjuQamqNYy78Yxxk9+1UNLa\nBLePH+sIGeK0ru2S6i8uTO3OTjvUcVrFbptjXAFZmsWlcjn+4a46Y5nkP+0a7C4+6RXGscux96CR\nKKKKACiikoAKKKKACiiigApRSUtABSUtJQAopaQUtABRRRQAlJTjTaACiiigAooooA68detOFNHW\nnUAOpR0pBSjpQMcKUUg6ClFIB1LTad2oAWlFIKUUDHClFIKUUAOFOFNFOoAUU4U0U4UgFFOFNFOF\nADhQfumgUHpQA8UUCimAjfdP5UtI/wB38R/OlpoQUtIKWgBaKBRTAKbJ/q2+hp1I3T6kCgB9FFFS\nMWiiigAopaSgBk3+qNZQmjMxtmx9oFwCAOpG4Nn/AL54rWkxt56VWSGH7R5ihTLkgt3AqovQllte\nlLSDilqRkVx9wfWs+8ge4jCpI0ZBzlav3HQVXraGxnLcpWUE8TkTOHVFCocdv8iryd6aaclUxIca\naaU0hqShO9FFFc9bcaEoJwpPoDRSH7rfQ1itwLi/dH0qjc83Dfh/Kr/aqFx/x8N+H8q66e4PYo6h\nuJiURh1cMDnt0P8ASr1iu20hBGMKOKpX16LN490RdSucjsc1oW3+ojz12j+VaPYlGT4qOLe3X/aP\n9K5k10Xis/8AHuPrXOVKGKn3x9a9DX7g+leexLumRf7zAfrXoYGABSkNGVrZvh5ZtYvMjBDMB1yD\nn+lWtNVl0+AONrbBkHsat0lQMgufuj61mXkME3yzFQQMg9wK0rnotY+pRQSMplyDwoYds5/wrWOx\nL3LFvn7PHuOTtGauwf6oVVVQqBR0AxVuHiIUp7AhWqNqkNRt0rMop3RxGx9q409TXXag222kPopr\nkaACiiigApKWkoAKKKKACiiigAoope1ABSUUUAKKUUlAoAWiiigApKWkoASilNJQAUUUUAdeKcBT\nc04GgBw+tOFMFOFIaHUopopwoAUUo6UlLQMUCnCminCgBRTqbThQA4UtIKcKAFFKKQUopAOFOFNF\nOFACilNIKX0oAcKWkFLQAjdVHqaWkbqv1/pS1SEApaQUtMApaQUtABSN0H1H86Wk/iUep/pQA+ii\nipGFLRRSAKKKBQBHNyoHqaydPv1vLpEe3eORSWBPQ8Ef1rVmOCv1zWZpN2ZJBbSwNHJEnUjg4wOK\n0itCTYFFA6UVAyOZd2PaoChHWpJzhh9KgWR2ZueAcVrHYh7gacnQ04MpJDDmnBFx8pqriQ2m08qa\nYaQxKKWkrmrfENCUf/qopR/UfzFZrcC3WdLzO/1rRrOk/wBc/wDvGuqnuDK15OIhzHuUFc/Q5z/K\ntGPoKx9Q+0LcIsKb0lXafY8jP61sRjAArR7Eo5/xWf39uP8AYP8AOufNbnils3sQ9E/rWHUrYZPY\nLuv7cHvIv8676uD00Z1G2A/56L/Ou8qZDQUlLSGpGV7nqKxNRkCSGN1J3j5MdzgjH5mtq6+8PpWV\nPII5pA4DElfL+p4/pWsdiXuWh90fSppZfJtNw64wKhpuocW0Q9aGrtAimLqVTkOalXUc8Ov4iqZq\nNu9U4piTHapdiS3ZUzjFc/WneH9y30rMrKSsUgoooqRhSUtJQAUUUUAFFFFABTh0ptOHSgBDSUpp\nKAFoopKAHCikFLQAUUUUAJSUtBFACUUUUAdcKcKatOFAIcOtOpopwpDFFOFNApwoAWlopaACnU38\nacKBi04U0dKUUAOFOFNFOHWgBwpRSClHFIBwpwpop1AC0vcUlKPvCgB1KKQUtADT98D2P9KUUh++\nPpS1QhaWkooAWikpaYBQRll+v9DRQPvgex/pQA+iiioGFFFLQAlLSdqWgCteOIozIQSEVnIHfAzV\nXTJ7iR5EuogjgBlI6EGjWRdNGq2m3JBDBu4PFJpU9zPJL9qg8pkCgeh65/kK1XwkmoKKKKzGV7j7\n/wCFV4v4/wDeqec/vKrxyKmVY4Oa3jsZvce3+sb8P5U9CcVGcF3I7n+lSL90UAtxwc0u5SORTKQ0\nhj9o7U0qaQUociuap8Q0MpU+8o9SKfuU9RQqgspU9Dms47jLFZpOXY+5rSFZY+YEHuCK66YmVLiO\nR71biOb93Gyrt9jjP8610rn1sJoLmNUnJVnUspPUA/8A1q6BBVyJRy3iY/8AEyx6IKx61fEjZ1Z/\nZVH6Vk1K2GXtFXfq1sPRs/kDXc1xXh7/AJDEP0b+RrtO1TIaCkNRW+396VctmQ5z2PpUtQMq3P3/\nAMKxby3nN6J4ZELAfKhrZuP9YfpWS0IMxuQx8wS7SM8YzjFbR2IZaiZ2iUygB8cgUmpHCxL6CpKi\n1P7yfSn1QdDOkYKMscDpUbGku1DW75OMDNV7Qs6tKx5Y/wAqrqIZeH9y1ZtaF6f3RrPrKe5SFooo\nqCgpKKKACiiigAooooAUdaWkFLQAlJS0CgBKKWkoAWlpKUUAFFFFACUtJS0AIaSnU2gDrhTxTFpw\noAcOKcBTRThSGKKd700dacOaAHUCkFKKAFFKKQU4UDFpwpopwoAUU4U0U4UAOFLSClFADhThTRTh\nSAUUo+9SUo6mgB1LTRS0AJ/y0P0H9aWkH3iaWqEKKKQUtABS0gpaYBQPvj6UUL/rD9B/WkwHUtJR\nUjFooFFABS0lFAFPURKYz5ODIAGUHvhs4/Sq2lXk9xcyJPCYyiD6Zyf8/hU+otKInFvjzvlC56dc\nn9M0aW1w8LG6jCSBscdxgc1p0J6l+igUVAyrMf3pqIqD1FSS/wCsb60yt1sZMaBgYHSpVHyiozUg\n6U2CA0hpaSkUJRRR3rjqfExoSnxffUe/9DTDTof9av0P9KmO4yyeATVJXjbquKuSHETH2NZydq64\nITK93pZnlaeOYiZTlB2GO1acW7apbqQM1jvqD2dxJAyM7O26Mgdc/wD162IciNQewAqpX6iRx+vH\nOrTc+n8qzTXS3x024u5Y512SqxBcd8f5/SqUugsy7rS4SUehODUqSHYj8OLu1eP2Vj+ldlXL+HrS\na31RhPEyYjOMj3FdQOtTIaIoM7GJTZljx689akqhpyXJIlln8yJ13BSPuk1fNSBTn/1jVmeQzXXm\nCQiHfnZ6sOK0pz+8aseaC4EqS28pKM+dp7dea3WxBo1BqZ/eqOwWpxyw+tV9TP8ApA9loXxB0M25\njMsYQHAzz7ioIIzGHUjChvl+lWjUbd6sRRvj+7/GqFXr4/KPrVGsZ7loWiiioGJRRRQAUUUUAFFF\nFACiloFFACUCg0UAFFL2pKAEpRSUtAC0lKKSgApaSloAKQ0tJQB1op4pgpwpAhwpaSlFAxwpwpo6\nU4UDFFKOtIKWgQtOptOHSgYopRSCnUAKKcKbThQAtOFN704UgHClFIKWgBwoHU0ChepoAcKWkHFL\nQA1erfX+gp1NXv7mnVQgooooAWlpKKYC0L99j7AUURnl/Zv6CkwHUtJS1IwopKWgApaSlpgZ2pRz\nSIfs7BZUYMuRwcDp+tS6c1w9vm6VVkBIwvTFQX8bzgwRyGJnOSw64H/18VZ04ubVBIcupKMfUgkZ\n/SrexJaoopKgZUf7zfWm0rdTTa6EZMKkqOpKTGhKSlpKBh2ooFJXFP4mMSpIR+8B9j/So6lt/vn/\nAHaIbjJZv9TJ/ums9KvXBxA/0qildcNhMk8pHZWZQSOlWE6VCtTx9qJCRw2ptv1G4b1kP86hiuZo\nTmNytLdnN3MfVyf1qGiwHUeH9RnvJ5I5iDtTINb1cx4TXM9w3ooH610rE4O3r2qGrFIrWtq1tM+2\nZmjI+VD/AA81arLjkvvtIjuIgVYqPMXsAc1p0gKcv+sb61jWpkecgy7Y0bCKeNwJOK23Csx5wazZ\n7ESeWUO8KmAVPfjFapklpfvr9aqaif8ASm9gKuIpEi5HeqWoH/Sn/D+VNbi6FM1E1StUbVYjOvjw\nPrVOrd91WqtYS3LQUlLRUjEooooAKKKKACiiigBwooHSgUAJS0lFAC0hpe1FADaWiigAFFJSigBa\nKKKACkpaKAOsFOFNWnCgBwpRSDpSikMcKUUgpaAHDrS0lKKAF604U3pS0DHCnU0UvegBwpwpopaA\nHCnCmCnCkA4U4U3NOFADqF7/AFpBSp0oAcKWkopgInT8T/OnU1Pug+vNLTELRRR3oAWgUgpaYC0J\n0J9TRRH90/U/zpMEOoooqRi0UUUAFFFFAGZfpOwElrt89HJGehB6irdjE0VsqOcvyzH1JOT+ppVU\nEkg5qZa0exI6kPSlprfdP0qBlOkpTSV0GQdxUlRjqKkpMaEpDS0hpDCkpaSuKXxMYlS2/wDrG/3R\n/M1FU1v1Y+wH+fzpw3GLdf8AHu/4fzqmtW7v/UH6iqiV1w2ExWuI4XRHOC5wOKtpWJesDfRkfMFA\n4B7gk/4VrRyeZaebjG5N2PTiiQkcHMcyuf8AaNRmnucsfrTKYHR+ER/x8/8AAf610TMFUsxwAMk1\ngeEl/cXDerAfpW3dkC0l3fdKEH6VnLcpDo5Y5RujdWHqDTjWdaWdst48tucbSB8jfL09K0TSAz5X\nC7mY4A71UtblHmZYVOz7xfsTUt5CJ1VXPyA5bmoLINFvgccp91h3FbEF9JCzAEVWuY4JZXy21881\nND/rRWfdk/aZf940ktR30EktJFGVww9qpyKV4YYqwJpE6MaVrsMMSoDVaiMO+++KrVb1IoZhsGBi\nqlYy3KQUlLSUhhRRRQAUUUUAFFFFADh0oHSkHSndqAG0tJS0AFFFFABSUtIaAEpRSUtAC0UUUAFF\nFAoA6xacKaKcKQIcKUHFNBpwoGKKcKSlFAC06miloAcKUelIKUUDHClFIOtKDQA4UvaminCkAopw\npvanCgBRThTRThQA4Uq9KTtSp0FADhR2opGOEY+1AAn3B9KdTRwKWqELRRRQAUtIKWmAooj+4Pfm\ngdaI/wDVr9BSYIdRRRUjClpKBQAtHQUUj8KfpTArR1ZTpWLqF9PZOWWAvEY/vA9CM9vxFa1rJ51u\nku0rvGcHqKuRKJqa5+RvpTqZL/qzULcbKhpKWkroMgHLCpCaYv3qeaTGhKSlpKQwoopK4nuMSp7f\n+P6j+QqCrEA+Vj6n+lOG4xl6f3I/3hWdczeTCSPvHgVoXp/dqP8AarI1DJaIfX+ld1FXIm7ENlFK\n7sItowMnd71suvlWDqP4IiP0qGxi8qHn7zcmpb5tthOR/wA8z/Kio7vQUL21OEPWm0ppKko6rwoM\nWMp9ZP6Cte6k8q2kfZv4wF9c8YrL8KjGmMfWQ/yFad5u+zOUG4rhseuCD/Ss3uUiDSlCWuzy/LdW\nIdff/OKtt0NQWbGRHlZNnmNkD2wB/Spn+6fpS6gZ06s0Tqp+YjiqNtcXDXhjnh2nZ94dOpq9cI0k\nLqjbWI4PpVS2FxGxWd1c5AyPTB61sQXoP9Z+FZdwczOfVjWpb/6z8KyZTlz9aI7h0I26VC9SnpUT\n9DViMu7/ANb+FQ1Ldf641FXO9y0FFFFIYlFFFABRRRQAUUUUALTu1J2pe1ADaWk70tABRRRQAUhp\naD0oAbRRRQAopaQUtABRRRQB1a08U0U4UAOFKOtNFOpDHClpBSigBR0pRSdKUUAOFKKaKcKBiinC\nminCgBRThTRThSAWlFJ9KUUAOFKKQUooAd0Bpy9KYehp4oAdSPzGw9qKR/u/iP50IB1AooqhBS0l\nGeQKAFpRSUopgDHCk+1PHAxUb/cb6VJSYIKKKSpGLQKKKYC02T/Vt9KWmS/6s0LcTMi4u/Iu5bZ0\n8z7QF8pevX5T/LNbSjiseSwMl8t2GJlWVMA9AgwCPyJNbC9KuQkLTJv9UafUc5/d/jUx3G9it3pK\nKDW5kCfeqSmJ1p9JjQlJQaKQwpDS0lcIxKsQf6s/7x/nVerMH+r/AOBH+Zq6YyC9PCD3NVjGkmN6\ng4ORntVi+6x/j/SokrrhsSyZBxUOqnGlXJ/2KmWq2tNt0i49wB+tSxo4k0lKaSqEdl4aXbpCH+8z\nH9au3q+ZCIg5TzGC5B5/zxVXw8CNHgz7/wAzVm/RHtm3yCLBBDnse1ZPcpCWIZbcIzbijFM+uDip\nn+430qGwC/ZEKOXDZJY/xE9TUkv+rb6UdQMy+aRbWQxZ344x+tRWUaJDuVy+/wCYsT1NTXMwgQOx\nwu7BPpUNoYcyiEgqWzwfatiC7b/eY+grHfqa14uFk+lY79TTjuwewxqhfpUpqGToaoRl3JzM1R0+\nf/WtTK53uWgpKWkpDCiiigAooooAKKKWgAFOpq06gQlLSd6KBhRRRQAUHpRQelACUUlLQAlOFNpR\nQAtFFFAHWDrTsc01TThSAcKUU0U4UDHClpvQU6gBaWkFLQAop1MFOoGOFOFNFKKQDqdTRS0AKKcK\naKcKAHClFNFOFACnpT6Z2p4oAUUj9PxFKKRuq/WhAOooFFUIBRRRQAopaavPNOpgIx4/ED9afTG6\nD/eH86eKTGgooopALRSUtIApk3+qNPqOb7gHqRTW4mZUIc6gWEx+WRsrn7wLMuPwCCtlelYlnDbP\nqC3izEvIcbM8A4P/ANf862x0qpCQtRXH3B9alqG4PApR3B7FeiikrczHJ1NOpsfennrSY0NpKWik\n9hhSUUVwFCd6swn90p9Rmq6/eH1qxB/qI/8AdFaUwK18cMpIOAOuOlRRsD0NTXMjJONp/h/xpn7u\nTl0GfUcGuuOxLJVqj4hbbpEnuwFWxG6f6t9w9H/xrN8RSt/Zm14yp3jnqD1qeozlDSUppKoR3Ohj\nbpFuP9nP60av5YtN0j7Srbl4zkjtipNLGNMtv+ua/wAqTUo43tt7yCMxncrE96y6lIfaP5lrG+zZ\nuUHb6U6b/VNSWsjTWsUjgBnQMcDFJOf3ZFC3Azb2aKGHM67kY4IxmoLGK3UvLBwsh6duKsz8sidi\nTn3GKhijVomAXbyy8fWtiC2hxFN/u1kNWt0tZj7VkmiPUGRseKgk6Gp2qCXpVCMqbmVvrTaWT/WN\n9aSsGaIKSiikAUUUUAFFFFABSjrSUo60AKOtKKQUooEIaKDRQMWkoooAKDRR2oAbRRRQAtJS0lAC\n0tIKWgDq6eOlMFOHNIY4cCnCmjpSigB9KKbS9qAFpwpv86WgBwpRSClFACinCminCkMcKWm0ooAd\nTh1popwoGKKcKbTu1AB3FPFN7inCgQ4UjfeX60Cg/fH0NCAWlpKWqEFFFAoAUUUCimAH7y/X+lPq\nM8sv1/pUlSxoKKKKAClpKKAFqOf7qj1NSVDdNsUEnAGSTTjuJmVBp1nPdx3dswBV9zBT16/1rbHS\nsfTYLWO+32bDa8bb1U8dVx/WtgU5MSFqC4/hqeq9wfmH0ohuEtiE0lLSVsZDo+hpxpE6UtSWhKKK\nSlLZgBpKWkrhKAcc+lW4xiNR6AVTP3W/3T/Kro6VrT2BFG75n+gFNSluf+PhvbH8qq3V4lm0RkU7\nWyCR26V1LYk0E7VleKDjTox6yf0NX7G4W6gWVOh/nWb4qOLSAern+VT1GcsaSloHWqEd/YDbYW46\nfu1/lVK9tpGmN1JmSOM48ojPy+o9+9aUI2woPRQKo6oqO8a/a/s74OM9CKyW5SLq42DbwMcVFcfc\n+ppLITLbgTyLIw/iXoRS3P8Aq/xoW4My74PtUwsolU/LuOM+tPgRo4grnLdWPuearanEkpjV3wR0\n59SKsWufs0eTuO0c+tbEEznFlKayj3rUm4sX9zWUaI9QZG1QSnrU7VXl6VTEZTfeP1oo70VzmgUl\nFFABRRRQAUUUUAFKKSlHegBwopO1L2oEFIKWkNAwpaTtRQAUGiigBtKKSlHWgApKXvSUAKKWkoFA\nHWCnDpTRSikMcOtPFMFOHWgB1KKQUtAC0tIKUUAOFKKSgUDHUopBSikA4UopBSigBRThTacKBjqc\nKbSigBR94fSnimD71PFAhRSfxfQUopM/OfoP60IB1ApKWqELRSUtAC0UUUwEB/eD6H+lPpg++PYU\n8VLGhaKKSgBaKKKAFqvdbSuHxtwd2fTvU9U9QYLE5IyoQ7vp3/SnHcTKmjRWReS4swRn5GB/Otjt\nWfY+T9ql+z7dmxCdvTOW/wDrVoCnIEFV7j74+lWKrTn95RDcUtiKkpaStjIkT7tLSJ92g9KksKSi\nipn8LAKSikNcRQdiPUYq72ql/iP5irvatYbAjPnObh/w/lUExtSwjuSnIzhvSppDmeT61n6pFbTS\nwpMxWRhtUg4wM11rYhmlYxJDaxoihRtHArJ8Vk+Xbj3JrahAVFUdAMVheKz+8tx/sk1D3GjnaVBm\nRR6kUlPtxuuIl9XA/WqA9CThB9Kz9T2PKiSW6yIBl2JwVBOOK0R0qheNIk5RYi4mUJuA4Xk5z+dZ\nLcsntoEtoRFHnaM4zSXX3RU9V7o8CiO4mZd0Yzcwh0ycHB9OP/11NHt8pdgwuBj6VBdq5YmLbv2j\nAPsT/jU8Y2xqvoAK2IHXJxYn3NZZrTu+LEf73+NZZpxBkbVXm4U1Yaq1wfkb6U2JGXS0Ciuc0Eoo\nooAKKKKAClFJSigBKUUlKKAFHSl7UnaloEFBFFBoAQdKKKQUDFpKWigBtKOtJSigAPWig9aKACii\nigDqxThTR1pwpDHU4U0U4d6AFFOpopRQA7tS0lKKAFFKKQUtAxwpaaOlOFIBwpRTRThQAtOFNFOF\nADhSiminUDFX7xp4pg6mnUCFpB99j7UtIPvN9f6UIB1KKQUUxC0tJSimAUtIKWmAi/6xvoP60+mL\n95j7AU+pYwooopALRSUtMAqjqMohhkkKFwqgFR3BOD/Or1UNRuBbKZXUsikbselVHcTINFms/JCW\n2V3uRg9cgAn+da9Zmmz2l27SQKuYzwceoGf8+1adKW4IKqzf6w1aqpL/AKxvrVQ3JlsM70lLSVqQ\nPXoKWkH3aXtUlCUlFLUVPhYCUGikrjKFUcge4/mKuVUj++v1q1WsNgRnP/rX/wB4/wA6pXawNJOJ\njtkCAofw4x+NXAcsT71Rumt5NUgidSXXGTjjPUV2IhmxGOK5zxUf9LhHpH/U10iVy/ic51AD0QVn\n1GYtWNOGdRth/wBNF/nVerWlDOqWw/6aCmB3nas6+S5SZJLeUguQuw9OhP8AStGsy+nu4bhSLfzI\nFbcNnLdCOn41mii9EXMSmUASY+YD1qG67Cpo38yNXwV3AHB6ioLn7w+lOO4PYx70qkxkLMCo28eh\nB/rV0fdH0qrduRJgqGAcZHtgf41aPStSBL44tEHvWYa0dQ4t4hWa1ENgZG1Vbk/u2+lWmqpdH923\n0pvYRniikorA0CiiigAooooAKUUlKKAEpRSUtADu1Hak7UtABRRRQIT1oPSg0vagYlFAooAbSikp\nRQAd6KO9KKAEopaSgDqx04pwpi08UgFFOFNFOFAx1KKQUooAUUopB+dLQA4UopAaBQMd3pwpopaA\nHClpBSikA4UoNIKUUAOFOFMFOBoGOXv9adTF70+gQtNXufU07tTU6fif50IB9FJSimIWikpaYC0U\nUUwCPq31/pT6ZH/F9afUsYUUUUgClpKKAFrN1O5Nsm8RGXc4UqBkkYP+FaVZWotKrIYU3kybT/s5\nBGauAmTaSIHtzcwJtE53EfTj+laFU9OQpaIpXbySB6DJxVulLcELVOT77fWrdU2PJ+tVAmQ2iikr\nUglHSg0dqSpKCkoorOr8I0FIaWkrkGOj/wBYn+9/Q1aqtD/rB+P+f1qwxwpPtW0NgMzJWNmAyQCc\netZcV9b3U22SLbOZU2+o5Faq9KpLcW0mp/Z3ixKj/I30rrRDNhK5XxKc6qw9FX+VdWlch4gOdWm/\nAfpWfUozKvaEm/V7cehJ/IVRrR8PDOsQ/j/I02CO0pm9CxUOpI6jNOPKkdKyzp8Ua+bbHbOrHazH\nO4g9KyGadVbk/OPpVnnHNVLg/vDVR3BmVcrMb0CPBjb7x/u9P8KuGqzOnzrnD+cOO55/wqya0IGa\nif3cQ9jWca0NT+9GPas9qcNgZG1Urs/uzVxqpXn+rNOWwIo0UUVgWFFFFABRRRQAUopKUUAJRRRQ\nA7tS0gpaACiiigQh60vakPWloGJSUp60lACUtJS0AFLSUUALSGlpDQB1YxThTO9OFIY4U4U0dKWk\nA+lFIKUUALSjrTRTqAFpaQUopjHClpopw9KQDqUU2lFADhThTR1paBjhThTRThSAVelOFNXpThQI\nUU1D8ox35p3amx/cX6U0A8UtNpaYh1FJS0wAUtJS96YBH90/U/zp1Nj+6PenVAxaKSloAKKO1FAC\n1lX94bVkWOPzJZWYIv0x/jWpWZeWn2uMbPlmQ5jb0NXETLtn5n2dPOx5mPmx61PUNo7SW0Uj4DMg\nJx6kVNUvcEFUquE/KapVpTJkFIOtFA61oQS9qSlpKkoQ0UUgrKr8I0FFFJXKMkh/1y/Rv6VPKcQu\nf9k1DBy4PoD/AJ/SpJziF/8AdNbw2QFBO1UUvFm1NYGh2yLIcN6gA1fTqKoW169xfxwyw7GRiQSD\nzwa6iDaWuM1o51W4/wB/FdmlcTqpzqdyf+mh/nWa3KKdavhlc6qD6ITWVWx4WH/Exc+kZ/mKHsCO\nt7VkOi3UUsjgqIS2zJ6tnOf5VrVmLLeblml8treRh8gXlQTxz+VZoo0c8VTuP9aauVSn/wBYaqG4\nmZgaOTUyxiIIGFcjgkf5NXMVTWZGkji/5arIcj0HPP61cHLD61oQQ6mf3qj/AGaoNV3Uj/pA+lZ0\n0nl7T2JwTTjsD3EaqV4fk/GrfmK5YKc7epqnefdH1olsCKdFFFYlhRRRQAUUUUAFKOlJS9qAEooo\noAUU6mjpTqACiiigQh60tIaWgYhpKU0lACUUUUALSikpRQAUUUdqAOpHSnDFMHSnCkCHilXmkHtS\nikMeKOlIKUUAKKcKaKUUAOFKKbmloGOFOFNFLQA4GlHWminCgBwpRTRTqQDhSjpTRS5+U0DHL0p4\npg6U4UAKThSfQULwAKa/3G+lOFNCFpaSlpiFoo7UUwFpRSCg8KTQAsf+rT6CnUijCge1LUjClpAe\nTS0AAooFFAAelY18+oI4eyCsgTBU9c881sPwjewrIuZrhGd4QCsTruX1AUlv5iriJmpbrsgRf7qg\nfpUtNTpTqlghH4RvpVKrchxG30qpWkCJCUo6ikpV61oSiSm0tIeuMcVJQlLSUVjW2GgpKCaSuYZN\nb/fP+6P5mn3JxbvTLcfMx9h/Wlu/+Pdvw/nXRDoBUjOCKyYp762nUOgdd2PcVqrUoAOMjNdN11IJ\n0rhL07r2c+rn+dd2vArgZzmeQ+rH+dZooird8KLm8mPon9awjXQ+Eh+8uT7KP50PYEdIayo4rpnE\nUcsbWqvnJ5YYOcVoznEEhH90/wAqzo7YRTpJGxVAwAXscjms0UaZqjKfnb61dNUZT87GqgSymslu\n04aPaZG6kdcVYX74+tULRbR7hngTa449Mj1FX4/9Yv1qyUVdRP8ApJ+grMugzJsQfe6n0FaF+f8A\nSnqmxGcZGapbA9ytANsZXGCpwarXh6VebvVC8+8KUtgRWooorIsKKKKACiiigApe1JS9qAEooooA\nUdKcKQUtABRRRQIQ0tHaigYlJ3paQ9aAEoopaAClFJS0AFFFFAHUCndqaP0pw61IDhThxTRxxSig\nY4UopO1LQA4Uopo4FKDzQA4UtIKUUDHDrSiminCgBacKbSikAopwpBSigB1B+6aQc049KAHDpThT\nRThQMG+6felFNbp+IpRTQhwpRTRSimIWlpKWmACh/wDVt9DRSN90j14oAloooqRhS0lFAC0UCigB\nsnEbfSsa5tppr9PJlCxsoEy55I9fy4rYmP7o1iEqmp+YkhDyMEYZ/uuv9Gq47CZur0p1NWlqGAyY\n/u2qrVmf/Vmq1aw2IkJSr96kpU+9WhI80maDSVJQGikorCtshoDSUtJXMMnt+j/X+lJef6j8RToB\nw31H8hTL3/VD/e/oa6YdA6FVanWqc0vkpnBJPHHb3qS0uI5ECmVS46hjg1uxKOly2xxE59Aa4GQ5\ndj713c5xayn/AGD/ACrgm6mpQCV0fhIfLcn3X+tc5XT+FF/0WZvV/wClKWwI2LpZGhPkn515A9fa\nqcN29xNHH9kdCp+Zm6Dg9PWtE03ABrO5QGsm/nSCF2fOGyBitUnis+RVfIYAj3q4Eso28sEssZhx\nlY+cdulXYj+9UVXghgRjJCoBYc4qxFzKpq3sIoXhzcyfWs67CH72cgcEfWtC6ObiT/eNZ12HLqFX\nIbiq6CFRSqYLFu+TVK7++KvtwKzro/vPwpS2BENFFFZFhRRRQAUUUUAFL2pKXtQAlFFKKAFpaSlF\nAgpBS0g60DClFFHagBKQ9aWkNACUopKUUAFLRRQADpRRRQB1ApwpopQeakBwPFO7CmilFAxw4pwp\nuaUUAOFKKaM04UAKKcKb0pRQA6lHrSClFAxaUUgpwpALS0lKKAHCl/xpBS9xQMcKcKQUooAHP3fr\nSimt1X604U0IUUtIKWmAtKKbS0CFpG6fiP50tIe3uaYElFFFSMWgUlLQAUtJQKAGT/6o1kpJY3Oq\nCLH+kQsWyehOAD+WB+Vas/3APesW2v7OSWLLCOVJGJyMev8AOrjsSzeFLSDpS1AyK4/1f41Wqxcf\ndH1qvW0NiJbhQvWkpV71RKHk0lBpB0qSxaQ0UGsK3QEJRRmkrnGWbc/IfqaivT8qD1NSwD5Afdv5\nmob0/wCrH1rqhuHQozkD73TY38v/AK9IscZt4zsUkgc+hxSXb7F3bc4RuPyp0W1o42UY3YOP0rbq\nH2PmW71tunzn/pma4U12+pnbpdyf9iuINShCV1fhcY05/eQ/yFcpXXeGhjSwfVzSlsCNU0mc8jke\n1UdXkKQKFJBLVBpNxI8jRuxYYyM1hza2OhUW6fOaZPymqBq8/wBxvpVByFXJraBzsq2v3T9F/kKt\nwf6z8KrwGNlLRnIzg/hxVi3/ANYfpVvYRlznMr/U1SuF+YSBiGGBjt1q3Icsfc1Qm8troA5DDH41\nQiVulZ1z/rK0X6Vmz/601M9gRHRRRWZYUUUUAFFFFABS9qSnUANpRSU6gAoFFC0AL2pO9LSGgApe\n1IKUUAJR2ooFADaUUpFAoAKKDRQAUUUUAdOKUU0ninCkCHg0opvanCkMUGnCmiloAdSim06gBRyK\nUUnelFADhThTc4NKKBjqWm0opAOBpR1pBSigBwpe4pBS/wAVAx4pwpopRQAh+8B7GnUh++PoaWmh\nCg+tLSClpgLS9aSgUCFpP4l+v9DS0fxr+NMB9LSUVAxaKSloAWgUUUwIp+VA9TWNFDZanPLG9uUK\n8q2Mbh6ite5zgY681Q066hupoRECGjjIdSMbTleP0NaLYlmsBxS0gorMZDcn7tV6nueoqCtobES3\nClQdaSnJ0NUyUDjimr05p5pKkoBRSdKK5626KQUgpaRfvD61gBag/wBSv51XvT86D2NTwf6hP90V\nWvD++Uei11w3B7FSRow+JW2qy4yRxT448YICbdw5U8dakUAjB5FKlvEHDKgBBzxWzasQR6ycaTP7\ngD9a4yuw187dJk9yB+tcdUIoSuy8PjGkxe5J/WuNrtdEG3SoB7E/rUy2BEWsguYUHUk1DpkZiv5E\nbkqpHT3p+tZBiP1qPR8tcSMT0Wuf7R6K0oGtJ/q2+lZd5J5cO9vuhhk+gzWlLxG3esy8l8uAt5Zk\nBOCo9K6IHnsg08xsjGPleOR3OBV6DgsfQVQsbqCQeVDGyFRnaRV6M4SQ+i1T2JMpjyaourG5J28A\njmrjGqlxiRtqvjbyfrVsQ5+lZ83+tNXycr71nyf6xqmQ0MooorMoKKKKACiiigAp1NpwoATvRS0U\nAJilFFFAC0hpe1JQAgpRSUooAWkpaSgBaSigdaAEPWlpD1paACiikoA6cU5aYKcPepBDqdTRS5oG\nOGMU4UwU4d6AHDrSj3popwpAKKd9KQUCgY6lHWk7UooAUUopB0pRQA4U4U0UooAcKUfepBSjqfSg\nY8U4UwU4GgBP4z9KeKYPvE+wpwpiHUUCgUxC0tIKWgBaQf6wfQ/0ooXl/oKAJKBSUCpGLSikooAW\nlpKWgCpfMVhcrncEYjHriqWmX9nPcbLcbXcFmG3GT/nNW9Qm8iJ5dpYoucDvVXSZbW8nknihMcyg\nK2Rjrn/CtV8JJriikpazKK9x94fSoaknP7z8KizW0djJ7hT06Uynr0qmCFPTikpabUjCijvRmuat\nuUhD1oBxz6UhoP3W+hrFbgW4xiJR6AVUu/8Aj4Hsoq4vT6VTulczFlTcBgcdfyrrhuD2GJUy1XSR\nc4JwfQ1YXpWjEZ/iM40vHq4rkjXU+JjiwQer1yxpIBK7jSl26Zbj/YFcPXd2IxYwDsI1/lUy2Ght\n9ardIBkhl6Go7C0Nqr7jksauUmazNVUly8vQjm/1ZrMvHlVAsGN7HAz2rRuP9XWVfPLF5bxRmTBO\nQPStYbGMhbfLxh3QCTo2BVhTi3l+lUrC5WdWXayuCSwIx1NXDxaSmnISMtjVOSGORtxBBYnoattV\nURuJSWbK84FWIV+BWc/32+taEnSs5vvH61EhoSiiioKCiiigAooooAKUUlKKAFooFLQAlHaijFAB\nRRRQAdqSiigB1JmjNJQAtFJS96AE70tJ3paAEooooA6Yc0opo79KcORUgOBpRSDmlFAxwpab9KcK\nAHClBptKOtADxSimilHWkMdS00U4UAKDThTaUUAOFOFNzmlFAxwpR1NIKF70ASCnCmCnCkAgPzN9\nafUa9W+tPqhDhS00UuaYDqXvTRSigBaF++30H9aSlT7zfgKGJD6BSUtSMKWkooAdRSCigCjqblIJ\nHRdxRQ23PXBBNJpd3FeRPLFGYyDtYEc5o1Cd4FZ403ycKq+9O0uf7RblygSTcVkGP4hWv2SS9RRR\nWRRVnP701HT5v9Y1R10R2MnuFSLwtR09fu0MELSUtJSGFJRSVy1fiKQd6TGQfpS0Dr+I/nWa3Aud\nqozMftD49v5VerOlOZ3+tdUNwZIH3jDqHHuKPJHWJmjPoDkU1amWrYjE8SGQW8KyFT8xwQMVztdD\n4pPy26/U1z1C2Bid6763G23jU9lFcEnLqPeu/X7g+lRIaFpppaQ1BRDcH5KyNR83MfkvtI6579BW\ntc/dH1rMuIzJOmHI2jJHY+n61rHYhjoCWiVmA3Ec4qWQ4spD61HEoWJQDnA6+tOnOLJvrTYkZpqN\nuKeTULON23vVtiRHJ0rPPWr8p+U1n1ExoKKKKgoKKKKACiiigBaKB1ooAUUtIKUUAFFFFACGihqT\nNABRRQKAFFIaXpTaAFFHegUd6ADvRQOtFABRRRQB0opR1popRUgPFOFMFOH1oGOFL2pBSjGKAFBp\nRmkHSl/lQA7tSik6ilFIBw60vBGKbmnCgYtLSA0o5oAcKd3pgpwoGOpV/rSClTpzQA8UtNFLSARO\nh+pp4qNOlPqhDqUU0UueaYDqUUgpaBC0J1b60maWPufehjQ+igUVIxe1FIKWgQtFJRQBjarcXcF2\nrQ25lhXB45IPOf0q3pU/2mF5zGYzI5yp68AD+lRajNJb4lSEyqr/ADAdcYNTaXeC9hdwjLtYjDDF\naPYkv0lFFZlFSQ5kb60zvTnPzn60zNdC2MmHepB0FR1IOlDBAaSijNIoSjtQKo3Oo+TIyxwSTBPv\nso4FctTWQ0XaVeo+o/nUUEyXEKyxnKtUsf31HuKzjuBcFZr/AOuf/eP860azScux9Sa64Aytc6gl\npMUkBwUyp7HrWhBIssauvIYZFZ92bSUvDOw8wLgDPPPStCFBGioowAMAVbsSjC8UN++gX/ZJ/WsK\ntrxO2byIeif1NYhpLYZJbjdcRgd2H867wdMVw1gM30A/6aL/ADruaiQ0MEimVox95QCfxpTTF3+e\n+5AEAG1u59acagoguTwKy7yF5X3QzNG6jnHcc1p3PUVkXckwuxHC4XeuCxH3etax2IZNaiVbdBMR\nvHpUtzxZD3NNjyIxubcccn1ovDi2Qe9PqhIzmOFJ7VUJBbPqasTH92c1XC8ilPdI0ppcrYTfdNUK\nuzH92fpVKnIzQUUUVBQUUUUAFFFFACjrQaB1paAEpQaSloAWiikoAU0lLSUAJS0CigBDSUp60CgA\noHWjvQOtAAKKB1o9aAFopKUUAdGKd2pgpwqQQ4U6mDjinDpQMcOlKKbS0APFKKaKUUhjhTqaOtLQ\nA6lptOFACilpAaUUAOFKKatLQA8Uq9KaOlOX7tAx1LSCg8A0AIn3R9KfTF6CnA0xDhTqaKWgBwPF\nLSCgUxDhRH938T/OkpY/uCkxofRRRSGKKKSloELRSUUAZWoXE9uyGCHzQxbcO+BirunlWtUcRmLf\n8zIRggnrVC+nubcpLBF5qchl7845/StK1fzYI5Nu3eoO09s1pLYlbk3alpKD0NQUUjyT9aSlNN/C\ntzIKlFRd6koYIDSUtJSGJ2pgKiQqBzjP50/tVW4umhuVTy8x7SS2ehwcfyrknrJlEsUSxs5TgOc4\n96nj5df97+hqPORn2p8P+sX8amO4Fqs1eTWixwprNSuqAMpXEdrNqaRsxEwwfbjtWwlZRaBp2BK+\neJhgfxdf5YrVSqkxJHM+JGzqWPRAKyK0/EBJ1STPYD+VZlJAWtLXdqVuP9sGu1+tcdoozqkPsSf0\nrsM1MhojC+XJJIWJEhAHtxin1nGBJdU8xLwlkbLwkdOMcVoc1LGV7k/MPpWTeMgEwdtpyuPX8P1r\nVuD8/wCFZUrWr32yRf3gGBkcGtI7EPcks9otxsOVycHPvUl8f3MY7UqqEUKowB0Apt+fkiHtT6oE\nZsx+QmoVIbJAqdhkEHpUZAUYFVbW5Sa5bFef7hqnVu5PyGqlRLcSCiiipGFFFFABRRRQAo60tIOt\nLQAlLRRQAtJS0lAgNJQaKBijgUUtNNACUo6UlLQAdqBRSUAKKKBRQAtJS0lAHRU4dKaDTlOakBwp\naTtR+NAxw9acO5ptKOlADgadTO9OBoGh3al700UuetIB1OpopRQA4UoNNpRQA4U4U2lBoGOP3TTh\nxTD900/NADhQx+Q/SkpHPymgB1KDSDrSj1piHA0tNFLmgB4NApKWmIcKWP8A1a/QUwnAJ9qevT8K\nTGh2aB0pKUUhhS0lKKACjsaKRuEb6UCMm9a7DKbTA2DewJ+97foa1YiGQEdCMism6e5imUwR71lX\nYTj7h5wf1Na0Q2xqPQYrSRKJKa33Sfalpsn+rb6VCKKlJQaStzIP4qlqJfvCpKTGgpKKKQwqhexz\nF2MOGYbfk4z3B/Q1erIvbQzTTzRzlHQgBR06CuV/ExmqMgAEYwOlSQf61T7H+lVbVJY7dEmffIM5\nb8atwffz6CpjuBNKcROf9k1npV6Y4hf/AHSKzJpTDA8gXcVHC56811wCRWiktptYI2MJVGAxPBx7\nVsJisWxvEuJ4ozEyShi2fwNbSU5EpHJa2c6pNznBx+lUKt6q27Urg/7ZqpQM0NBGdUj9gf5V11cp\n4dGdSz6Ia6qs5DRlQpGdTaRYyrh2DMRjd1P+FaWSc5FZgl1BbgFRHJFIxIHQgZrTpMZWuD89Zk08\nEk4h2nzQ4wSP61ozn94azHubeW5WIJ+9D4zitY7EMuGotQPzRj0FSHrUOon94vsKfUOhSPvUbUef\nGTgkqf8AaGKQkHnORVXEVrg/JVWrNz938arVnLcpBRRRUjCiiigAooooAUU6m9qUdKACloooAKQ0\ntNoAKBSUooAXtSGlHNIetACUvegUnegANFFFACiigUtACUUtJQB0Ipwpo+lOH1qRIcOtKOtNHvS9\nqCh1L2602nLQAopwxmmDinCgBw6UopB6UtIY6l9aaOnWlFADhS96aKdQA4U4UwU4UhinpT+1R9hT\nxTAdSP8Ad+poFD9APegB1KKaDS0xDweKX+VMFOFADhSj1popaBCsfkb6GpBUR+7UooYxRQKT6UtI\nYtFJS0ALTX5Rhx0pRTJTiJqEIjRCDzU69KrxE1YU1chIWmSn921Opk3+qNStxvYq5pM0vWkNbmIq\n/eFPqNetPpMpB2oNGaTPFIYfzrMlW2uNRwLhklGA0YOAxHTI7/nWnyffFZs01nNdqq7ftCyAZ78H\nnn/69cnVjND/AD0qW3++30H9ai/HrUsH3m+gohuMdc8QPVNcfhVu6P7hvw/nVPOFJ9BXVDYllaxe\n1keJkRRKQSQp6Y46VqrWLplvJDeM8qjMqbsjjBz0rZWnIUbdDjL47r2c+rn+dQbTt3YO3OM1cjEL\nXcsk/Kqc49eal1QkRqsaAQNyrAUaAS+Ghm+c+if1rpSa53wyP38zeiiugYgKSemOazluWijZeY8z\nHzY3iTKpt68+tXelUbL7IbqR7MjayjcF6Zq6aTAqzHMhrNSZpLoF4QEOfLYjmrl47xq7RoXYHgVQ\ntrkySRwtG6OuScj2rVGbLyn5hUGoczfQVOv3x9arX/8Ax8H6Cmtx9Ck6hhggGoDEo5UlfpVg1G1W\nSVbjoPrVep7jtUFYy3LQUUUUhhRRRQAUUUUAL2oFA6UCgB1FIOaWgQdqbS0UDEooooAUUh60optA\nCikFL2pKACiiigBRRQKWgApKWk7UAdCDSjrTBzTx096QkLS5pB60uKQxacKaD3pe1Axw5pRTc+9O\nFADqUUzvThSGOFLSdKUdfegBQadTfWl+lADs04UwGnUhjieRTgaZ3FOHSgB/ekY8r9aBSMfmFNAO\nBpwpgp1MQ4Hmlpo5paAHDinCmU4HNAAen4j+dS1FnlfrUlJgOzRTe9LmkMdRSUUAKKZMcRH3p9RT\n/wCr/GqW4jPGowm6NqpZZg4XBHoef0rVWsqGS1lvUUx/vMFkYj0JFag6U5CQtRzn93+NSVFOfkH1\npR3B7FekoNJW5mOX71Opidaf14qWNBmkozmkJoGL7VmxzRzX2Ht9v/POQ9SR7Vonpj1rOgkma5W3\neHHkEnfzgjB6Vx9yjQBqe3/i+o/lVfPU85qeDG1vc/0pw3AS8P7nHqRVM/6p8f3T/Krd5/qR/vVS\nmLC3kKjLbTgdc11R2JZLuKk4xwF/U4qx0Rj7ViWuovNdCGWPa7sP0rYlIW2lPbYf5USTW4I4+Ir9\nqXzD8pbmrl1ZmKxLJKJI1fINUYWQXCtIMrnkVduRbG3JgYqME4Ixk8UwLnhkf8fB+g/nW5M22J2w\nDhScGsXwyP3U5/2hWxMu+F1JwGBGazluNFazES3E4jhEbAgEj+L/ADzVqqlhFPGJGuNm5jxt6Y/y\natE0mMpSkAtz9KoRXM5crPDtwMhh3q3OeVx3cUHpWyIFj++KqXpzcPVuL/WCqN2czv8AWhbgVnYK\nwU9TTCQRkHIqO8OApzzSoNsYHtVCK9x1FQ1LP94VFWT3KQUUUUhhRRRQAUUUUAKOlAoHSloASjNL\nSUAFLSCloASlopKAF7U0U7tTaAFooooASilpKAAUtAooAWkNFFAHQClFNH8qUVIhw70tIKOlAxwp\nQaQdaWgY4e1L+NNHSlGaAHAc04dfemilFIB3elBpuaUUDHDmlFNpRQA4GnA0wU4UgFH3hTxTB1pw\noGPpp++D7UtJ/GfXApoQ+lHAplO9KAFFOptLmmA4GlFIKWgQv8SfX+hqSoh98VJSY0OozSUA0hjq\nWm0ueKAFqKc/KOe9SVDcthAfTJqo7iZl2Usj3wtniIMJ+/0yACB+ea2hWTp73Yuit0F2yKWQjtg9\nP1FawpyEhahuDhR7mpec1Dcfw0o7g9iA0Gg0ma3Mxyd6dTI+9OqWNBQTSUnekMGO1GPtxVeDcvkr\nu3AoT9elTsQFJJ4xkmqVjBEkzvHKzgcBC2dvfiuMovVPB9wn3NV++D19KsQf6v8AE/zqoAR3v3VH\nvVdalvDzH6c1EtdUdiXuPCqWDFVJHQkdKddttspif7h/lQtRaixXTpz/ALBoYI5a1WN7pFlOEJ5q\nXUXbzBGUCBOmBjIqOzjSWYo7bcqdp96m1GCWKOEyMG425H1p9BGr4cGLOQ+r/wBK0Lx1S1kaRSyY\n5A6mqXh4YsD7uau3m/7M5jUMwwQD35rN7lrYp6bFHgTW9xKYjx5bnOK0D0qvZRNFGQwAyc8fSpm+\n6aQihOdqFypbb8wAqCC8juM7QylcZBqeaRYo2dugHSq0DSTFpJIwqnG0d62ILcX+srPuDmZ/941f\nhP7z8Kzpv9Y31oW43sVpot7bj2GAKaoIQA9cVMelRN0NUSVJ/vVHUk336jrJ7loKKKKQwooooAKK\nKKAFFLSCloAQ0UUlACiloFFACUUUUAL2ptO7UgoAKKKKACikooAWigUUAFFFIaAOgA9qUHikHPSj\n61Ihw6UuaSj9aBjqXNNzSg0AOzS5pvbNO+tAxwPNLTaUYxSGOpab9aXNADhSiminD0oAUU4c00cU\nopDFH3j9KkFRr1Jp4oAdSZ+c/hQKaD8zc9DimhEgpRTQeOKcKAF7U7NMzS0wHilHHFNFLQAq/fH0\nNSZ61Eh+c/SpKlgh1HtSZozQMdRmkzRQA4VXvNzJtXqQcZ+lTiq15uZGVThihAPoaqO4nsZdpc30\nNxClzbFlHybxzjOOeK3h0rL0troPJHdkMVAKsO4Of8K0xTmJDqr3B5H0qfNVrg/MPpShuEtiM9KS\njNJ+FbGY9O9KaanQ040mUthKO9GeaSpewEdz/wAe8pxk7TVSwaJpZHhYEMPmx068fpVueQpAzqoY\njoPU1X0/yliOxBG3BYfX3/8Ar1y9Ci4P7vb9P8/hViL/AFQ+lVgeRViL/Up9BVQBEF599fXFVpZ4\n7eIs7D6Z61Pdn96B6Cs6+RJFYsisQFxn6mumPwktmmvaoNVbGmzfTH61HBGYJUVJpCvdGORRrTY0\nx+OpApME7nP2QjaY+aDt2k8dqlvgoiASUsikALn+lR2oLRThBlyowB1xnmm3nEqgjB2Ln64qgOh0\nIY01Pck1auDwgJwC4FV9H402L3FSX23yCDKsZyNpY8Z61n1KRIWPn4ycFc4/Glc4Rj7VXs1lYtLO\n6M54Gw5AFTyn5GpAUZUEiFH5UioLfeitG5zsOFPqKluPM8s+SQHHTNQWplKuZsbie1akFuHhyfas\n1/vN9a0Yv4j6Csxj+VOO4PYjY0xjQTl+CMUjdDVCKkv3zTKfJ980ysmWgooopAFFFFABRRRQAopa\nQUtACUUUCgBaKKKAEpaSloAKSlpKACiiigBKWiigA7UUUUAFBopKAP/Z\n', '', '', '', '', '', '', '', '', 'Y', 0, '2019-09-21 15:38:37');
INSERT INTO `processacitvity` (`id`, `stationid`, `activityid`, `activitytype`, `outputcheckbox`, `outputnumber`, `outputobservationtext`, `outputobservationImage`, `outputfumigationchemicalid`, `outputfumigationchemicaldai`, `outputfumigationchemicalconsumption`, `correcticeactionnumber`, `correcticeactionimage`, `correcticeactionrootcase`, `correcticeactioncorrection`, `correcticeactionupdate`, `activestatus`, `createdby`, `createddate`) VALUES
(199, 29, 54, 'Observation', '', '', 'obser 2', '/9j/4AAQSkZJRgABAQAAAQABAAD/2wBDABALDA4MChAODQ4SERATGCgaGBYWGDEjJR0oOjM9PDkz\nODdASFxOQERXRTc4UG1RV19iZ2hnPk1xeXBkeFxlZ2P/2wBDARESEhgVGC8aGi9jQjhCY2NjY2Nj\nY2NjY2NjY2NjY2NjY2NjY2NjY2NjY2NjY2NjY2NjY2NjY2NjY2NjY2NjY2P/wAARCAUAAtADASIA\nAhEBAxEB/8QAHwAAAQUBAQEBAQEAAAAAAAAAAAECAwQFBgcICQoL/8QAtRAAAgEDAwIEAwUFBAQA\nAAF9AQIDAAQRBRIhMUEGE1FhByJxFDKBkaEII0KxwRVS0fAkM2JyggkKFhcYGRolJicoKSo0NTY3\nODk6Q0RFRkdISUpTVFVWV1hZWmNkZWZnaGlqc3R1dnd4eXqDhIWGh4iJipKTlJWWl5iZmqKjpKWm\np6ipqrKztLW2t7i5usLDxMXGx8jJytLT1NXW19jZ2uHi4+Tl5ufo6erx8vP09fb3+Pn6/8QAHwEA\nAwEBAQEBAQEBAQAAAAAAAAECAwQFBgcICQoL/8QAtREAAgECBAQDBAcFBAQAAQJ3AAECAxEEBSEx\nBhJBUQdhcRMiMoEIFEKRobHBCSMzUvAVYnLRChYkNOEl8RcYGRomJygpKjU2Nzg5OkNERUZHSElK\nU1RVVldYWVpjZGVmZ2hpanN0dXZ3eHl6goOEhYaHiImKkpOUlZaXmJmaoqOkpaanqKmqsrO0tba3\nuLm6wsPExcbHyMnK0tPU1dbX2Nna4uPk5ebn6Onq8vP09fb3+Pn6/9oADAMBAAIRAxEAPwDz+ilF\nJQAUUUUAFFFFABRRRQAUUUUAFFFFABRRRQAUUUUAFFFFABRRRQAUUUUAFFFFABRRRQAUUUUAFFFF\nABRRRQAUUUUAFFFFABS0UUAFFFFAC11Hh4504ezGuXrpvDh/0FvZzQBsp1qSo061JUspCgUoFAoq\nQFFFApaACiiloASjFLRQAnajFLRSAbijFONJQA3FJinYpKAExTafikNAyJ/vLS4occqfelpiIZhm\nFvpVTFXZh+6b6GqmOKuBLG0080+mkVoIYR+dJTiKQ0CJLfo31qWo7f8Ai/CpsVk9ykNpDTjSUhja\nq34zB9CKtmq1/wD8ernuORTW4MzNPK+e+0d+vrWuBxWRYF/N+cYGOBWwKqRKK96P9GfHt/Oscg1t\nXYzbvn0rGIrSnsTIaelSDoKjNSdhVMSE6UKOeKDzQMZqJfCwI7gdMLu4p8WSnzDBptxkAHdjnFPX\n7vHpXJ0DoXrUfu/xqlqH/Hz+Aq7ajEXTvVPUf+Pgf7tdECuhVCEyq3YYq6v+qbHoarKyr1OOlWIu\nYmI7rViMpScnFO6yrn1FNAycUD74+tSUNFIaBRSGFFFFABRRRQAUUUUAFFFFABRRRQAUtJRQAUUU\nUAFFFFABRRRQAUUUUAFFFFABRRRQAUUUUAFFFFABRRRQAUUUUAFFFFAC0UUUAFFGOM0UAKK6Tw3/\nAMej/wC/XN10fhk/6NMP9v8ApTEbidRUoqNODUoFZstAKWilFIAoFFKKADFFFLQAUmKXtRQAUmKW\nikAlGKWigBtGKWigBppKWjFAEbjlfr/Q0dqVx9360UwI5RmJ/wDdNU+1XpBmNvoapdquAmMpMU/F\nNIqyRpFNNONIaYD7fq3tipqitx8zfQVPWT3Ghppp708ikpDGkcVXvRm2bPt/OrJHFQXYzbP+H86a\nAx7MZvMl84zgelbQHFY1ntF4yhTuyck1tDpVyJRDdD/R3+lYh61uXIzBJ/umsQj0q6exMhpp46Cm\nH1qRfu1TJQhoUfNQaF61EtmMZOVC/MCacn3F9wKSYEqACF5605P9WvPOK5Ogi7aHKH61V1IDzlPt\nVq0+41VdSGZU/wB2t4F9CoYxIRk9sVdhGF2jt2NVU657VahGc/lWjJRkDqc0rYDDHNBH7xvxNI3U\nZqSxlFFFIYUUUUAFFFFABRRRQAUUUUAFFFFABRRRQAUUUUAFFFFABRRRQAUUUUAFFFFABRRRQAUU\nUUAFFFFABRRRQAUUUUAFFFFAC0UUUAPx+4P+9SBSelOH+pP+8K1NPsvNjB9qG7DhG9zKKMBkit/w\nyf3Uw9xTL+yEVuSAOlL4YPE4+lJO45RsdCnWpRUSfeFS0mJC0tFLUjCl7UgpaAClAoFFABRS0CgB\nKKWkpAFJTqSgBMUlOpKAEIpMU6kxQBG/QfUUUSD5fxFLjigBrDg/SqI+6Kvnoaoj7orSAmNNNNPN\nNNWSMFIad9aSmA+3HzN9KnqG3++fpU+KyluUhtJTiM0lIBtQXQ/0WX/dqc1Fdf8AHvJ/u00BkWwZ\nbo8DbnFa6/dFZNsjG43549K11+6KuRKI5x+5k/3TWGa3ph+6cexrBIqqZMhpp4+6KYRz7VIv3cVb\nJQU0fepw6Ui9al7D3Qk6h1Cn1pU5QccUTD5Mg4ojxsHfiuLoBcsz8rVX1QfPH+NWLLowqDVBzGfr\nW9PoV0KQkCsB69auW7Ak8cVSXAdSfX0q5b/eP1rYm5lt8srcdyKa/LdMU88XDZ/vGmysGbjsKgsj\nooopDCiiigAooooAKKKKACiiigAooooAKKKKACiiigBaSiigAooooAKKKKACiiigAooooAKKKKAC\niiigAooooAKKKKACiiigBaKKKAJF/wBS31FdDpWTYnb94AVzyf6qT8K39H/49WOeNuKmfQ0pdSa9\nybH5jyQTVXwwf3k47YBq3eAGyB7gEVS8MH/SJx/sj+dKA6nQ6ROoqYVEo5qamzNAKWgUtSMBS0UU\nAFLRS0AJRS0UAJiilooASiloxQAlJTqSkAlJS0UARyfdpaJPuGgDigBpqgOBitEiqHr9auAmNNNp\nxppFaEjSKQ040lMB1v8Af/CrGKggH7z8DVispbjQ3FNxTqSkMTvUU+PKfJ4walxUc4/cv9DTQGbA\n6A/KDn3rRXkVjQyBZ1j7mtlPuCrkShsv+qb6VgsOa6B8bT71gN1NVTJkMp6fdplPT7taMlB60ncU\n403vUPYYT/6s4GaIwRGOME80swzGaSIkoCa4ugi7ZDhqg1McR/jU9keSPUVHqg+RD7mt6fQpbGcG\nKkYx171ct/vnNVAm4gg4x0q5bqFbv+NbMDKdQblh23GmyqFYY9KfMv8ApTgH+KmyrtI7ioGRUUUU\nigooooAKKKKACiiigAooooAKKKKACiiigAooo7UAFFFFABRRRQAUUUUAFFFFABRRRQAUUUUAFFFF\nABRRRQAUUUUAFFFFAC0UUUASR/6qT8K29HlRbcq5ABrEi+5J9KkiuDGm2lNNpWLptJu5vX11G0O1\nCOetVPDJ/wBMlHqn9aymuGYEetafho/6e4/2DSimtxzknsdSvWphUK9anFDIQCloApakYUooFLQA\nUUUtABRRRQAUUUUAFJS0UAJSU6koASkp1JSAZIP3bfSgdKV/uN9KB0pgIRVA9T9avmqLD5m+pqoC\nYymmn009a0JG4pDS0UwHQf6wfQ1Y71Xh4kFWazluNDaTFOpDUjG1HIP3bfQ1Iaa4yp+lMDBRcToc\nA56mtqPmMGsLP+mR5Y49K3Yv9WKuRKBuVNc+wwSK6E9DXPyffb61VMmRGakX7tMxT06VoyUKab3p\nxpvfpUjHtgimjHTpSuG2naeSOtRxLIrHe270rgsIvWX3j9KZqo/dp/vU+yOXP0puqY8pP97+ldFP\nZFrYoRjmrUPX6VWjjkPKxsR9MVYjSQH+EfU1sSZtzkXb465qOUMGG6pLnK3bknJBpkzbm46CoLIa\nKKKQwooooAKKKKACiiigAooooAKKKKACiiigAoope1ACUUUUAFFFFABRRRQAUUUUAFFFFABRRRQA\nUUUUAFFFFABRRRQAUUUUALRRRQBJF0kH+zTKFJ5xQBTEFa3hs41L6oaysVq+HhjUl/3TRYDrFqYV\nCtTioZSFFKBSClqRgKUUUooAKKAKWgAooooAKMUUUAHaig8CigYlFLRQISkxS0UAMb7h+lA6Urfd\nNIv3R9KAENUX/wBY/wDvGr5qk4/ev9aqG4mRnpTaeaaa1JGEcUlOIpDQAsX+tX61aqrF/rF+tWyK\nzluNDTTfWndKbUjEpr/dP0p+KaRximBzczlJhsj3MQK3bbJgUnrisWUN9oUqwAB5z35rch/1Yq5b\nErcdjiufmGHb610GOKwLjiV/rVUxSITT4+h5php6dDWjIQppuOKe1NxUjHOdqMeuB0qGIvvw+Dkd\nqmcAoQelV7cpvO1mY46kVw9GBoWX+sP0p2osyQqynB3Ulp/rMU7Ux/o34itqew1sZyu7H5mJ/GrE\nOMjjBqmz7I92M84qzaMzKCQRW4FC8wL1z71C/QCp74f6Yw9cVA4A6euKgZHRRRSKCiiigAooooAK\nKKKACiiigAooooAKKKKACiiigAoopaAEooooAKKKKACiiigAooooAKKKKACiiigAooooAKKKKACi\niigBaKKKAJIACzA/3TQKLf8A1n4GlUZOKpbE9QrS0E/8TNPoaoNGVGccVd0Q41OL8f5UDOvFTCoR\nUy9BWcikOFKKQUoqRgKUUUooAKKWigYUUUUCCilooAQiilpKACkpaKAExSUtGKAEPQ0xPuD6U+mx\n/cH0oADVKUfvXHvV6qco/fN/ntVR3EyKmmnnpTTWpIwim08ikxQARj51+tW+tVE++v1q32rOW40N\nNJTjTTUjG0hp2KQ0wObuNguAWzkHgD61uwf6sViXSn7UNoB55yOnNbdvzGDVvYnqPIrAuB+/f6mu\ngNYN1/x8P9TVU9xSK/anx9DTCKfH3rVkIU00040hqChXGUb1IqCHc0hLKFwOgqw2fKIHXFVoNnm/\nISeOSa4u4jQs/wDWj1qTUhm1OPUVHaf64VLqX/Hox9x/OtaWxS2MndsTdjOD0qzaksgJ6kZquBlG\n5FT2nMYOc/StySnqXF4cegqBw2wF+ueKn1Mf6Xx/dFV3UAZ7g4qCyKiiikMKKKKACiiigAooooAK\nKKKACiiloASiiigAooooAKKKWgBKKKKACiiigAooooAKKKKACiiigAooooAKKKKACiiigAooooAW\niiigCS25mAqzYQefcBe1Vrf/AFy1paPhXkc9AKJNqDsEfi1LuoWsYtflGCO9Z+kcanCP9qtKefzY\n2Xbjb3z1rOsPl1eL/fpQg4e6zSTUoqSOxFTDpUIqZeRSZCHClFIKWpGAFLRS0AFFFLQAUUtFACYp\naO1FACUUtFACUUtJigBKKWkoAQimJ9wVJTE+7QAtU5v9c34VcqrOP3x+gqo7iZCabTyKaRxWpIyk\nxTjSGgQ1fvD6irnaqi/eH1FXO1RIpDKQ040lQMZig07FIaYHOXv/AB8437RuNbVt/qhisbUdq3BL\nKT8xxiti0/1IrR7Ercm7Vg3o/wBJk+tb1Yd//wAfUn1op7ilsVadGOtNNOj71syEOammn9abUlDu\nq9O1NGB0AFO/gJzVWEJ5o2Elu5NcDWrJNC0I86p78ZtJPaoLUfvl+tWb3/j0kralsUtjFYZjYdjg\nVZtR8gC9BUC42Nkg5qa04jHStwKup8XQ7/KKqPIX7AfSreqj/Sh/uiqVQUNooopDCiiigAooooAK\nKKKACiiigAooooAWkoooAKKKKAClpKWgBKKKKACiiigAooooAKKKKACiiigAooooAKKKKACiiigA\nooooAWiiigCS3/1y/WrNq5RmA6E81Vg/1q/WpVbbKfrVWuiJGv0Vie/SqVqf+JpER/fFHmkDliR6\nZqOzb/Tom/6aA/rQ25O7Li17NJHcAVKvSoh0qZfu1mxocKWkFKKkYtFFB6igBRRRS0AFFKKKAEFF\nL2ooASilooAMUmKWigBMUlLRimA2mp0P1NPpsY6/U0ABqrP/AK38Kt1VuP8AW/8AAacdxMhNNNPN\nNNakjDTTTzTTQIaPvD61cqp71c7CokUhpppp9NqBiU09adSGmBgakWW5YouTk1pWG77Ou772OcVn\namubhvn2DdyfwrTsv9SvpirexPUnNYeo/wDH04rcNYmoj/SmP0p09xS2Kf8AOnRDrSGlj6mtmZjz\n0ptO6UhqShy8rTAqg8ACnjlcVUhkJnK8kdBXDJasVi/a/wCuH1q3ef8AHpL9KqW4/fL9auXn/HpL\n/u1pS2KWxhNjymB6Yqeyx5Yx0zUJH7tuM8dKksvMDEMNq444roER6t/rkPfbUEwURDAGOxqxq334\nj/s1TyoTkMakpENFFFSUFFFFABRRRQAUUUUAFFFFABRRRQAUUUUAFFFFABRRRQAUUUUAFFFFABRR\nRQAUUUUAFFFFABRRRQAUUUUAFFFFABS0CndBQA2ilIyMim0APi/1qfUVI/EjfWo4/wDWL9all/1r\nfU1cdiXuJkkcmpbQ4uYj6OP51DUkBxMn+8KAO9XoKmXpUKH5R9KmT7tZSLQ+lFIKcKkYCloooAKW\njtRQAUtFFABRQKWgBtFLRQAUlOxSUwEpKWjtSASmL3+tPNNXq31pgL2qrcf6wfSrVVrn76/SnHcT\nIDTTTzTa1IG000/pTaAGVc7CqZ71d7CokNDaQ040lQUNxSGnU2mBg6sB57bgSM8AfStKxIMIwOKz\ntWMi3eI1z0Oav6eSYBnrWnQnqWqxdT4uT9BW0axtUH+k/hRT3FLYo96dH1P0pDSp1rZmY5qQ9KcR\nTelSUOX7tQQjEhJPX9KnUcVBEV898A5J6npXFL4mIt22BMv1FXrof6LJnkbaoQf60fWtG4GYJAf7\npq6WxS2MBKtQnmqqYzVmEgnGRXSBX1f70X0NVtuYjllAwMDPNWtX/wCWP0NUjGoh3c5qBkFFFFSU\nFFFFABRRRQAUUUUAFFFFABRRRQAUUUUAFFFFABRRS0AFJRRQAUUUUAFFFFABRRRQAUUUUAFFFFAB\nRRRQAUUUUAOWgnNC9KSgB69KZT16UxutAgU4INSyMDIxByM1FRTTCw/dTo2IkU+hFRinLwwPvTA7\ngzsoAAHAq/bktCpPUisv+79BWnaf6hfpUzWg0TilFIKWsyhaWiloATFLRS0AJS0UUAFFFFABSUtF\nABSUtFACUlOpKYCUxfvN9akpg+81AC1WufvJ+NWqrXI5X8acdxMgNNp1NrUgaaQ0400imAw96uL9\nwfSqhq2g+QfSomNAabTjSVBQ2kp1IaBGHq4PmsAwTpyeKs6Sm22ALbu+ar6zt8w7umB0/GrWlkG2\nUqCBjgGtPsiLntWPqw/0kYH8NbB61k6t/rgfVaKe4PYzqdH97FNNKn3q3MkPxxSHinHpTT1qCxy9\nKroWWYhiMHoO9WE6e1RCBBJvyc5z1rhn8TJJ4fvitKf/AFD/AO6azY/vitOX/Vt9DV0tilsc6vSp\nbUDduOMg8VAzbFyBzSW0ziVVGMFs11ATat92L8apJufap6VoasP3MR9zWWrEEHPSoGMoopRUlCUU\nUUAFFFFABRRRQAUUUUAFFFFABRRRQAUUUUAFLSUtACUUUUAFFFFABRRRQAUUUUAFFFFABRRRQAUU\nUUAFFFFADgeKB60KM0HrQAoPFNJyaUUh60AFKoyaSprUZnUe9VFXdhN2Vx8ds79FJ/CmTRGKTDDF\na28DqapaiVZ0YHPFdE6aUdDnhUlKVmdKvMcZH9xf5Vq2f/HutZUfMER9UX+Vatl/qBmuaex0LcsC\nlpBTqyLFFHagUuKACilooAKKWkoAKKKKACjvRRQAUlLSUwCilpKQCU0fean0wf6w/QUwFqvc9F+t\nWar3I+VfrTjuJlc03FPNNrUgbjNIadimsKYEZHNW4/8AVL9KqnrVqLmJfpUTGhaQinGm1BQ2kp1N\noEY+rqTJ8vXaBz9an03PkgHqPSotWBaUKpwSo5/GptNQpEATk1p9kXUuGsrVv9an0rWI4rK1f76H\n2ohuEtjLIpy/eoNIv3q3MkSdqaadSGoLFU4Gc1XSUyS8YCjp71OoyCKg3J9oCBTuHBNcU/iYizH9\n4VqyD9230NZSf6wVrYyn4VVLYcTmnXdkdOanigUsrDtUeMMfrVmM11CItWH+jx/71Z8UQfOTjjPS\ntHVf+PaP13f0qrbxsEcnj5cVKWo+hRoooqCwooooAKKKKACiiigAooooAKKKKACiiigAooooAKWk\nooAWkoooAKKKKACiiigAooooAKKKKACiiigAooooAKKKKAHLQetIOKcKBCgYFMNOY02gYVJC2yQG\no6BTi7O4mrouypukVuuahuGy+PSrEDb4eeoqmxy5PvXTVfu3XUyhv6HX23Npbn/pmv8AKtax5g/G\nsizJNjbn/pmK17H/AFP41zy+E1W5aApwpBSisSwFLRS0AFLRRQAUUUUAFFFFABRRRQAUlLRTASii\nigApn/LQ/Sn03+P8KBCmoLn7g+tT1Dc/cH1prcGVjTe9ONNrUgSmmpMcUw0wIz1qzD/qV+lVzViH\n/VCokNDiOtNxT6aagobSU40lAjO1ExrKhcMSR2qS0YEcLgduag1f5Srei0aXKJFLL05xWi+EXU0O\n1ZWrj5oz7Vq1mauOI/xoh8QS2Mn6Uq53CikH3hW5kiXFMNPpp61JQq9DUBJFx149KnToagbH2vhT\nnua4qnxsRYT7wrWH3B9KyV+8K1kOEX6Cil1Kic8/+sf6mpo5FB659hQ0sayMBAuQx5Y5qWOVscBV\nHbaMV1gV9RYtbL8jAA9SMCq6yxqpyw6fXNXNTybIZJPzCsgLlSfSpvYN0R0UUVBYUUUUAFFFFABR\nRRQAUUUUAFFFFABRRRQAUUUUAFFFFABRS0lABRRRQAUUUUAFFFFABRRRQAUUUUAFFFFABRRRQAUu\naSloAKKKKACgUClFCAtWzBF5/iNQSDEjD3puTjGelHU1rKd4pEKNnc67TznTrb/crXsP9UfrWNph\nzpdsfYj9a2dP/wBW31qJfCUty4KcKQUorEsWigUtAAKWkpaACigUUCCiiigBKKWimMSilpKACiii\ngQUw/f8Awp9MP+sH0oAdUNx/q/xqaorgfuvxFNbgVT0puKeabitSAprCn4prCgCE1Yg/1QqA1Yg/\n1f40pbDQ40lONNrMoQ02nGk7UCMrWFyFB7qabpChY8A5HapdXwUXPoah0hkZT5fC54rRbC6mmfas\n7V/ux/U1pVnauP3SH3pQ3CWxjGhfvinEU0feFdJkiWm080w1BQqdDUMhZZuMbT1qZKgeJWlctngc\nc1xVPjYiwp+cc1qxf6pfoKyU6LzWvEP3S/QUUuo4mBLzcP8A7xp8LqWIB5HaklG27f2Y1DE4W4Kq\np5OCa6xlrUf+PE/UVjhsLtrY1Af6A31FZEaB+rYPYVD3GiKiiipKCiijtQAUUUUAFFFFABRRRQAU\nUUUAFFFFABRRRQAp60lFFABRS0UAJRRRQAUUUUAFFFFABRRRQAUUUUAFFFFABRRRQAUtJRQAtFFF\nABSikpRQAUopKWmI6vSTnSoPbI/WtrT/ALjD3rE0XnSYvZjW1p/8VN/CC3LwpwpopwrEsKWiigAp\naKKACiilpgFJS0UAJRS0lAgopaKBjaKWigQlNP8ArB9DT6Yfvr+NAC1HP/qj9RUtRT/6pvw/nTW4\nFWkFLQvWtSBccU1qlxxUbjigRXarFv8A6v8AGoWFTW/3D9aUtikPNJTqTFQMaaSnGm0AZurD90pH\nbNV9I3KNrAA9cCrercQr+I/Ss/SYCk5dpNxx0NaLYTNrvWfq/wDqF+taNUNWH7hf96pjuD2MY9KY\nOop5pveukxJDSHpTjzTT0qCwSoZlLtuVwB0NTp1qNrdWfJJweSvY1x1dJsQ9ACFxWvBzCv0rJXgi\nta3/ANStKl1KiYdwP9Mk/wB6mxgb+MZ5p13gXsn+9UcKqLhmDAse3pXWJk99zp7/AFFZMON2CMk9\n62L0Z0+T8P51kRbtpw20E4+tS9yiCiiioKCiiigBaSiigAoooFABRS0lABRRRQAUUUUAFFFFABRR\nQKAClpKKACiiigAooooAKKKKACiiigAooooAKKKKACiiigAooooAWiiigApRSUooQBS0AZp20gZq\nhHTaEc6UvtIa3NP6vWDoHOmH2kP8q3tP+81N/CC3L9OFNHSlrAoUUtJS0xhRRS0AFFFFABRS0lAB\nRRRQAUUtFAhKKKKAEppHzCn0xh8y0AKaim/1TVKajlH7pvpTQFXsKVRmjtT4Vy4A61qQPCcVFIMC\nt6DTAYgX6mqOoWRhGR0oAxmqa3+6frUbDmpbf7rfWlLYESUlOxzRioKGYppp5FMNAFDVR+4X0z/S\nszRllW4OUIQ85IrV1IAwL/vVS05w0uA2cACtFsJmrVHVR/o2fer9UtT/AOPQ/UVMdwexh009RTjT\nT1rpMSXrTTTh0ppzUF9BU60juqNywFKvWoZEQSEvyT09q46y98RMD6Vq23+oWslAFAHata1/1K0q\nW7HExb3/AI/pP96oIQBeHIIbmrF+MXkn51Eg/wBJJ/KuvoMs3PNjL9KyoSNmBGWIOfata4/48Zf9\n2sVgUVcE8jNSxohoooqCgooooAKKKKACiiigAooooAWkopaAEopaKAEooooAKKKKACilooASiiig\nAooooAKKKKACiiigAooooAKKKKACiiigAooooAWiiigAFKKSgU0IniQseO1PljKxhiDg9DVzRhmV\nj7U7VRsjij9Aaz9p7/Ka+z9zmL/h3/kHye0n9K3tP/1jfSuf8Nn/AEKYejj+Vb9if3p+lbP4TJbm\niKcKQUtYlAKUUUUDClooFABS0UUAFFFFAgooooAKKKKAEoxS0UAJ2prdV+tPpjj7v1pgFNkH7pvp\nTqRx+6b6GhAU+1aGjwiW7GeijNUBW1oC/wCuf6CtXsQbNV72ISW7cc4qxSOMqR6ioQziZl2uRT7f\n+Lmn36bbpx70y3/i/CrlsJEveg9KKQ1mUNammnNTaAKWpDNt/wACFZ+mgJMygY759a0dS4tSfcVl\n6WSbhyzhsHAx2rSOxLNvtVPUsfY2+oq52qpqP/Hm9THcb2ME03rTj0pO9dJiSdBTTTu1NNQWKn3q\niuhj5gKkThqhvM4TuM9PWuSr8Yicdq1Lb/UCsvt0xWpaf6n8ailuOJk6kMXrfhUIZDchcHIHXtU+\nqD/TSfYVV5jmYnHK4BrrWxRemH+hzcc7Kwz84UDsK3HybSXPdDWEgyT7UnuCIqKKKgoKKKKACiii\ngAooooAKKKKACiiigApaSigAooooAKKKBQAtJS0lABRRRQAUUUUAFFFFABRRRQAUUUUAFFFFABRR\nRQAUUUUALRRRQAUCigUIDW0pgkUjnsRRq7bpwPRaoxzOkRjU4VuTSvI8hLOxY+pqVT9/mNHU9zlN\nvw0f9GuB23L/AFroLH/XH6Vzvhn/AFVyP93+tdFY8T/hW32WY9TSFLSCnCsDQBS0UUAFLRRQAUtJ\nR3NAgopaSgApaKKAEo7UtFMBKKWigApj9vrT6a/QfUUAJQw/dt9KWhh8hHtQhFEV0OhIBau3ctiu\nfXpXQ6H/AMeTf75/kK1exKNKkpaSoKOS1T/j8lHvUFv1b8KsagN91I3vUEC4ZvpVvYlEhpKU0hrM\noaaaelONNoAqaj/x6N9R/OsKwlVL0KiNknk1v34zav8Ah/OsmyIE4HGef51pHYTNrtVXUP8Aj0er\nXaq18P8ARJPpUx3Doc+elNOacTTTXSYko+6PpTWFOB4H0pp5qCwH3qhvNoCsWwQeKmXhqZcBsAqu\nev4VyVvjQh69B9K1LL/U/jWWn3R9K07HmH8ailuxxM3VRi8+qiq+wS8N6g1Y1b/j7H+6Kgi612LY\nbLRH+jSD/YNYUaln4IHuTit9eYXH+yaw7eMSOc8gVL3GivRRRUFBRRRQAUUUUAFFFFABRRRQAUUU\nUAFFFFABRRRQAUtJS0AFJS0lABRS0lABRRRQAUUUUAFFFFABRRRQAUUUUAFFFFABRRRQAtFFFABQ\nKKBQgHA0uTTaUVQjf8Mf8vI9gf1rorP/AF4rm/DB/e3C/wCwD+tdJaf69aroxdTTFOFIKUVgWKKK\nBSigAFFFLQAUUUUAFFFFABRRRTAKKKKACiiloASmyfd/EU+mP0/EUAFHY0Uo6UCKajitvQn+SVM+\nhH+fyrEHStHSZhFcfMcBuCa1exJv02Q7UY+gp1U7+cLGYweTUIZkyQhyx9aqLHtduO1aA+7Vf+I/\nSrewkVmplTSjmo8cZrMojpKWigCtejNq4rBtHjS/Krkux546Vv3n/HrJ9KwbMt9tI8sBR/F61cRM\n6DsKgvBm0l+lTjpUN1/x7SD/AGaS3A5w9aZT260zPNdJiS9qD0oH3RSGpLQL96kmWRlxGQPXNC/e\nFEzFEyq5J6CuOv8AEhCqCqAE9K07D/Un61modyA9M1pWPEX41FL4hrcztX/4+V/3arxHkCresD9+\nn+7WWGaOY8ZBrsWqGzVXPlv/ALp/lWFDvEnyHBrbgbzIGx/dP8qw42ZZTtGTUyBENFFFQWFFFFAB\nRRRQAUUUUAFFFFABRRRQAUUUUAFFFFABQKKBQAtFFFACUUUUAFFFFABRRRQAUUUUAFFFFABRRRQA\nUUUUAFFFLQAUUUUAFAooHWmA4UUUUxG34X/4+Zx/0y/qK6a0/wBetcv4ZOL2QesR/mK6e24mT61S\n2EawpRSClFYFi0tJRQAtFFFABRRS0wEooooAKKKKAClFJS0AFFAooAKY/wB00+mSfcNAC0CiigRT\nHFSxHBqL+I/Wnoea26EmnHfTIm0Nke9RPIzsWY5JqBW4pd3rSETA/LUAPz04NwajB+f8KHsNDZPe\nmkfJTnpD/q6zKID1ptOptAEN3zbS/wC6awLXP2/JcYx92uguBugkH+ya5u0kjfUOA27J57Yq4iZ0\ni/dFRXX/AB7yf7pqVfuio7gZgkH+yaXUfQ5pupph709upph5rpMSVfuikNKh+UUhqWUhBwwomUsn\nynBBzQvUUlyAY/mJHPUda5K/xIQsX3B6AVp2B/dtWXDjylxnGK09P5Rqzp/ENFPWR+9j+lZzjOK0\ntZ+/H9Koqu/jpXbB2Gy1ZjER+hrFGBK4PGcit63AVdo9KwsDz5AevOKmWrBEFFFFZlhRRRQAUUUU\nAFLSUUAFFFFABRRRQAUUUUAFFFFABRRRQAtJS0UAJRRRQAUUtJQAUUUUAFFFFABRRRQAUUUUAFFF\nFABRRQKAFooooAKB1opR1oAWnYIFOijLqzdlq40SvBwADiuiFJyVzKU0mT+G/wDkIkesbV1EH+uT\n61y3h3/kKqPVG/lXUw/61PqKhFmuOlLSDpThXOWFFFLQAUUUtACUtAopgJRS0UAJRRRQAtFFFABS\nUUtAgpkn3DT6a/3W+lAxRRQOlFAikfvMPc05TzSN99vqaBWq2JJQaVmwhpgoc/uzTENhYtnNSD79\nQ2/8VSr/AKwUnsNBIaQn5KWTrSH7lZlEJ600040lAEU/+pf/AHTXNIzpeqkUYCk/exXTS/6t/oa5\npARfj95hemzPXirgJnRp9wUyX/VP/umnR/cH0pHH7tvpS6jOYfqaZT5PvH60w10mJIn3RQeaE+7Q\nakpCDqMetE4Jj+UZNHcUXBIT5eua5K+6EJDxGPWtPT/uN9azIRtjArS0/o1ZU/iHHcraz96M1Rj9\nBV/WekefU1QjIzwCfoM12x2GXrfk1h7A92ynpuOcfWtmHzVYYhP48ViSsUuHI4IY1MhogoooqCgo\noooAKKKKACiiigAooooAKKKKACiiigAooooAKKKKAFooooAKSlpKACiiigAooooAKKKKACiiigAo\noooAKKKKACiigUALRRRQAUDrQKB1oQFq3/1Mv0qyjkPGvYrVe0IJdD/EKs7QrIT1UV6FL4U0cs92\nSaCdusp77h+ldTF/rF+tcnojf8TmE+rH+VdWnDr9a5erOg2B0pRSL0FOrnLClooFIApaSlpgFFFF\nABRRRQAUlLRQAUUUUAJS0UlAgpH+430p1Nb7p+lACjpRSKflFKelAFNv9Y31NAof/WP9aBWq2JHA\n0SH5DQKbJ9ymA2DoakU/vBUUPCk09T84+tJ7AiR6Rvu0N1ob7tZlEJpKcetNoAY/KMPauYUL9vjY\ng7vXtXUMflNc2C/2tVUfLxuP0q4CZvxf6tfpQ33T9KIv9WKVhkH6Uuozl5eHP1qM1JMP3rfWojmu\noxJE+6KU0kf3KU1DKQg6081H0NOkIClvSuTEdBMXtV7T+rfSs6FzImSMHpWjp3VvpWNPSQ47jNVf\nyxG2xWPP3hmqKXErcFgo9AMVc1r/AFUZ/wBqs6MYAPau2OxRehJLcnnFYNyMXUn+8a3YOvFY8+Pt\n77um6lIEU6KKKgoKKKKACiiigAooooAKKKKACiiigAooooAKKKKAFHSkoBooAWiiigApKWkoAKKK\nKACiiigAopaSgAooooAKKKKACiiigApaSlFABRRRQAUCgUd6YEiMUYEdal89iGJ6kYFQUorSM2ti\nWky9opxqtsf9sCuvX7/0NcdpPGp23/XQfzrsejn60RA2F6A04dKan3B9KcKwLFooFFIBaKKKYBRR\nRQAUUUUAFJS0lAC0UlFAC0lFFABSN90/SjNIehoAFPyiimof3Y+lLQIqv/rW+tApJT++akU1qtiW\nSCmyfcNKKbIflpgJF92lX74+tNThaB99frQ9gJ2/Smk5WnHrSN0rEojNNp1NpjEIyKxkiRJW3SJn\nPQHNbJ6VzxIS4bPGWwKuBLNuPGwYpT0NNg/1Qp5qXuM5i4/1z/U1C1T3XE7/AFqA11LYxY6P7tOp\nIx8tBqWUhKc6loyAcHHWm06Q4jJAz7Vy4joIbGhRACee9aGnfeb6VmxPIx+cbePWtHT/AL5+lYw+\nMa3G6z/qI/8AerJd2SIbBk7q2NYGbVT6NWNIpeJQpxlsGuxbFMuWJcoC4wc1m3abr+Rf9qtSyVkG\n1jnHesy/GNRkC9d1KQkUqKKKgsKKKKACiiigAooooAKKKKACiiigAooooAKKKKACiiigBaKKKACk\npaSgAooooAKKKKAFpKKKACiiigAooooAKKKKACgUUUALRRRQACiiigB1KKSlqxFrTTjUbc/9NF/n\nXaN99vrXEWR23kJ9HH867d+JG+tVERrx8oPpThTIv9Wv0qSsHuWFLSUooAKWkFLQAUlLRQAlFFFA\nBSUtFACUUUUAFJS0lABSUtJQA2P/AFY+lLTY/uCnUAU5v9c34fypuafN/rm+gqI1qtiGSqeKbJ0p\nFNEh4pgC/doH3x9RQvSkH3h9RQ9gLPU0jdKXvSN0rEsjNNNONJTEIelc1eOFuQm0sWf8ua6WuZvl\nIu/9YEwxbnvVREzet/8AUin1Ha/6kVKaHuBzV4P9Jf61WJq3fcXUn1qoa6VsZPcfH0NKRTY+hpxq\nWUhppZEZk+U4IpD1p7HbGSBk4rlxHQTIo0ZSWY5Y+laGn/601mwyvIzZXAFaVh/rawh8eo1uP1f/\nAI9P+BCsR3ZYfl6g5rb1b/jzb/eFYpTfERnBzXbHYpluw3bfnJ3Hrms/UPl1Bz15BxV+wfzNzHrm\nqOpcagfqKJCRQooorMsKKKKACiiigAooooAKKKKACiiigAooooAKKKKACiiigBaKSloAKKSigAoo\nooAKKKKACiiigAooooAKKKKACiiigAooooAWiiigAFFFFADhTqfbQtcTpEgyznAA71tSeHLmO2eR\nwq7RnBPNUIxYOJ4z/tCu7k/1rfWuDQ7XBPY13kn+sJq4iNSD/Ur9KlFRW/8AqE+lSisXuWhaKKKQ\nBS0UUAFFFFABSUtJQAUUUUAFJS0lABSUtFACUlLSUANj+4KWmx/cp1AFSf8A1x+gqM1Jcf678BUV\nax2JYmcUrHim0E8VQh46U3OCPqKUdKaetJgW+9DUUNWJZHSGlpKYCHmuX1NIv7Qkkkz97AUV1Brm\ntTgZtRaRMHacgEfnVwJZt2Z/cLU1QWR3W6kVOaT3GjnNQ4u5PrVQ1c1IYvJPrVM9a6Y7GL3HRnrT\njTY+9ONSykMNSNnyjzzimGnnGw59K5sRshMgtskNznmtCxJ88fjWfbY2sAu2tCw/14rnj8YLcm1Y\nf6E31FY0fYVtaoP9Bf2x/OsSPGa7o7FMu2+F6YHes7VV/wBPI9QK0YutZ+rcX/pwOaUgRnUUUVmW\nFFFFABRRRQAUUUUAFFFFABRRRQAUUUtACUUUUAFFFFAC0UUUAJRS0lABRRRQAUUUUALSUtJQAUUU\nUAFFFFABRRRQAUUUtABRRRQAUUUUAX9G/wCQta/9dBXc30o2Qp18yVUP+fwrg9KO3U7U/wDTVf51\n1OrtJHrFjGB+7eVX/HpTYI5e/gNvfzQn+FyK7Vzk59QDz9K5vxXGsesMVx86BiMf59K6IENHGRzl\nFP6VcSTVtf8AUL9KmFQ2fNutTisnuWgpcUlLSAKKKKACiiigApKWigBKKKKACiiigBKKKKAEoooo\nAYnQ/U0tInRvqadQBUuf9b+FQmprn/Wj6VEa1jsSxhpKU0hqhDs8U1jQDSHvSAuikalWhqxKGU2n\nGmmmMQ1zesKrXEm9yiqc5rpK5vW4Xe+3LhguDtPc1URM1tNAW1RV6ADFWqq6ec24q0aHuJHPan/x\n+PVI1e1Xi7aqJrojsZPcdF1NONMj6mn0MaGnrUmMoR61GakH3PwrlxHwobI44yhPOc1bsT+/FZ0U\n0jzYZdo9M1oWX+vH1rnimpK4luW9S/48ZK59ZFQjPfpXQ6jj7DL9K54KMFuMj2ruhqUy3b+Z5ilg\nQp6AiqmsDN6Md1FWbUsxGSSQar6z/wAfSn/ZFOorCizNooorE0CiiigAooooAKKKKACiiigAoooo\nAKKKKAFpKKKACiiigBaSlpKACiiigAooooAKKKKACiiigAooooAKKKKACiiigAooooAWiiigAooo\noAs2LbbyBvSRT+tdxrcO9bSbHMU6n8Cf/wBVcJbHFxEfRx/OvR7kLJauOoxn8RzQwOJ8RyebrU/+\nzhfyFdPB/wAesH/XJP5CuLu5fPvJpT/G5P612VrzZWx9Yl/lWkSWbFn/AMe61YqtZf6gfWrNZS3K\nQUtJS0hhRRRQAtJRRQAUUUUAFJS0hoAKKKKAEpDnNLRQAlFLSUAMT+L6mnU1OrfWnUAVbn/WD6VA\nanufvqfaoDWsdiWNNNNONNNUIBQ3Q/SkoPQ/SgC8vSkahPuj6UNWBQ2mmnU00DENc/rW4TttcIcg\n7vwroDWBrgTzm83JUAHHrVx3JZd0j/j1ALFiOpPrV6qWlY+zghcZ5Iq7Q9wRg6sP9Lb6VnmtLWR/\npX4Cs010R2M5bix/eNPPWmR/ep5oYLYbTx92mGpF+5XNiPhBlS3VTIWCsMdCa0LTPnrz3qlBv3vu\nZSB0Aq7an9+v1rmXxoOpevgPscn0rnVI+YFgBjr+NdHeAGzl/wB2udCBiCe1dsCmT2pIk2hDtJ+9\nUOsj/SEPqtXIe3FVNZ/1sR/2ac3cImXRRRWRYUUUUAFFFFABRRRQAUUUUAFFFFABRRRQAUUUUAFF\nFFAC0lFFABRRRQAUUUUAFFFFABRRRQAUUUUAFFFFABRRRQAUUUUALRRRQACigUUAOWppLmeb/Wzy\nyf77k1COlLVCFFdvYnOnWv8A1yWuIFdppnOlWh/6Z/1NVHcTNux/1H41ZqrYH9yfrVqs5blLYWii\nipGFLSUtABSUtFACUUUUAFJS0lABRRRQAlFLSUwEooopAMT7zfWnU1fvv9adQBWuvvJ+NVzVi66p\n+NVzWsdiWNNNNONJVCGmk9aU0zNAF+M5RT7UpqKFv3S/Sn5rFooKQ0tIelAxtYOugGU7m2jAOT2N\nb9YWu7BITJnbgZx+NVHcTLOjyeZbjJBIAyRV+s3RGV4CyIVHQA+grTNEtxIw9ZH+kj/dFZhrT1n/\nAF6/7tZh6V0Q+Eze4sf3qkqOP71SUMaGGpF+5iozT0+7XNiPgBkEAxK3GBirlt/r1+tUoW/fH5sn\nHIq7b/64Vyr4kJbmjdj/AEaT/drnU610lyM27gDPy1gJazjllCf7zAV3RLZPDVbWBukg91q0kLA4\nMyDH90ZNU9WXY8JLluO/anISMuiiisiwooooAKKKKACiiigAooooAKKKKACiiigAooooAKKKKACi\niigAooooAKKKKACiiigBaSiigAooooAKKKKACiiigAooooAWiiigAFFFFADhS0g6UoqkIUV2ekHO\nj2p9mHH+8a4yux0U50a29tw/WqW4jcsP9U31q2Kqaf8Acb61brOW5SFooFFSMWiiigAooooAKSlp\nKACkpaKAEooooASilpKAEopaSgBi/fanU0f6xvwp1AFe66p+NVzVi66J9ar9q1jsSxppppxpp6VQ\niNj1qIvg06Q1UeTBpgaMEmY1+lWFOay7aT5FFX4WyM1EkNE9Np3akrMoSsfVwPtCkgEADIP1rYrF\n18DGWzt284+tVHcTLGmH5DyOvb61erM0QqbZQoIGOM1p0S3EjF1ofvk/3ayj1rW1sYeM+orJNdEP\nhM5bip96pD1qNPvVJQwQ2np92ozgkj0p8f3a56/wAyCMgzttQqB1OOtWoeJAajLgOF7+lSQ/60A9\nK40/eQjWm/1D/wC6a5tSSeSTXSy/6l+/ymuajGWwfrXfE0Zah681BrP3IT7Gn2xO9lPODTdZH7qL\n6miWwkY9FFFZlhRRRQAUUUUAFFFFABRRRQAUUUUAFFFFABRRRQAUUUUAFFFFABRRRQAUUUUAFFFF\nABRS0lABRRRQAUUUUAFFFFABRRRQAtFFFABRRRQA5avWem3F2AYo2YH0FUVrstAu9thbW+3g55z7\nntVWdtCW0tzmr+wlsJESYYLDIrpNCIOjxD0dh+tU/F4/fWx/2TVnw9zo49pW/kKIO6uOSsdBp/3X\nq4PWqWn/AMf4VeFTPca2DtmloFFSMKKBRQAUUUUAFJS0lABRRRQAUlLSUAFJS0lMApKWkpAMH+sb\n6CnUn/LQ/QUpoAr3f3V+tVzVm6/1a/739DVY1pHYljaa1OpjVYitMfwptvp0lxGJGkChuQMZNFzw\nDWjp/wDx5Rf7tEnZAiGLTI0A3SOcenFFuNhKddpIq9VGP/XOP9o/zrNO47FoUhpR0pKkoSsjWycL\ngZO3gfjWvWdqiRExtLJsx7dacdxMZpYIU5rQqnZGPgRkn3NXKqW4kZGt9Y/xrINbGtj/AFZFYxra\nHwmctxU+/T3cIpY9qjT7wp0yhkw3TNNghqHcu7ualU/IcdahjwFKg5wcVMn3TXPX+AGVoldJSZOS\n38QP6VbjOJAapOqteY8xsg529qux/wCsFcnVMDZbmM49K5hfvmumb/VnjtXNr/rWA9T1ruiWx1iF\nUEI27nk4p2s828J9zTLAqdwVcDNSax/x6xf71N7CW5i0UUVkWFFFFABRRRQAUUUUAFFFFABRRRQA\nUUUUAFFFFABRRRQAUUUUAFFFFABRRRQAUUUUAFFFFABRRRQAUUUUAFFFFABRRRQAtFFFABRRRQA5\na67Qwv8AZtpJj5vNKk/ia5Ba6nQXc2sCAjYHzj3zVxM5uyF8XxkrbSdgSpqTw2f+JS3tMf5CpPFm\nP7OT180fyNQ+GT/xLZRxxN0/AVFF+6az3Oi0/q9XqoWH32+lXxTnuJC0UlLUDCiiigAooooAKKKS\ngAooooAKSlooASkpaSmAUlLSUgGf8tT9KdTf+Wv4U6gCC6/1Y/3qrVauv9X+IqrWkdiWNNManmmm\nrEUrnpV+0fy9NDkE7VzgVRuelXLE7tM5O3g8+lKewIksbr7VEX27cdfyz/WolOLiT/eP86XTBF5c\nhhlEoZySR29qavFzJ/vVESmWx0pKB0oqRiVl610iPua1KzNa/wBXEf8AaNVHcTG6ceRWj2rN04jI\nFaVVLcSMvWx8kZ+tYprb1ofuk571iGtafwmctxF+8KfIAYyG6UxfvCnyKGQgnANNgiKJERSEORmp\nk4B71DCFCnZ90nip06GsK3wMbKiO7zjMeBnOauJjcCeKquw+1j5zuz07VbQYIrje6F1NkcoPpXNf\ndnbPqRiulj+4v0rmjkTtxzuNd0S2LZ7gTuAHpUur/wDHon+9UFrEUm3FieOM1Y1X/jxU/wC1Tewl\nuYdFFFZFhRRRQAUUUUAFFFFABRRRQAUUUUAFFFFABRRRQAUUUUAFFFFABRRRQAUUUUAFFFFABRRR\nQAUUUUAFFFFABRRRQAUUUUALRRRQACiiigBVre0fXE06yaFkZiXLAj8O3/16wVp4ptJqzBOxqarr\nL6kgjMYRQc59f8/WtXwojyWdwqDOJFPX2rlq67wQT5V4PQr/AFoSUVoJu50FrbyxMS23kdM5q2Ol\nNQgoDnOR19acOlS3cpC0UCikAUtJRQAUUtFACUUUd6AEoNFFABRRRTASkpaSkAUlLRQBGf8AW/hT\n6af9YPoadQBBdf6o/UVVq3cj9y34fzqpWkNiWNNNNONNarEU7mrWnhTpZD5K/Nke2TVa56GrWmNt\n08nGdpbj15pT2BEekNG6zGGExJu4U9+OtSf8vUn1p1iJk3pPIHY/NkcYz2prf8fcn4fyqFuUWl6U\nhoXpS1IxtZusjMC465OPyrTrO1gf6Op9/wClOO4jN0VLgXBMsgK44ANb1c/obqH2rubLH5jXQ1Uh\nIzNZ/wCPdPrWGa3dZH+jL/vVhGtqexnLcQfeFSOAUIPAI7VGOtSPyhGccU2CIogVUqTnBqaPvUES\nMm7c27JqePvkVhW+BjZWlJ+1gbe/WrS9arSY+1KM/NnirI5YVxPoI2o/9Wp9q5tji6bP9410cX+p\nX6Vzsw/0x1x/Gf513wLC1cs5BGAvAqbVP+Qf/wADFVrQYuHy2atakB/Zzf7woewluYNFFFZlhRRR\nQAUUUUAFFFFABRRRQAUUUUAFFFFABRRRQAUUUUAFFFFABRRRQAUUUUAFFFFABRRRQAUUUUAFFFFA\nBRRRQAUUUUALRRRQAUUUUAKtOFNWnCqQha6zwOeb0f7n/s1cnXU+Bz++u19VU/qaHsCOrt5VlT5X\nDEcHHrUoqGBmLuXVU6AANn1qZelQULS0UUgCiiigAooooASiiigApKKKACiiigBKSlooASiiigBh\n/wBYv0NOpjf6xfof6U+gCK5/1Lfh/OqdXLj/AFLVTrSBLG0006mmrEVbnoas6Vj7EwPTJzVa46VY\n0rm0kGP4jSnsNEOlzw+Y8ccjyszcsw6cdKsP/wAfj/h/Kq+ntKbxl+yiCJV9OpzViX/j8b6D+VQt\nwLC9KU0i9KWpYxKztZOLPceitk1omqOrrvsih7kU1uDMvRpDLIzbdq5+Wt7tXPaQYUuTHE+c8kel\ndDVSEjP1j/j1H+9WAw5roNXH+ifjXPnrWtPYiW40dalcZQ4Pao6lIypx6VbEiGKMp1YtU0fU1BAx\ncMx/Kp06msKvwMbEYLuDcbugpy/eH1qtcrGJlYud/GFFWV+8PrXB2JNmD/Up9BXPXJIvZPXea6CD\nmBfpWDdcX8n+/XfA0IrcRiZtrZbvVnUf+Qa3sRVOFkW6KqpySck1d1HnTm/3hVPYS3MCiiisiwoo\nooAKKKKACiiigAooooAKKKKACiiigAooooAKKKKACiiigAooooAKKKKACiiigAooooAKKKKACiii\ngAooooAKKKKAFooooAKKKKAFXrTxTB1pwqkIdXS+CGxfXC+sWf1rmq6LwUf+JpMPWE/zFD2BHX24\n2u48nyz1z61YWq1uy+fKFlLkYzn+Hk8VZFQygpaKKQBRRRQAUUUUAJRRRQAUlLSUAFFFFABTadTa\nBBRRRQAxvvr+NOpr/eX606gZFP8A6l/pVPtV2bmF/wDdNUq0gSxppD0pTTT0qxFa46VPo3+plH+3\n/QVBcdDU2j/cmH+3/QUp7AiLS2mN1MJZvM4BHfFWJf8Aj8b6Cks5bX7Q8NqPuZ3fXNLPxd/8BFQt\nymWV6UUidKdUsBtUtV/49Dzj5hV2qeqKGs2B9RTW4GHpG8XRxEEGfz610lc7pD7ruQsfmzjb6Cui\n7VUhIparzZN9RXPNXRaoP9Cfj0rnTWtPYiY3vUrfdP0qE1Mfu/hVsSK9shRTkYyelTp941FDnLA8\n4qZOprCr8DGyvc7hOu1AemTVlecUySENIHJ6dqeK4G9EI2Lbm3X6Vg34P2+X/erdtf8Aj3WsPUP+\nP+X613wL6ECkpOwcYJIKk9+au3g/4lsv4fzqqIxM6sTypyKt3POmzf7o/nVPYS3OdooorIsKKKKA\nCiiigAooooAKKKKACiiigAooooAKKKKACiiigAooooAKKKKACiiigAooooAKKKKACiiigAooooAK\nKKKACiiigBaKBRQAUUUUAKOtWrJbdpsXUjJHjOVXJJ9KqjrV/Sdh1CNZI1kVztwe2e9UthFu8ksP\n7OiS2hZ5AHyzfKV54J9ateDDjWHHrCf5inXl1I2nX6qsaeXMYhsQD5dwFReEDjWlHqjUdAOziEpu\nMmRdmWwqr6HHNWR3qtE8aXMikMrk8E9D9KsjqahlCiiiikAUtJS0AJRRRQAUlLSUAFJS0UAJRS0l\nABTTTqQ0AJRRRQAx/wCH/e/oadTX6p/vU6gBkv8Aqn/3TVLtV2X/AFT/AO6ao9q0gSxD1pppxppq\nyStcfdqTR+BN/vCmTjin6P1m+ool8I1uSWzj7ZIqxKiEZVh1Prn86dccXS/7o/mar2YjXVbhRMzs\nBwp6KP8AOKnuf+PlP93+prKO4ywnSlpqfdp1JjQ01U1IZtGHuP51cNVdQ4s5D6YP601uBg6fJKbs\n5j2jcBn1HP8A9auj7VzdjFKL4SPJlOcLXSDpVSEipqQ/0OSucPeul1H/AI85PpXNGtaWxExh61P/\nAA1Aam5xVsSIIidzA9qmj+91qCJsyNjoODU6fe/CsanwMbI7lpVbEeOmSTT492wbzk45qO7C5ViW\nHrjuKnBrz3siTXtD/o61iaiMX8n1FbVp/qB9T/OsbUx/p7/hXdA06DIqnuP+PCb/AHarxH5gMHnv\nVmU7tPmP+xWjJRztFFFYmgUUUUAFFFFABRRRQAUUUUAFFFFABRRRQAUUUUAFFFFABRRRQAUUUUAF\nFFFABRRRQAUUUUAFFFFABRRRQAUUUUAFFFFABS0lLQAUUUUAKKu6UrNqdsFBJ8wdPrVIdamglkgk\nEkTlHHRh1FUthHRTWc/2LVNyFQ8hkUnjI3Z/lVTwoca9B7hv/QTWVLNLNjzZXkx/eYnFafhc4162\n/wCBf+gmi2gHdhd1yd54HKr6+9TjqarxbklLSMp3984I9qsDqahlC0UUtIAooFFIBKKKKYBRRRQA\nlFFFACUUtJQAUlLSUAFJS0lAEb/w/Wn01+g+op1ADZBlG+lUB0rQIrPX7oq4EsSmnpT6aa0EV5+l\nJpb+Wbluu1Q386Wb7tJpH/HxOP8AZX+tEvhBDNPunuL0YtDEgDHzCPvZNXLn/j5T6U1EkXUGkabK\nOSoT0xT7v/XRn2NZLcomj6UppqfdpxpMEJ2qtfgG0kz6f1qzVe+5s5f92hAYVnKGuzGEI2E8/Wug\nHSudsxIt+25ht5AXuK6Ifdq5CRXvxmzkz6VzJrp77/jzl/3a5g9a0pbETGGph90VEetSr90VoyUQ\nxtucgdutSp96oYv9a3I55x6VMnDVjU+FlMju9+VKkAHg5NSr90VDe+UFBkznnbipUJ2D6V57+FCN\niyP7gfU/zrI1Yf6cx9QK1bL/AFH4msrV/wDj9P8Auiu2n0L6FElvNiAODnqK0HGLGVf9kiqEUcrT\neYAAoHBNX1JNlJu5Ow1qyTnqKKKxNAooooAKKKKACiiigAooooAKKKKACiiigAooooAKKKKACiii\ngAooooAKKKKACiiigAooooAKKKKACiiigAooooAKKKKAClpKWgAoooFACjrTxTB1qxFbyyHCRu2f\nQVcRMYK1fDXGu2v+8f5Gm2+galP921dR6txWzpXhy5tLyC5mkjHluDtByab2EmdE0cUt4NyjcuG5\n6n6VaHWq00YmnVGl24+ZVA5/OrI61kyxaWiipAKKKKACkpaSgAooopgJRRRQAlFFFABSUtJQAUlL\nSUAMk+4fqP506myfc/Efzpw6UAFZy/dFaNZy9KuBLA0004001oSQT/dpukjF1N/uj+tOm6U3Sv8A\nj7k/3aJfCNF1bKNb17kEl27Z4FNu/wDWRfjURuphqfksF8tvu+vQ5/lUt796L8f6VktyiSP7tPpk\nf3afSe4IbUF5/wAeso/2anNRznEEhwGwp4PQ0IDAso8zF8HJOa3l+6Kyba5d26Ko9hitZeVH0rSQ\nkQ3Y/wBFlz/drmG611NyP9Hk/wB01yz8E1dImYw1Kv3RURqVfu1oyEQ4VZzjAJGTUqfeFQL/AMfD\ndMHNTr96sp/Cyht0+wD93vJ6e1Oj/wBWPpUd4FKrvkKL6jvUiH5AAePWvO+yI1bDmE59azNY/wCP\n3/gIrTsP9SR71nax/wAfS+61209kX0K0LPgLkbenTmraLi2kA5+Q/wAqqQ1dj5hk91P8q1ZKOZoo\norE0CiiigAooooAKKKKACiiigAooooAKKKKACiiigAooooAKKKKACiiigAooooAKKKKACiiigAoo\nooAKKKKACiiigAooooAKWkpaACiijtQBYsADf24YAjzVyD9a9KhREHyIq/QYrzK1O26iI7Ov869P\nj6UxEnWlP9RSCl7UDIwztc8RNtDffP0Iq0OtVbh445kcly46Ac8VaFSxi0UUVIBRRRQAUUUlABRR\nRTASigUUAFJS0UAJSUtFACUlLRQBHJ9w07tSSD921OFACVngY/CtA1QP3n9iauBLG1UguDPNJggI\nvAHf61bNZ9sGF9KZEKyHoR93Ge1aElib7pqPTP8Aj+b/AHD/ADFSTfdqHTTjUfqh/mKH8I0Ou7m2\nh1NFZGafeAMDpkAVbvPvRfU1V1I37XW21gj2gDErYzmrV2Dsiz1zzWa6FEsfSn0yPpUlS9wQ01HO\nMwSD/ZP8qkqOXmJ/oaEBgWf3/wAa3U+4PpXOR3MVu+JHAPpXRRnMYPtWkxIbP/qZP901yr/eP1rq\n5v8AVP8AQ1yr/eP1q6XUmZGalXlBURqROEFaMhEQiSMlhnJ4zmpV+9SMMjGKF+8PSs5fCyhl4pMY\nIUNg9DS2+7yQH4NF3gIMnC55NOiJMSk+leb9kRrWH+qP4fyrP1rAuI8/3av6ef3TfWrDKpbcVUkd\nCRXZTeiKWxz0Ku33I3b6Crix3CxMfK2jHVmxWoelMkGY2HqKtyBI4miiioLCiiigAooooAKKKKAC\niiigAooooAKKKKACiiigAooooAKKKKACiiigAooooAKKKKACiiigAooooAKKKKACiiigAooooAKU\nUlKKACjtRRQA+I4lQ+jCvUU+6K8sU4YH3r1B8m2k25ztOMfSmBFFqMLFtzADOFA+Yn3wOlXAwaMM\nvQjIqlaXEEMCrI8aP/EB1zVqH/j0jP8AsD+VAD5SwmUhgAu3Ix97JxU/8VV5IohIH2bpSflyanGR\njJycc1LGOoooqQCiiigYUUUUCEopaSgBKKWkoAKQUtJTAKKKKAENFLSUANf/AFbfQ0o6Ukv+rf8A\n3TSjpQAlUG/1j/7x/nWhVB/vv/vH+dXDcljDWdA4a/YbyWwdw9Of/wBdaVZxE4vWwkaKx692AP8A\nhWiJLMv3ag0/jUR/un+lTyfcNQ2PGoL7g0PYZJciE6ujS3LK4wEiB4birV7/AKtP96q97JAmpRbr\ncM+BiT05x/UVZvf9Un++P5GsluUOi+7UlRRfdqSk9wQlMk/1bfQ089Ka/wB0/SgDkysMl8itHvY4\n5I4AxXTxf6sfSuZZJGvV2SBVxjB65/8A110sGRAmeuKuQkEn+rYexrlZfvn611b/AHW+lcpKPnb6\n1dLqTMjNSJ9yozUkf3a1ZCImlIn2beD3qQfeFVpd5vF/ujjNWR1FZvZlBcsqxZZQwz0pISTEDUpw\nOCOtJjArzL6WJNHTv9W34VbNU9N+41XCcda64fCjRbFG7uZYZUVFBUkbiR2OasMMoR7VQ1JA17b5\nkKr1ZfXBFaHarA4iiiikUFFFFABRRRQAUUUUAFFFFABRRRQAUUUUAFFFFABRRRQAUUUUAFFFFABR\nRRQAUUUUAFFFFABRRRQAUUUUAFFFFABRRRQAUCiigBaKKKAFFen2h3W8Z9VB/SvLxXpum82Nuf8A\npmv8qYEttarA7lTncxYZA45z1qwehpBS0AMeRRMqg7Txlj/KrHeq0wkERMSqcgltx6cdf0qwucLn\nGe9SxjqKKKkAooooAKKKKACkpaSgApKWkoAKSlooASiiimAUlLRQAyQZjYexoX7opx+6RTU+4PpQ\nAtUXH7x/941eqlMMTOPerjuJkZqiiSLfu0iZDfdf0HpV6oTPH53k7vnxnFaECSfdqvZcajH75/lV\nmX7pqpbcajD9T/I0PYZcv4YmuoWkmKHcpC+p54/z6VNe48hf94VW1MN9rg2wbw2PnPRcEn+tWb3/\nAI9x9RWK3KFh6VLUUP3alpvcENpDS0nekByUnkjUI94JlyNuOldPD/ql+lc7Kr/bEZVBUMdxPpnF\ndDAcxL9KuWwuo5uVNcpMMSt65rqz0rlbgfvn+tXSJmQ+tSR/dqM1JH92tWQivKSJwN3y5HGO9T45\nFRToTKrZAA/OpR2rNlC3DMse5RuII4pkDvJuLrt9MUt1kw4Unr2psMYiJUMSOozXm6cpJq6dwrf5\n7mprqdotqxx+ZI54Gf1qDTf4h7f1qbreNkcqgAP1Jrqp/CjRbGZqZkW4t2kaMNuAwvYe9av8P4Vn\n6yMRq5VAoYEkfeNX0ZXQMpBBHUVYHFUUUUigooooAKKKKACiiigAooooAKKKKACiiigAooooAKKK\nKACiiigAooooAKKKKACiiigAooooAKKKKACiiigAooooAKKKKACiiigBaBRRQAor0rSjnTbU+sKf\nyFeaV6ToxzpVof8Apkv8qYGgKUUgpaAIrh1EKbpTGrDBwM5q16VWnA8mMuwVeAeP8+lWfSoYxaKK\nKQBRRRQAUlLSUALSUUUAFJS0nrQAUlLRQAlFFFMApKWigBKbGfkX6U6mRf6pfpQIdVOb/Xv+H8hV\nyqU/+vf8P5VUNwZGazyr/wBo42fKDu3fgeP1/StGsq5WJ9RVDcSByQ3lg8dK1IL0nKmqkH/IQh/3\nj/I1bf7pqpDxfRf71PoBfv2vC8aW0aNG332PUc8/pUt2P9GPsR/On3VzFaw+ZMcDoB3J9qbdH/RW\nP0/mKwW5YyH7oqaoYOVFT05bghpptONNNIDlblsXqAybBvIx/e54robRw9ujL0I4rntSdI7veYjI\nwZse3JroLPH2ZMDAx09Kt7CJTXLXX+vfH9411Vctd8XMn+8aqluTPYrkdafH92mGnxfd/GtmQhkq\nOzjBAUU+lYgDJ6U3vUFD5RmMkNgjkGorcMdzOcse49KkmwYiDwDwaityN7KD0GD+fFeZ0ZJqad1b\n2FSzN5V4jH7si7M+46VFp332+lWriFZ4zG3fofQ+tdVP4UaLYoXF0hHmmBT82wFz1PpVi0iaG2CN\njIJPH1rPu4xHGPtuS7FiNvQtxWqn+rX6VoBxVFFFSUFFFFABRRRQAUUUUAFFFFABRRRQAUUUUAFF\nFFABRRRQAUUUUAFFFFABRRRQAUUUUAFFFFABRRRQAUUUUAFFFFABRRRQAUUUUALRRRQAV6LoB3aP\nan/YxXndeg+GznRLX/dP8zTA1xTqaOlLQBHKZdqrHFv4PJIAHUVYHCioJghiQSOVTeckHHrUkChY\nEAGOBkVLGS0UUVIBRRRQAnrRS0lABRS0lABSUtFACUetFFABSUtJTAKKKKAEpkX+rX6VJTI/u49C\naAFqnP8A69vfFXKqXIIm+q1UdxMiNUJI2N9u2qBx83c8f/Wq+azbllGoIp3b85T0xxn+taogtv8A\ndqmpxeRf74/nV1+lUW4uYT0/eL/MU+gybUrS6e6+1xurrDyImHBGOtaFzzaE/T+dRaoty8Ci3nSE\nHIct71LOuLMj0ArAobb/AHam7VBb/dFWKctwQ002nU01IHM6gJReMY2AG8lsjrzW7a/6hawtVkih\nu2aQnAZgAO9bdi/mWquARuGcHtWj2F1J+1cxf8XcuP7xrp65nUeLuT/eqqW5M9ioTT4+/wBaZT4+\nc1syEMnjMke0HBzmnYxxTzTO9QUOmKCI+YflxzUdvggtt25p86o0eZOVHNQWskZJjjJIHIz6V5tt\nGI1tOPzn6VfNZ+nH5z9D/StE10U/hLWxnarMkMSbovMJb5fY1ZiJMSk9SBVfVDN5S+RjIO4k+gp1\niJRb7ZzmQHnFadAORooopFBRRRQAUUUUAFFFFABRRRQAUUUUAFFFFABRRRQAUUUUAFFFFABRRRQA\nUUUUAFFFFABRRRQAUUUUAFFFFABRRRQAUUUUAFFFFAC0UUUAKK77wuc6Hbf8C/8AQjXAV3vhQ50S\nIejMP1NMDcFKKRelOFACEt5B2xiQ5Pyk4HWnRhlhQN94AZ+tNZQ8O05wW5x9aIU8tHB9c9fYZ/Wp\nGTUU3emQNy5PQZ5p1SAUUUUAFJS0lAC0lFA5oAKKKKAEooooASilpKACkpaKYCU2Pof94/zp1Mi6\nH/eP86BDjVW5P74f7o/matmqdz/x8f8AAR/M1UdwZEapXc5WdY0gdmJGXA4AzzV6q7qXmYEkLsxx\n71qQOf7tZ8pxNGfSRT+oq5Exa3QsckqMmqkgzOn++P500Bd1qRI7ZTJG7qcrhe5yP8DVp8/YmyOd\nlQ6kLl4kS1kWNieWbsKnwfsZ3MGPlnJHfisCyK3+6KnqC2+4Knpy3EgpppaQ1Izm9SDC8c7Qw3HO\nfpWxZf6gVlakgkvZY26E/wCH+FatlxCK0ewupPXNakMXkv1rpTXN6n/x+y/WqpbilsUjTou9NNOi\n71s9jNDJRIVO1gB3p45APtUc77Dwuc5H41IDxUFD5P8AVtgZOOlVLMplsffP3quFd0eM4yMVDHbp\nExZSdx9a826V0Iv6ef334H+laWazNP8A9eM+laZrop/CVHYoamk7RoLckNkgn2pbCOWK3xOcvmrh\nphrQZxNFFFIoKKKKACiiigAooooAKKKKACiiigAooooAKKKKACiiigAooooAKKKKACiiigAooooA\nKKKKACiiigAooooAKKKKACiiigAooooAWiiigArufCBJ0ge0jVw1dv4OP/Epf/rsf5CmB0Qpwpop\n1AAWKxsQOc8Z6fjTAU+yyFXDjBLMD1OOaVwWhcAFvmHA7jjIqNh5lpcYiKBkICkYzxUjK0DI0ilC\nDhgOPrWpWLYE8sYzGS+QD1raqqgkFFFFZjCiikoAKBS0UAJRRSUAFFFFACdKKDyKKACiiimAUyP+\nL/eNPpi9WHvQIdVS5H70H/Zq3VW6++h9jTjuDIKq3VvJKwaKYxHGGIHUVaNZzahILp4hCCoYqGJx\nkjrWxBaCBIwg6AYqjcHaQfQg1dVi6EsAD7HNUL4fun+hpoC/rf2Y2a/ad/XK7OpPpUtpLFLpY8kM\nFWMrtfqMDHNPvtgjgd3CBZQcnp0NNieOVLl4iGRifmHQnaAawLC2+6Ks1Vtvu1a7U5CQ2kNKaQ1I\nzHvJIUvWHkgv1LE1dtW3R9APpWZqQP8AaJ/D+VaNj/qq1fwi6lg1zuqjF69dFXPavxetx6UUtxS2\nM806PqaaadHjJ+lbszRFcSbAOvJ7U9eVB9qbK4jOWBI5HAqQHIBqCiQfdFQJNuuHj/hXvUjv5cJc\n9hVexTEZc8ljmvOa3YjTsf8AXCtM1l2P+vH+exrTral8JUSKWaOEAyOq56ZPWoo7iOdiIyTjuRio\ndT2hoi6luGAA554qKwOZemAV6H61ulpcd+hzVFFFQUFFFFABRRRQAUUUUAFFFFABRRRQAUUUUAFF\nFFABRRRQAUUUUAFFFFABRRRQAUUUUAFFFFABRRRQAUUUUAFFFFABRRRQAUUUUALRRRQAV2ngw/8A\nEtlH/TY/yFcXXY+C2/0OdfST+lMDqBThTRSigBDkxOATyccdulMRGEcqMGCBdoJOfX/EVLkrFIR1\nAz+lQ22GEieaZOOcnoTnNSMyNPSMFpVMpcDHz+nr+ldFWFbb2SRndXYjA29MDP8A9et2rqExCiii\nsigooooAKKKSgAooooASiiigBKKWigBKKKKACmL99/r/AEFPqNPvyfX+gpiH1Vu/vR/8C/pVqqt3\n9+P6H+lOO4MgrFvpLi3kcttaHedvPTODW0apXKI8jhtuPc+wrZK71IY+DJiGe4B/Sq14Mxtxzg1b\njxg7SCvqPpUFwuVP0poDWeJJ7cxyqGRhyKZFbxwQeVCgVQDgCpk+4KO9c5ZTth8oqzUFuPkH0qft\nVSBCGmmnGmmpAwtUIGoZJwMDqau6e6vESrBgO4NZ2vKjSkSHauVyR+NWtDijitP3eSG+bJ71p9kX\nU0jXP6x/x+H6CugNYGs/8ff4CnS+ImWxmmnRfeNNalj+9+FbszQ2aQJ1OOaVDlAfUU24454wDk8e\n1OjO6MVBY6WPzbdlHXHGKjs932cBuxxVhORSYAHFedN6teYieyP79PTP9DWoayrP/j5THrWoelbU\nvhKjsUNTbyxGQRnDDB/CobBi0w90P86u3VslwFDlht9KbFaxQNlAc46ls1vdWDqchRRRUFhRRRQA\nUUUUAFFFFABRRRQAUUUUAFFFFABRRRQAUUUUAFFFFABRRRQAUUUUAFFFFABRRRQAUUUUAFFFFABR\nRRQAUUUUAFFFFAC0UCigArrvBJ/c3I/2l/ka5Gus8En5bse6H+dAHWLTxTFp4pgIzFY5WGCVXOD+\nNNtmJkdGdWI6qBgjt+tOJwspIyAucevWkhwkhjVAqYO0g+nB/nUjMi0jZDJlNi7VAH5k/wA63gci\nufs/KWWVIpGc8bs9jzW+h3Ip9gauoSh1FJRWRQUgpaQdaAFpKWkoAKKKKAEooooAKSiigAooooAS\nmrw7+5H8qfTf+Wh+gpgKarXfVD9as1XuvuL/AL1OO4mVjUTRIX3FBu9cVLTa2IG4xUMq5FTmo2HF\nCAiFzdBVTzAAOOFp0UbTxq0sjvkZwW4pNvIq1apiBP8AdFS0kNNksS7VA7U80Cg1kykNNNNONIaA\nOf15WMpCIHYqBg1a0fzPJIlGMAcfhz+uaNTgMlwjb0UbcfMferFmoVSAQfpWn2RdSyawNa/4+h/u\n1vmsLWx/pCn1Win8QpbGWaWL71IaWMfN+FdDMkOZc5pMALgU8nikCs33VJ+gqCxV+7QTUsdvcFQB\nC31PAp62E5HLIn6muCVOTkxWI7XP2hPr61rHpVW3sPKlEjOXI/ACrLuiDLuq/UitYLlVmXFMQ001\nWl1Ozi4aYMf9kZqpJrkA4jidvqcVdx2OeooooGFFFFABRRRQAUUUUAFFFFABRRRQAUUUUAFFFFAB\nRRRQAUUUUAFFFFABRRRQAUUUUAFFFFABRRRQAUUUUAFFFFABRRRQAUUUUAKKKBRQAV1Pgk/vLseo\nU/zrlq6XwUf9LuB6xj+dAHZrTxTFp9AAFDbwehXB/Wo7eaORgiLJlVPLD3xUqfe/CmwhVZxvVnLE\n4zyBnjikxmRCXW5kRggVslQvbBxz+dbNv/qI/wDdH8qx8RxXMrjcS8pTntyf61sW/wDqI/8AdH8q\nuexKJKQGlpAMVkUFLRRQAUUUlABRRRQAlFFFABSUtFACUUUUAFMB/fMP9kfzNPqP/ls3+6P5mmIf\nVe7/ANWv+9/Q1YqvefcT/e/oaa3ArGm06krYkbTSKfgmjY3pSERAc1bthiBB7VVLxIfnkUfjVu25\ngQ4xkZqZMpIkppp1NPFZFDTSGlNNpgY+tf8AHzF/u/1qxp54P0qxc2sUzK8y/d6EnFRefZ2wx5sa\n+wNVzLlsTZ3LBrN1SzkuWRo8ccHNE2u2MfRnf6DFUpPEe7IgtyfzNEW07objdD10dyfnlA+gqaPS\nYFO4l2I9TWc+p6rNwibB9AKryR30v/HxdAfViatubItFdTcYWVv95olPucmoJNXsY87X3H2GKwzb\n268y3DMe+DU8FtaugZI8j1NLlb6j07FmXxDH0hhLH1Y1Uk1u8k/1aJGPYc1JcxIsXyqBz2FVNuKa\npruHMNku72b78rfQGoDGzcuxP1qxikIqlBIXMyARAUu0DoKlIppFOwrlKiiisTQKKKKACiiigAoo\nooAKKKKACiiigAooooAKKKKACiiigAooooAKKKKACiiigAooooAKKKKACiiigAooooAKKKKACiii\ngAooooAUUUgpaACui8F/8hGb08r+orna6DwYcapKPWE/zFAHcL0p4pi08UAC/wCs/CmxxQJKDGUB\nAK7Qeev/ANanr/rB9D/SoYLeOOZm2BcEhPfPJP8An0pMDLmmBunt9h3+cSeOAN2c1tQf6lP90Vnz\nFRM+SPvGr1qc261c9kJbktLQBRWRQUUlLQAUUUlABSUtFACUUUUAFJS0UAJRRRQAUzH7zP8As06i\nmAVBd8R5wTg9AMmp8GkIIGeg9aExGeDI33LeT/gWFpRFcN2iT82NWJLq3j+/PGPbdmqsms2KZ/el\nsegquZhYk+yyEYe4bH+woWkFhD1fdIf9tiaoSeIYs4ihZz7moTq2pTjNvbBQe+3+potJ9AsurNtI\nI0+5Go+gpWKoPmZV+prnm/tefO+UIO4Lf4VA9lnm5vcnuBzT5JdRXRvy6hZxZ3XCcehzVCbxBZx/\ndDP+lZnkabH94vKfrxSfabWIfubZR7mhQ8x38izJ4hmkyLe0J9+TULXur3Gdo8pT74/+vVd9Smxh\nML9BVeS7mfrITVckRczJ3tbiQ5uLwL7ZzUTWtmgzJO8h+tVWkY9TUZqkrCbLnm2UXCQAkdzzTX1J\n+iRoo+lUzTaBaE0l5O+cufwquzsepJoNNosMQn3rQtnZdPdl6qc1n5HrWlpybrZgwOC1AiaUl4AS\nME4OPSquKuyj5MVWIqhEWMikIqTFIR60ARY7UmKkIpMH8aAMyiiisDQKKKKACiiigAooooAKKKKA\nCiiigAooooAKKKKACiiigAooooAKKKKACiiigAooooAKKKKACiiigAooooAKKKKACiiigAooooAK\nWkpaACt3wgcauR6xkfyrCrZ8KHGtRj1Vh+lMDv1+tPqNetPFIBy/f/Co2RmmSRudrHAHYYNSL94U\nw+f5y5ZDGWIIC8gYPfP0pAjH+2O3iSayYKUAJHyjP3c1sWZ/0Zfqf5mubYkeOmABIxz/AN+66SzH\n+jr+P86bXuh1J6KKKgYUlLSUALSUUv1oASio2nhj+/Ki+2aryanaJ0kLH2WjcC3RWY+tRD7kZP1N\nRnVbtz+6tv8AxwmqUJdhXRr0h45OB9TWOX1WUcnyx9Qv8qhazmbme7A/En+dPkfULo2nuIY/vzIP\n+BVWk1Szj/5aFv8AdFZn2OzX/WTu3rikAsY/uwlj/tGqVPzFzeRak16Ff9XCze5OKiOr3cv+ptiP\nfbTPtqoP3UKL+FRvfzHowH0FUoLsHMx5k1aY/e8sfUConsriQ5uL0D8STUL3Mr9Xb8TUJYnqapRX\nYV33LP2SzT/WXDyfTik3WEX3bfef9qqhJphp2FoXTqCp/qoET6CoZNQnbo+PoKrGmmiwDnuJX+87\nH6momYnqTS0yiwXGtTTT9pY4UE/QU5bW4c/LE2PegLlc0w1fGmTnlii/jmpF0tP+WkrH6cUhXMo0\n01tLYWyD7hb6mpVjjT7iKv0FMDBWCV/uxsfwqVdPuD1Cr9TWwSaac0AZq6YOry/gop4sbdeoLH1J\nq4RTcUAQiKJPuxKPwpSxHTinlfam45NADGOe9Rkc1KRx0qnJK63qx/w8DHrRewEpX1o24qQjikxQ\nIixTcVLim4oAxqKKKwNQooooAKKKKACiiigAooooAKKKKACiiigAooooAKKKKACiiigAooooAKKK\nKACiiigAooooAKKKKACiiigAooooAKKKKACiiigApaSloAK1/Cv/ACHYB7N/6CayK1fDLbdctz/v\nD/x00AehL0qSmJ0pwoAUffX6/wBKZE0rTMGLFRk+3XAH6H86ePvr9f6U2NZBcEnlSCevv6fQUmCK\nt0Cbl8MR04H0q3ZgmDABOCap3kdw1w3lDIOOajW0uWADSADv8xNXa8SVZM1GljThpEH/AAKoHv7Z\nOr5+gqj9kgX79wzeyjH+NLstE6Rlz/tGkoIq5M+rQqDtRmx6nFRf2lcSj9zB+IUmk89F/wBXCg98\nU17uU9/yFVyLsLmYu7U5eN2we5A/lTGtJ2/19yo9s5pjTO3VyfxqMmqURXfck+yWy/6yd2/3eKXF\nknSAsf8AaOagNJVWEWRdqgxHEij2FRteTEcNj6CoDSGiwD2nkbq5P41ExJopDRYVxpppp3WlWKR/\nuxufwpgRmmnpVkWVw38GPqakXTXP3pFFFwKFMxWsumxD7zu36U8WVuv/ACzz9aLoDEPtThDK/wB2\nNj+FboRE+7Go/CjJxSuBjLp9y38IX/eNSDSnP35VHsBWpTSKVwKK6ZCv32Zv0p62dsn3Ylz781ZI\nppFFwI8Ko+VQPoKQk+tSEUzFIZGRTCtTEU0jigCErTSKlIzxSEcUxEJGaaR7VKR6U0igCIrTSKlI\nppFAEWKaRUuBTTigCLFZtwMaknHpWoapTW7teJIPujGfwoYE5AxSYpxpCeKAGHpTacelN7UCMSii\nisTUKKKKACiiigAooooAKKKKACiiigAooooAKKKKACiiigAooooAKKKKACiiigAooooAKKKKACii\nigAooooAKKKKACiiigAooooAKWkpaACtDQDjWrX/AH8foaz6vaL/AMhi0/66rQB6SnSpKjTpipBQ\nAo+8PrUaNm8dSjcL94jjH1/z0p/p9RTAsn2onkoTnrwMD09yf0pMaFmcRnLdCwUfUnA/nTjyKraj\nbtceTtODHMkmPUA1ZFNbEsyieaaaU9SKAjv91GP0FbEjDSGpxbTN/Dt+pp4sm/ikA+nNF0BUptX1\nso/4nY/TipBbQr/yzB+pzRzIDL70oikb7qMfwrVCqv3VUfQUvOKOYRmCznb+ED6mnjT3/ikUfTmr\n9GKXMOxTFhEPvMzfpTxaQL0jz9TVjFGKV2FiEqka5RFH0FMMrGpZR8hqsaaAsAkqDRilT7g+lLik\nAwikxT8UhFADMUhHFPxSYoAZikIp+KQigBhFNIqTFNxQBHimYqU0w0AMIppFONNPTmgBhFNIp5ph\npgMPpTDTzTGoENNMNPNMPWgY00xqcaaaYhprOlvmDlUVcDv61oHrWJLxKfqaTGjVjkEkYYdDQags\nDm3HsTU560xWGnvTTTqYe9AjFooorE1CiiigAooooAKKKKACiiigAooooAKKKKACiiigAooooAKK\nKKACiiigAooooAKKKKACiiigAooooAKKKKACiiigAooooAKKKKACiiloAKuaPxq9n/12X+dU6taY\nwTUrVj2lU/rQB6anSn0xOlSCgBD2+o/nUKywvfYVy0itjgHhdvT86nPb6j+dIZcTiLnJ5x7YpDQ5\n8b/wpuadIPm/CmYprYljQijoq/lSknPWloxzVCEpvrTiKXFADMUY4p2KMUANIpMU7FFADSKTFOoo\nAbikxTqKYEUw/dmqlXJv9U1UzVIRai/1a06mw/6oU+pGNxSEU7tTTQAlJSmkoATFNpaSgBDTDTqa\n1ADTTKcelNNADT0phpxpp6GmIYaYaeaYaAGmmGnt0qM0wGmmGnn0phoENNMNOPSmmmA01i3A2zOD\nwQTWyarzW0Ur7mXn60ARaf8A6g/71WDSKiouxRgDtSmgBhptONNPWgDFooorE0CiiigAooooAKKK\nKACiiigAooooAKKKKACiiigAooooAKKKKACiiigAooooAKKKKACiiigAooooAKKKKACiiigAoooo\nAKKKKACiiigBaltWK3MTDqHB/WoqfCcTIR13CgD1ROlR219bXTMkEm9l6jGKenSqqTTSXibbJlQA\nqWdgMZI7fhTSEXz0ok3SsYlztx85H8qRvuk02VDJPty20KOAfr/gKljJX6im0HcQu7rjmgCmtgYU\nnenU2mIMUYpaSgBMUUUUAFJRRQISkpaKYCUlKaSgBkv+qaqRq7JzG30qiapCZbg/1Qp9Rwf6oVJS\nGIelJSmmnrQAlJRSGgBCabTjTaAENMPrTz7Uw0ANNNNKaaaAGmmE049KaaYDT0ph6U40w9KBDTTD\nTz6VGaYDTTDTjTTQAw9aaaceabTENIpppxpp+lADTTTTjTDQAhptMnmEO3Pc4qG1lMm5WOSD1pXH\nYzqKKKyLCiiigAooooAKKKKACiiigAooooAKKKKACiiigAooooAKKKKACiiigAooooAKKKKACiii\ngAooooAKKKKACiiigAooooAKKKKACiiigBaVPvD60lKvUUAeqp0qG1mjeRI1bdIiEOP7pyOv1I/S\nn27b4UPqoNRw3Eb3ZhhjcYJ8xtmBkcUIC233G+lR3ThWAeZoxjgL39alP3T9KbMryOgjcIcEk4yc\ncUAOXdsj3/e28/WlpFbfGjEgkqDxRSQC9qTvRSUxAaKKKYCUUUUAJRRSUCCg0DpSUAJRRSUwGv8A\ncb6VRNXn+430NUapCZZtz+7+hqSorb7h+tS0mMSkpaSgBppKWkoAaaSlIppoASmmobm5kiljRYC6\ntjc/ZecVMaAGGmmnGmmgBhph6U80w0CGGmmnHrTT3pgMNVrico6xoMu3J9h61YJqnepCWSRm2yKR\nt5689KYE5pjU6mnrQA3tTTTmppoAaaaacaZTEITTD0p5GaZQBUvxiNWxyGqOy+Z5GxjNW5EV1Kty\nDTI41iGF4/rStqBk0UUVkaBRRRQAUUUUAFFFFABRRRQAUUUUAFFFFABRRRQAUUUUAFFFFABRRRQA\nUUUUAFFFFABRRRQAUUUUAFFFFABRRRQAUUUUAFFFFABRRRQAtA60lKKAPUNPIaxtyOhiX+QqOCa5\nN6Q8iGFmKqgXBH3uf/Hf1pdLOdMtf+uKf+giliWKO6AAdmkZiCeQpHUD8z+tNAXT0qO4VXVQ0e/5\nSQM454H9akphH+qbYzFVOAOnapBDwcxpkAHoQO1FKyhVUDoDSUIApKWkpiCkpaSmAUUUlABSUtJQ\nIKSlpKBhTaU0hpiEb7prOd1QAuwAJwM+taJ6VgTJML0TOFkjDbQvTYM4zVIRr233D9alqG1PyH61\nNSY0FNPSlpDQAlIaWmmgBDTTTqaaBGfqLyLNAonWNWYDaVzuOf07VcqlqKv5q4hDiRdm4/wc9f1/\nSrgOVyOlAxDTD6U80zNADDTDTzTCaBDTTDTjTDTAYao3yqZkPlhiuM57Dmrx6VQv1Qyx7pCuTyOx\nH+c0AWc8U09ad2qnHdyPMqGAqpzyaYFgnmmnmop7qKA4dvm9BUmcgEelAhD6U09KcaYRnIpgITTT\n1p2aaelAEUrrGm5vpUUFwJeDwwpL4gRBSOScg1XtgUnA45H9KnqNbFWiiisywooooAKKKKACiiig\nAooooAKKKKACiiigAooooAKKKKACiiigAooooAKKKKACiiigAooooAKKKKACiiigAooooAKKKKAC\niiigAooooABS0lLQB6Xo5zpdp/1xT+Qp8fni+CeWBEu5t+eue2PXOag0Jt2j2p/6ZgVMUf7ZuRCQ\n7AMSemACMfqKALq9Kjudn2ddxcYHATPJx7VLTJ2dbX5GRCeCX7UgRK/QfWm05vu02hAwpKWk7UxC\nGiiimAUlMlmjhwZXVNx2jJ6mpAMnFACUlVbOW4cuLjYThXXb2Bzx+lWqBCGg0UnagZFPcJCVU5Z3\nOFVep/8ArVJWZfxxwyPdG58mcAlSTkMPTFaKMrxh1IKsMgjuKYha53VEikuURxNlhj5OmM9TXQ1h\n6jKFmSNyyRE5ZwPfgVUQNCwbdCOCvAOD2q1Ve143/hTLSaZ5JEmC5ABBHvkY/Sk9wLVJRSUgCmml\nNIaYCH0pppTTTQBk635OE84SNwdoTpn3q7a4+zIVUqCM7T1Geah1Jp1VPIdU6lt34VZX7o7UABNM\nPSnGmGgBpphpxphoENNNNRXcs0SjyYw+c5yelOVtyg+vNMBDVK+UsBhlXPGT6/8A6ialjuDJKyNE\nVXqpPeodR2bV3oXByBjse1MCx1HNVopknkJCkFehPcVYXoKqW+8SMHKnaMLjuPWgBlyHWXeqKe2T\n7/8A6qnUERqDyQMVDfeXtXzSdmecev8AnNSxE+Sm4HOBnNACn6009aXNJTENPTFJ1paaaAKt6oMW\ne46VBaA+Zk+lX2AYEGokVEG1aQGVRRRWRoFFFFABRRRQAUUUUAFFFFABRRRQAUUUUAFFFFABRRRQ\nAUUUUAFFFFABRRRQAUUUUAFFFFABRRRQAUUUUAFFFFABRRRQAUUUUAFFFFABS0lLQB6J4bOdEtf9\n0/zNaXmxrKsTOokflVzyayvDHOh22fRv/QjV12jE5V2/eNIhUdyMjp+RNAF0UyXiNG2FwrElQM9i\nOn40+mOSkavtZgrkkKOSOaTBDz+7gUOwG0AEngUAhlBBBB6EVXvY86W8bozkIBtHUn/9dPtY/Jh2\nBQoDNgDjAJJH6UIGS9KTtxS0g4FMQlVFmvHudv2eNIQ2C5fkj6VcrMsokGoTSoJNxZ1ctnAOQR+h\npoBup3KibyhaSzuI2HypkDdjHP4VfmUywsquyE/xL1FV9Td0gBUERZ/espwQvtVqMho1YdCARmmB\nQ02K3hklWC4Mz7V3EvuwOcf1q/Wfpzr9omCQpGjYK7evQE5/76H61oUgGu6ojM5CqBkk9qgs7k3Q\naUACE/c55PqTU0qLIm1hxkH8jms2xkZbpxFYtDHJ95mbHIz/AA0xDtZheWFSiW5Chtzzfwj2q3bo\n0cIVyuQTjaMDGeP0xUOopIyRsiLIiHLxE43fjVocjigArE1ZplVxEIyrBgd56Vt1i6pAk8mHTcFV\n2AzjniqiBc05meMFtpbA3bTxnvUOlBA04WORRuG0v/EvOMfrUlsGihfyFUtjIBOBmmWAuUkKXLxk\nhAFVOwHrQwL9JUF3cG3RSsfmMxAA6VJHIJY1kX7rgEZ96kB1NpaillSFC8hwooAeaaTSI++NWwRu\nAOD2qm2oxi48kRSs2/aTt4HNMAvYlldAF3OFcrnp0Ax/KplOVB9ar6n5YhV5JGjweq9SD1FTpjy1\nK8qRxigANNNKelMJoAaaYaeTTDQBT1EKYhunMQ9u9ORmNqpTBOzI/Km36M6IqIjsTxu6CnQMGgRg\nNuQCB6UxFO3S4WZfPcN8p2gduRUl1IiAB32gg/nxUcAUXrkO7HB+9069qdfcoqhAxJ43DOP85oAl\nU5QH2qrAWMuGj27AVz681ZRt0asOMgGqcJzdsQ+TzuHv/nNMB16SIciQJz1IzS2wYRfPJ5hPIb2o\nvHCRqxTzPm+7+Bpto7NCNybdvAoAmNM65pxFNPWmIQ+tRGTrhSRUjcqfpUAlBlMYB44zQMlVElIV\nhkHn61HKixsCihdpxgDGQeP8KVW2bTjOM8Z9jTJpvNbqpHHK59R6/Wp6gZVFFFZlhRRRQAUUUUAF\nFFFABRRRQAUUUUAFFFFABRRRQAUUUUAFFFFABRRRQAUUUUAFFFFABRRRQAUUUUAFFFFABRRRQAUU\nUUAFFFFABRRRQAUtJS0Ad/4WOdDg9iR+pq9czLDNu+yvLIq5VlUcD0yazfCLZ0ZR6OwrdGO+Bnjn\nvQA5SSoJGCe3pQeIuFLEHOAcd6Wmu+yBm5wDzgUmCGzkvZy+dm3GOSG5A9c1HYFTZpskaRQSA7HJ\nIyakz/oJITePLyEPGeOBUdjv+zAyRCIliQg7DPFNAyxSdqDR2oEJVSCZXm2GUGUM4KDsu7gn9Pzq\n3VFZCupsvlIFcAbx94nDdf8Avk/pTANTjDxRsZkiKNuBcZUn0Iqe0nFxaxTBg29QSR0z3/WmXqK8\ncatEkoMgyH6Ackn8hT7VFjtY1RBGoUfKO1MCpaQxw384jZ3yMsT0Q/3R/nsKvVn2ZB1G5Eb7VBbd\nETyzZ+9jsP8AGtCgBrMFUsxCqOpPaszSnt2djFKZJXQPLk5G7/Of0rSdFkQo4BU8EGqNkDFcsvlR\nJHIGaMIuCACBz+YoEGqtAFi+0GUISR+7J6+nFTWEiS2iSRqyq+ThuvWn3DKvll5BGN3UnGeDx/n0\npLMk2kJPUoCePagCU1iawYVYea7p8xA29x3H8q26xtWieSeIoF4fnd9Qf6U4gWoWbYxiwTsyuRx7\nVHYpLFcyLcIC75YSg/eGf0qSxXYqoTnamM+tQJAU1VCbqRyisQnZQcDB/wA9qGCJ9TVmt9ySiJlO\ndxGenP8ASpoFWOCNEOVVQAfaotQYJbhzEZQrcgDJxgj+tPthtt4wV2kIAR6cdKQEhrP1OEPsla48\nkp93PTPNXz+FVNQaNbcGWEzLuGFAzzzQBLCS0KFtu4qCdvTPtVGEyf2jKWmDxksAnpg/5/OrdoMW\nkQwRhBwe3FQxKqzF1QKHdgx98/8A1qAG6g7xIsqKjFTjDHHXvTrVl+zIqyK+xQpZemQKZqah7cfu\nDN8w+XP15pbNES2QxxiMOA20dqAJTTCarb5Irw+bcqY3yFToRzxTL95wu2BSeMtg4JHoKYFnIIyC\nCPWmmmW5Bt49oKjHQ9RTjQBnaoGAVzI6pwMKO/NPtJAbZeCFQY59MCrDYaYqQMbQf50yYARP0+6f\n5UwK6JKLpiwXyxnaR1OaLmLz12hipBzkVY6gfSo2IVzk4GByfxoENPyRED+Ff6UxY1V2cDDN1NOc\nh0cIQeMcH2qA3S+YYwrFh14pgPJPnsP9kfzNLTJ96gvEAWOBzTLeR5E3Pt56YoAkNJS000xDZDhW\nz6GqowLr7wzzx/n6mrMn3G+lVsH7Tjbgdd3rxQBI4Zk+QgEZ6/QioIgxG0ghc5qyp4P1NRrKjMQp\nyfpilYDLooorI0CiiigAooooAKKKKACiiigAooooAKKKKACiiigAooooAKKKKACiiigAooooAKKK\nWgBKKKKACiiigAooooAKKKKACiiigAooooAKKKKAClpKKAO48Hf8gk/9dT/StK9aMOyyvtLKBGM9\nW+bGPfJFZng0/wDEqcf9NT/IVr301vCFaVd0mCUwuTn+lAF6mtgxSBnMYz94HGOlKOlNbPkyYCkk\n8bunahghEZTZMWk3LhvnB6jmqukEfYl2sXQH5WJ68DP65q1CzvZAkKHKngdKisTKYWWZEV0bb+76\ndAf60kDLHajtRR2piErLeS1g1bL3DGRyEER5Ckjg/r+prUrP3yNqZQRReWp5fHzZ2j/4oU0BPfGM\nW5MmSACQB3+U5/TNPttotowmQoQABuo471DqUbPaMUZVZQSC5wOQQcn6GpbbcbdCzKzEZLL0JPp7\nUAVopjJftiNQgUru/izuYfl8tW6z4jbJq7qsjmUj7hHyg9T+PJ/WtGgBkgLRuFYqxBAYdj61k6ak\nKajKgnnkmjVlIfoPmGcfjWuap26SJdSlmTBZ8KOuCQQT+tNAN1ViLUAQLPub7rHA6E/0qzCxaFGZ\ndrEAkDsar6m0SW6vNI0aq4OVGfbH5E1NaMj2sZiYsm0YJ60AS1k6qoOMoXIYEAeoGf6VbN1ILwQv\nARGxKrJnqcE/0NVdV4KkkgBgeO+ATj9KaELYiQWygcSCLAz64p9payWs75k8yOTn5h8wP1702wYF\nYiMkFeCfpUCXaJqhR5pXcuUEeOFyetNgizqNy8EOI0LE9SBnaPXFS2hQ2sZRy644Y9TRd+Z5J8kg\nSHgE9qZYszWo37dyllO3oSCRn9KkCtB5C6nIIpWaQ7i6k8DkUurOy2o2yGMlvvD6E0sRlN67lUEL\nFlGBzkHqfyNSXvNvgRrIxI2humfWgBbYg2yYbcAMbvX3rO3mPUn2xzMvPB+6CepFaFrJ5lurFQrD\nKso7EHB/lVJwy6on+k53NjyvQbT/AICgCxeGQxKIZBGzMBuxn1qHTkeO3G6VpA3ILdh6VJe+YIQ8\nW0sjZw3ft/Wlh3eSpcgsRkkdKYFI2kTXfnGPOZDyT0I9PyNSagQtsWMpiweGAqIND/abIHbfyQp6\nA98VPeyLFbO7LkD1FAFfTSPIbDs+WJy3vVo1DZrtt1+YPnncO9V1mY6k8cmcgfJjpigCW4Z48yRp\nvJwNtMhdpUJcAZ9PpzTr3zPs7eVye4B5xTLYqbdNilVx0PUUxFeRX+1hDM3PIQdhT7zy/J/eLu54\nAPU00o8d4HBBSQ4II5BxT7pYnixNgLnqTjmgYkCbIlBGDgZA+lV1ffelWO3Z0X+971PbkGBdpJXo\nCe9QvJuvEXyiCpOWP0piH3Su0LBPvfzptuQYVwuzHGPTmnXDMsLFCA3bNR2ufIBJDEknI+tAEppp\n60tNzTEI2NpqhMQZz8x45x+FXj0IqszEzBAnHdqTGLK22B8f55qrCGVlb1PSrcozA4FU7fJkUds5\npoCvRRRWJYUUUUAFFFFABRRRQAUUUUAFFFFABRRRQAUUUUAFFFFABRRRQAUUUUAFFFFABRRRQAUU\nUUAFFFFABRRRQAUUUUAFFFFABRRRQAUUUUAFFFAoA7PwWf8AQJh6Sf0Fbt27qoEb7GJUZx6sB/Wu\ne8FN/o9yv+2P5Vtan5OIhK0i5P8AyzGcjjI/l+VAGhG2+NW/vAGlcAwygjPB49eKRGVkVl5UjI+l\nNlG6JxvZABkleuKTAkjJ8ohgNw4O2qVjZiCaSUyTO54y75z05q5AoRWQFjg8ljyc8/1qrp7b4S5n\nExYg5AwAMcUIGW6KQ9KKYBmqUkUEd35pf947LhC3fpkD6fyq5Vc28MkwmaNWkU4DEZIwaYiPUZ4Y\noAs6M4cjCgZzgijTCDZrtRkUs21WGCBuOKfJzdxDt5b/AM1qccUAUXaeW+iCxL9nRt/mbuuVPb6m\nrlQ2X/Hlb/8AXNf5UtzI0cJZMbsgDPTJIH9aAJDWYv2ddUxDG3mlm8xsHHT/APVV22kMsIdsc88V\nWYypqSt5oMbt5fl46fLnP5igCxcyPHCXjQOw7E4pll5n2VTKAHYliAcjkk0t75f2OTzt3l8btvXG\nRTNP2/ZF2Z2ZbZn+7k4/SgCvId+sIrXP3PnWLbx90jr+JNM1aRo1JXG48AntwT/Sp5Fk+3geUoj3\nb/Mzz93GMf54qHVYhNGUYE5x06jnrVIQmnsWCbsZGQcdMjihpmGpiJihVmyoxyPlbP8AL9aTTgFV\nFAI2krz7cU85/tMhLbIB+aYnplR0H4AUMRLqCqbKTcrMMZwvXrUGmSs8JQ27QqgAXceW9f8APvU2\noOi2biSTyw2FJz2JGf0plgIxaqIpDIgJAYnOeTSGUyWi1OR0tpGzxuJ+X3xUuqiQQq6z+SiHLHbk\n+1QXI3atHGLlshw3lAcDjPX3/rV+5Li3YxoHfjCnvzQBBpu37EhWQyAkncRgkknNQy4OpJttzuBB\naXHbaasWW/7P+8UK+5shTkA5NV5XB1FFMmGDHC56jaP/AK9AEl+ITat9oJEeRyKj05lazQoCFywU\nHrjJxUl+XFpIYiA4xjP1plkXNsokILqSCR3wTQBBK0rago8tRGrZLZ5PGP61NcsywMUAZugB6c8V\nVdEOqF1DGRSAfQArVi7VZLdkYEhsDg+9MCvp+8RkEIoH8KdAcnNRqvl6i+JAwcZKkcipbKBYUcKC\nPmPU5qIq39of6s4Hzb8cHr/j+lAE107xwlkClh6niorUs0AZsZYk8dOTT7wgWzEgkDB4+tRWRH2Z\ndoIU5IB9M0wIXUf2irF368DtnH/16feYMBBUH09qR1kN4OV2D5uvPTFLe7fs7bjtHqKAEtv9SoIA\n6jA6VXbH9oZ3ndn7vtirFvtEICEkDufWoiQLsnYM8AN3/wA9KYh1x/qidu7GDj6GmWv+pB27c84p\n9wSIm2ttPAyO3NR2rb4s7snPJPFADnlVW29XPIWlqElftXy4BHJ9+Km7UCENUpNvng5bfkYHt/nN\nXD3NVXYGSNRgHgkn+VAEw70wRohyq4NEjERyY4IB/lVeOZjKA+cMBj60XCxTooorI0CiiigAoooo\nAKKKKACiiigAooooAKKKKACiiigAooooAKKKKACiiigAooooAKKKKACiiigAooooAKKKKACiiigA\nooooAKKKKACiiigAoFFAoA6zwS3yXY9Cv9a6W4leJQY4TKx9GwB+Ncv4KJzdD/d/rXWM6xoXc4AB\nJoAbZGT7OolQIw4ABzxipWZVWQucLtGf1pUYMoZTkHkGkZdwdf7wApMEFo4eIsGZiTyzDBJqtZRP\nG0jOAoONoHpyf5sR+FWrcsyFmxljnj6Y/pQOKENimikqK5DG1mCZ3FCBj1xTESAg9CD9KrfaI4JB\nDIWMjsSAFJ4LHFFicRugRlCtgbu47Y/DH5VHdzYuYYS3lqxDbyOuD92gCWRjtW4SNmYIcIeCc4/w\npLeaWUEyxrHjjAOef84p8/mfZ38nHmbTtz61BpxU25AjZGDEOG67upPv1piI5xLFLGi3OyJvkSNV\n56evtVm5KC3cyn5AMk1BcrJFdpcIQVO2N1PYE9R+dWJsmF9pAbacE9jQBX0+SOSKQwgiLeduRjsC\nf1JqGQMNSZ47XLBMeYX6nGQMfkKnsXdo3EhDFWxnHqAf61TulhfUQjXUqyEgiMdOlAF28ZltXKyC\nMnADEZAycVFYsSpBuVmYAA7RxnJP9f0qS9K/Y5N8fmDH3PWq+leW1uzxwCHcQSo+gI/QigCtfSW8\nd9IZY5nkwFAXJGCMf1qbU+IWPmGPC5DgZxikvZrhb+NFdfK+XKkdfmA/qKXUwTEQqhzwQp74OaaE\nRaYQYoiH35ydx7k9f1pl1drball7g7eC0QTPO3HX8jTrAttUuoRi2So7ZqSVJPtxXygUdg/mH+HA\nxj9P1psES30IngJ8pZWXlVboaZp7N5DLJGkbI2CqdPX+tTzgGBwXMYxyw6iqeleXsuBHI0iebwzH\nJPyikMV3ddQIMChGI/e7gONtSXv/AB6SZdo+M7l6iqF/Cst62beST5eu7C9OlX7kF7VtpAIAYZ6c\nHPP5UhEGmkGzXbvIyfv/AHs571HceYt8kgij8sYUv/Fycfzqe0MhiLTbfMJ5C9B7VUv4Fnmw8kgQ\nbcqp4yTx/SmBZu1ia2cT/wCr78+9MtpFliLp90scce9LcArZsvBOAoz69Kjs9yw7HYFlJBIoGRyy\nsbtYxEMZBL57U+5Aa3fL7BjO70Paqd7NBDeeZK5EkZGwexHP9atXI8y1faN/GcevfFAhlmQ0GRJ5\nmSct6mqd1GzX22SR1jcfIVOBnuDVmxjaODDjBOOPwFQ3trLcSEGUrHxgAUwJ5ywgbadrEYBqK3ff\nDuyDknBFST5EB4BPYH17VDa7hEQ6qrBiCF6UwIZQftoIVuSOfw//AF1Lcf6pjxjjOfTvUM5xdq3m\nEEEAL6g/5NS3WDA+V3AYOB35oEMtiTbqSQSecioZSovUGGz1J7ZI6foKmttvk/KmxeSBUUgcXI+Y\nBGIJ/wA/hQBJMcRNgc44HvUVsW2Mr43K3Ufn/WpZsGJwQcYPFRW6hEZQDweSe/FMBsoiE6cAyEjp\nU1V5DtuV28cgH36D+tTnigBDVSRl3RoY93Q59KtGq7oS4bdhQAP1oEKx+SX6H+VUiSUUkndnj6Vc\nb/VSHsQf5VXjjZpELcgLkGkxoq0UUVmWFFFFABRRRQAUUUUAFFFFABRRRQAUUUUAFFFFABRRRQAU\nUUUAFFFFABRRRQAUUUUAFFFFABRRRQAUUUUAFFFFABRRRQAUUUUAFFFFABRRRQB03gtsT3K+qqa6\nbUX2WrHaSCCpwM4yCP54rlvBp/06cf8ATMfzrrLouY1jRtpkbbuHYYJ/p+tAE1tnyFLLtJGcHtnt\nUq9T9Khty3krvOWBIJ9cEipV+/8AhSYILddqH5sqeV+lQwmQTSrJIGBOVUD7oyf8/hToZGPlnI2k\nAceuMk/0qraeWL642xOjsSd7HO7B5x6cmkhsvUyUkRMV5IBxUV19oO0W7og53FlyfwpbUyNbRmYk\nyMoLZ9TVCKumMW87EpkTeSDnOPmbj8sH8afqEyogj8mSVnHG1cgH1NOswEzGI0TKq529yc5/lUWp\nsECN5uxgGKjP3iOR+v8AOgRckZliYoAWAOAehNVrEykTNMU3NJ0Q8DAA/pU1ype2lVeSyED8qr2D\nh1lZY2QNIx+YYJ9/8+lADL0brqEGZ1AZPkXoTkkE/lVmcoLeQyDKBTuA9Mc1BdLN9qjaILtbaGJP\nQAn/AOKqeZVaCRXOFKkE+gxTAg05EitwsaMg6kN1Jx/kfhUE8DNqAkO1YxjLd85Xj/x39alsJYpR\nM0UplG/OcdM9v5/nUN/bQXNyFlMoO0H5Tx97H9aALd2oa1ky+zCk7v7uOc1W0uSAxvFBJ5hj2hm9\nflAB/Srcx228hChsITg9+OlQWS7Eb5EQ5AIToTgZ/XNAFe/kEF2JEtXlkKABx0A3dPrTtQZhEWQh\nSFzlugp11JsuV3SELhVAA6kk/wDxOPxqHWJBHbZKM+75Qo700BBpzF41cyCQs+cgYp9/sS8ik+0M\nspZAsYbgjdg/1qHTGLGRzGYw0oIBGOwq1eRXD3kbRLFsUDLEfN17U2JFq4BNvLgAnacA9DxVey3K\nsisqgq2PlHbqKnCs1uElOWK4Yjucc1Da24tY2UMzlm3FmPJNSMzr6NZrx1kmYHciogOMg4z/AFrR\nmB+zMMFvl6evtTmiRpVkKjevAOORQzBRyQPrTArWb+YsknlmMO2QpHPQD+lMuY5nnXayiI43DHPB\nzxVkSIThWBqGS4VTgrz05NAhbiITwvGSRuHUVXtLNLUsVZiW65OankkIUEdTVe3uPNZxuJ2sV7f5\n70wuPeGNn3silvXHNDMqLyeMVS+0eXLHkFi3ydO+KmlV/JQhQSBzk4p2FckDhsYzyM1Ujv1mZlWJ\nsj37Umns8i72IKgkL64z61FCZ0idJEBXhA2egBP+NK2oXLMxD2zFsgEdqjtV2IykksG5J7nFPIzb\nEA4IXg+hqO0JMbMzh2LckevSmMbOB5qyYXI2gHvycGluDiFjyMYJx6ZqO6CefG7KWIwOOwyallJE\nbY6nigRHburqzJnaWOM/59c1FN5n2gKqZVipLemD/wDWp9oxaI7scHt6Yz/Wobkr9pTLHd8pUfia\nAJ5OY2ycZXr6VDbfdbLl23ckippAWjYLycECobXcQxZduTwDTAimAF2pwSePp1xVntUE5UTpuPXB\nGPUH/wCvU1AhDVaaUKAu1ieox9as1EWUE5IHPegY2LlckHnnFKaAc5Io96BGXRRRWRoFFFFABRRR\nQAUUUUAFFFFABRRRQAUUUUAFFFFABRRRQAUUUUAFFFFABRRRQAUUUUAFFFFABRRRQAUUUUAFFFFA\nBRRRQAUUUUAFFFFABRRRQB0Hg7/kJS/9cv6iutuYpZChSYxKvJIHeuP8ItjVHHrEf5iuuvY5JlWK\nNgoPzNkdcY4pATWWPsq7ZGkGT8zdTyeanX/WD/dP9Kit2ZogHQIw42jkVKn3/wAKGNEcT7WVNqhS\nflx6YJ/pVWOdRfypJKGZThVVT8uSOv6Vciw0h+TG3hSec1WJuBfkBIxDnk5yx4/xpIGTxks8wPIV\ngB9No/xp9V5Z1tizMruXbgKM9hUyuHRWXowyDTEZ+nsVd8W8yBmAzIc8YOMew/rUt8V8yEGESkEs\nM9iOn6kU2zkL3E3mqyS/3T02gnGKTUigiG5ZGLZUCP73rn9BVCLcj7YWdeSFJFU9Pmd/MSRg5Q/e\nAxnkj+QB/GraENGMcgjiqmnl/nV4kjyFYBfQ8AH3GKQEeo7/AD0KBywX5dvvkfzK1dlXzInUcFlI\nqrqe4KrrP5RRWcAY+YjGBVssAuTxQBVsXldWEluIQuAADnNLcRSPKjRuFAKkgjrgnP8AOpg6k4Ge\nfamvMFPQcdyaYD3UOjK3RgQaihhWHftz87Fjk9zQ8pEasO5wePrTLefzc85KuVI/CgLkskaucsM4\nx1/Oq95jCA9yagmuhDKrNlsS4I56Z/wp1zu2xNgnDMcdDjBH9apLUVxiDaVbsWxViS4VP4T1xms+\nCdpmkU/djkwM9uKXUFczW6Bxl5gwAHIAOabJuaDyERhgOCcf5/Kobe4MxfLZ2vt6Y5xT5Y1MGHJw\nvzZz6VT0mMeVJMVAMjlh7Cp0HrcSe6Ecqbju/fbSMnj5v8Kll3NErKpY5PHQ4zVfUJI2vbeIsoCn\nzG75I6Cp7mcCyaSPJyCFwOc8/wCFMCvp0jzPM7DKiQqpzzjjiob9XNzAiuNzS7hgdAOam00lbaNf\nL2gjk7sknrUUiTS6gjhgq4KqRyeGo1F0LUyIYCJBuVBu5+lU9MQCJpDgNIxbHpUtwfMtgjOeSwJH\nU8H/AApltEkSQhcZJOT+BpjIJ5Y31NBklYhngZ5qe7kP2RjGrEuMADrTGVdzKqfOSQWA7c1I+5IF\nbAJQ7sH6GgCGzDpGkbKowO3XNNdjuKbuA5J5461OinO5jk9eBUfloJ2IUcgE8e5ppgB+a3bjdwcD\n1qGzOUdtpUM2cH6VZGBTaQFe4jkaZCjAJ/F+FSSKHQq3Rhg05mUfeIH1NMd1RSxPHrQBHDEIU2r9\nc0MiswOASO9IlwkjFVDZ65IwKgku283y0Vc5wCT1oAs001BcTMtsGHyk45FR2zOyiRmZlLFME9Dj\nNADpmxKBtPzADd6c1LUNw/73BBJK4Ue/+QKmNNAJmo2PzHg/Wnk1XlkMfRN2SfwoESKc8dCKKbGd\nxzjGQKU0DMyiiisiwooooAKKKKACiiigAooooAKKKKACiiigAooooAKKKKACiiigAooooAKKKKAC\niiigAooooAKKKKACiiigAooooAKKKKACiiigAooooAKKKKANnwqcawo9UYV28vmGI+SQJOxYZFcL\n4XP/ABOovcN/Ku+WkBXtRcLOfPlD5XjC4xz/APXq3zn5evOKaBzQ+cYXrg4/I0MZHaMWlbdMrnHR\nR05quqr/AGxM6hicAE9hxz/7LVm2QrKRt2hc/jk5H5VC5lXUR+8UxscbMcj5ev6UluAX8ksUG+Ex\nhh3k6CpYF2W8aEg7VA4+lQakqPFEskZkUyjgD2Iz+tTW4xbRKRtIQAj04qhEETyyXxzCUjRWAYn7\nxyP8KW980BGhZBJkqN/Q9/6VFbupvnVXYkBty9h82R/M1Pdu6Rh0i80huVzjsaAHwqqwoqHKhQAf\nUVWsY1Xcyl2DqrKz+nOB+H9angUx28aHGVUA4+lV7EFJJIjMsnlAIqgYKjtn3/woAfdqsjopRWIV\nnUsOhGP8allBaP5BuPbmquqiMwoZA7YPAQ4Jzx+XIqw0oEAkQbwQNozjOen86aEVLOR5bucEjZGQ\nv0OORUerKfK2B+ZnCqu2l0syJbjegG5iWJPJJNF4kst5EwfakTEcDnlRT1I6Ft408kiTlV+bmqml\nIPKeUjHmOWA9BU0ys9vJGXJ52lj16f8A16ht4I4ZokjAJUZLHqeKBkeoSxte28DNgA+Y2BnkdKmv\nJc23mRhm64wKJVRZpDtzKR8pA5xxSOGW1UEZIYZp2Az7BHS3G5Mbjkknk/hUzLNPqispVVVSoOM/\nxGpGbezNjGRx+dSrEUlUq55LH9c/1phYjnZ5bEAuRuLKT6jB/wAKZDAlqbWNSWODuP4VaWFPLCEZ\nUHP+fzpltt8iIgLkqD+lK47FcpGtzIxTMoBwQOeTSoJEt4yVyysWIJ9Qf8aklliilJdsEqO31pHn\nQW5kX5h2ouFhkKFY1BAGDnj6U0RlZgdxIySB+Of60yC88x1QqBnvnvVa8uXWfarlQDtAH+fagLFq\neMfZZBjopI+vNKuwcKVJ9AartKX08uSc9D784qnZSZuVxxhiD+VAFuW4jiuW3ZOVA4HfJ/xonmX7\nKXXkMMCs2+m8u4OT/Gcj25qWSVTYqvJZWPGPrQBLb3bSShG2gHpgd6nz++Yf7I/max7KR/tAIXJD\nHAz7GtHE7SF/kXIA9aAHXkphhLKcHOM1DbSO4DsxKsSBn1FJdJJsG+QuCemMDoakgO20ROmZCcfh\n/wDXoApPmS/24yC+M47ZxUtyrC22ZwQxX8s/4UKALncWVQrZ5Pvmnz/PCzjkFi34HNMRHaJi2BPL\nCX9NtRRKp1BWP9/+tWIWOwIqsFzuyfpTAjpMWTaOchiM0ANu8FCMcbzx+dLAuLcA9pc49tpqR490\nW0nnrnvUcaYAYsxOO5zQBFdOwZcHGOc/5+lT9s02SJXZWbqtL+tMBDVe4GR9/Zyfxqwar3ADY+XJ\n7ZoAeuc/gKX2pqkEA+opaAM2iiisiwooooAKKKKACiiigAooooAKKKKACiiigAooooAKKKKACiii\ngAooooAKKKKACiiigAooooAKKKKACiiigAooooAKKKKACiiigAooooAKKKKANXw023WoPo38jXfD\ngZrz3QDjWbb/AHj/ACNdlrE0kdkI4TiSdxGp9M0hluG8gnkKRSBmHap+rr9f6Vz02nNpiR3cMjM0\nZHmZ7jvXQIwYqwPB5FDQbiRqRctkjGCffr/9YVVmEQ1aMiN/NPJcDjG09asqW+1sCuF28N61FOZf\ntyBVXywMsSeehGAPyqVuBHqUksduDE4Vs9SPYn+lTQMWhUltxx19femXoBg+aHzsMCF96dbuJIFI\nTZ22ntjjH6VQivbys13KCFAycY68Ej/2U/nS6iwS2yzbUJIY+xU/1xTUZF1Ar5BXOQJOxJ5I/T9K\ntSIsiFWAKnqDTAZbsGt42UkqVGCeuKpWCML2YmIoF4JI+9wvT/vk/nWgAAAB2pBgUgK1/FNJGpgK\nhww+8OMZB/mBUjRbbZIkI+TbjPoCP8Km7Ux2CoW64GeKaAiSIgEEjG4Nx7GmSR5uQu44cFyPcbRT\nI7pi4DBcFuce5pt9MYpQ24qFXqPc/wD1hVa3JsWti4YEcMcmobTaLaHkbtgz69KjErfY3JOSGx+H\nFVLeQCfCrgq4XHrnH+NAy7cSpHdxsxxhGHAz1I/wps8ymDzF5GapapOIJXLttOVxn04z/Wk8+NrN\ngHGS4Kj1HFCAbHKwCqwA6DPepLq4ZJ1IfZtG0HHXOP8A61Z0NzvnkHltgMG/LHFLqckzbTGuzLLn\nd1B4xVCNYyu1gXJ+boT+OKo2bgXOAMbW2/p/9eno85s2yyeWpAIxyeRWfaQGO5fLNy4Gc+uOaVgL\nOqTCK4YlgPmUfhxmnefG1iQHyQ2QB3GKh1C3UyMuAcMpBPpxmpoo/wDQJjj+IEcduP8A69AFPT5y\n0+RGx2uSB3Oc8U3U2lacFRtyw684NT2EeLkkAkFi2ccVLe20sk5ZUDA4xk9MD/61MRGPNNg/zDZ6\nY96pWcCichskFsfpWulvi08pzyetRQ2QjcOzFiPWkMzruJVmxxhW7+lWPLP9nggZIO7juKuSW8Tt\nvZFLepFOAAXGMCgDKs4iLgMUYAEnJGOv/wCutI0uKaaAI5U3qQDg9jUcaAYJZm47mpJHCKWbOB6V\nWt7lX2pgg4796AHui+eDtGSDzj6UrfcI9qrXVw6T4UgbRjketKZWazLk/N0z+NMROOgqKSaONxvc\nDg/0qlC+Jl5PUCku2xcNn1FAy+0qiIyA5Wq0NzuKR7ccYzmmBl+wkbhk9BnnrVeF9soOCeaAHtdS\nl9+cbeMDpVuNy6Akc8/zrOwPmz6j+tX4BiFRntnNJAx5PNV7gbiAMg+30qwTVeYkZKkA57/SqEPQ\njaMdMcUU1RjaM5wKcaBGdRRRWRoFFFFABRRRQAUUUUAFFFFABRRRQAUUUUAFFFFABRRRQAUUUUAF\nFFFABRRRQAUUUUAFFFFABRRRQAUUUUAFFFFABRRRQAUUUUAFFFFABRRRQBe0Q41e1/66CuzvudQ0\n4Hp5jn/x2uK0fjVrX/rqv867PViYhbXIGRDKC30PBo6gW9TUHTbnPaJj+hp9ixaztyepRf5VS1m7\njGmOsbh3mARAOc5/+tV6FPLhiT+7tFLoMfkG7x5nKj7gH86rXYi/tGI/N55AC46bcnP9f0qwu5bl\nvlBVzndnkcdKq6h55uIxDLGhIHDDk89qlbgWLjeYWEThX4wxGcVBp6yLExklMmWI57YJpbwKtiyu\nrOvyghTyeRRYbDZRmNCinJCnqOf8mq6CGBT9ty0gKKx2rjkMVz1+hP51NPN5WAACT6npUJEn24A7\nBGTvznk/LjFJdLvcZ9B/WmgJ0lzGWcYwM8elVoZ3eQ5YnaMkdqmK/uio7xgfzqOJQPNPqp/GgBl8\nxEi8bgRwKmZdkEinsv8ASmzAmUdOnenSHfHIBzlcD8qYGLBcSG+kURHAIP1x/jUmsSTPA52CMhck\nZzwM0+KPNyXVWy2ATjjirN7A0rZVQwK7Tk1RJWjE32RtzjAxuGOvNUba22XD5Z+XVQSeo4rZhgIg\ndZMZb0qOK0KSB2ctjtjFF0BS1G1UkoACcg5b68/yp6Rj7FJxwGGPoAKvzW8czAuucDHWmvEqQlEU\nAdgKLgZCKPNYrk7iD9MY/wAKsXFu7sNse9WCnnsR/wDqqcW7dsCrKDCAegxQ2BXht/8ARGjfgtyf\nb/OKihsjHIHdyxHbHFXjTT0pXHYgmtopX3OuTTkRUTYBwO1PJppNAhuAKa1ONNNACGmE0rMAOSB9\nTUDXMIzmQE/7PNAyQ0w1GbkH7kbt9RiozJOTwiKPc0ATZ4ph5qEidjzLt/3RTTBu5d3f6mmILsr9\nnYbhnjjPvWbbPsmDEE4Y9KvXEMaW7lUAPHP41Rt8GcAEHJzQAl65aYlQQCR169KejSGzcfLtBH17\nU67ikaYkKWBx0qSKE/ZijcFuT7UAUIlPmDk53AfrT7lMTEZJxjkn2qxDbMjhmYHHYCpJbdJJC5B5\n7ZpiuV1QfY2OOfX8ahgXdMoHrmtAKqoFA4A6UYA7flQBnMjiRhtOSeKuQgiPHIx69aWR1WRSzADn\nr+FKrqy5U5HShDCoJsBSSM/N0/Cpyahl3bSV6g5oEC/w/wC70/KlNMQFeGOT/wDqp2etAFCiiisy\nwooooAKKKKACiiigAooooAKKKKACiiigAooooAKKKKACiiigAooooAKKKKACiiigAooooAKKKKAC\niiigAooooAKKKKACiiigAooooAKKKKALWlnGp2p/6ar/ADr0GaJZ4GjcZDDBrzuyO29gPpIv869H\nU5FIDJs9H8q7WWSTzFQ5VSK2emPqKADTXZV6sAfc0N3BIUlvPA425znPtjFVtR2efATEzyFhtIH3\ncMM1PIT9oQBSQe/YYzTLuJpZYSJXQIckKfvdOtStyhL1S1q4DrGwwQzdAQc/0qOykj8sxRyiQp1I\n9O3+fapTEph8pvmXAHPemwQRwbvLQKGOTiqJKjvjVkUhixyV9AML/gfzq1MDlWAB7c1IQN2aZMwV\nMscDcP50AKoPO7HTHFRpEBxuOB2p6yI+drZxVf7SFdxtJGeuaYE0qhtpI6HvSrwOKhuptiLtI55y\nfai2laQNuIOOeKAJsDNBpM0UAHSkpCcdePrUTXEK9ZV/Oi4EnakNQm7i/h3t9FNMNxIfuQMfdmAo\nAn70lV990w6Rp+GaaY5W+9M3uAAKYiwTUbzxL96VB+NQ/ZkP3st/vHNKsKL91QPwoARruPogdz7K\naabiQ/dh/wC+jUuAKKAK5Nw38SL9BmmmJ2PzzOfxxVg02mBB9mjHbP15p2xR0Ap5ppNAhhxTac1M\nJoGIetNNKTTTTENbBBHY0wIF6ACnmm0ANbr7UlK1MZ1X7zAfU0CDrSGozPH2bP0GaaZs/djY/pTA\nkpD0qIvMeiKv1OaCsrYzJj6LQBXvT+8H+7TrQ/K351Hcrh+WJOO5p9pxu9KQywe9RSbiCFODUhNR\nnOcjvTEMRSv3myfWn9qbznk80Z68UDKVFFFZlBRRRQAUUUUAFFFFABRRRQAUUUUAFFFFABRRRQAU\nUUUAFFFFABRRRQAUUUUAFFFFABRRRQAUUUUAFFFFABRRRQAUUUUAFFFFABRRRQAUUUUAPjbZIreh\nBron8Sz4wm1foM1zVOosmF7GxNrt1J1mf6ZqGDUJnuodzk/OOp96zafAcTxn0Yfzosh3Z6NMrmYM\nD8oAzk9BnJ/kKWaZVKEhjuBxgUs2D98/uwMn3PpUc4LSQE8DPI/Ks0NjpJQke/r6UyKYyHoMe1Mu\nFDRKD2Y/yNEC7Y1A7Mf5VfQkj86R59gYgZ4xS3bAohJwp55pYB++DVFeKJLZFboeD+VPqBFp86vt\ncuBlPm9M8VTe6VbqOPkkjafqcYqbToFUKjIM7cn68UyVEW5DZA2ZGP8AP0qluIfeTbrNQiMWEeOR\njPTpSaZNKYQVRSWUdT0Hap5428iIbSSF2kD14/wosYjGuChUAAAGl0AlJuT/ABov0XNJ5Urfenk+\ngOP5VOaSkMgFrHn5gWP+0c04RIo4QflUlJQAmB6UnFLmm0wA000pNNJoAKaaCaaTQIDSE0E00nHX\nigAJpuaiM8ascyL9M0w3K87QzfQUATHk00mojNKfuxY/3jUZM7fxqv0GaYExqNmA6kD6mozEW+9K\n5/Gm+RGD90fU0AK08Q43gn25qMz5+7HI34Yp5VQOBQe9AiIySt0jUfU5pmJif9YB/urU1NyO9AEL\nRZHzyO31NAijH8A/KpCaaTTATAHQCko3U0mgQpNIT1pCaaW4zQMbLGsjAntSoqouF6U0uB1IH1NM\nMyA/ez9KLgSsaaT6VC1wvYE0wzk9BilcLE+aaTjNVzK5700sT1OaVx2EooopDCiiigAooooAKKKK\nACiiigAooooAKKKKACiiigAooooAKKKKACiiigAooooAKKKKACiiigAooooAKKKKACiiigAooooA\nKKKKACiiigAooooAKXtSVJFjzUyAfmHWgBY4ZZTiOJ3P+ypNIA0c21gQytgg9jXoqRJvRgP4Tj9K\n4PVSP7Vu8f8APVv50JphZnfyf6xc5IHIFE3G04zzUMm51iYED5ccnucf/XqeXoPrWZRBNnyCe4+b\nFKgbuR+FLJgxtzxg0xJkYAA849KoQwKfPddxC4Bx9c06WNZIwp7c1E84SZuM8AVKrhkBHemIZFCs\nWSvf1pTGpYnAz9KdSE0XAU4IpKKaT3JxQAuaCaiaeJesqD8ajN3GOgdvopoAnJpM1X+0yH7kB/4E\ncUhe4PaNf1pgWKTt0qsUmb70zD/dGKabdSfmLN9SaAJnmjU4Z1H41EbqLBxub6A0CKMdEUU4ADpT\nAiNw7fciP/AjimmS4PTYo/M1LTfWgREUlblpT+HFIYEPXLfU1KWAppYYoAYsaA/dFKcCk3U0tigB\n3FNJ603d70wt70wHEimFs01pAOpAqBrqJTy4/ClcCYtzimsetVHvoweMmoWvz/Cv5mi4F8tTC3vW\nc15K3QgfhUTSu3VyfxouFjTaRQOTiojcRj+L8qz8n1pKLhYum7QdATUbXZ7L+ZqtRSCxK1xIehx9\nKYZHbqxP402igYUUUUAFFFFABRRRQAUUUUAFFFFABRRRQAUUUUAFFFFABRRRQAUUUUAFFFFABRRR\nQAUUUUAFFFFABRRRQAUUUUAFFFFABRRRQAUUUUAFFFFABRRRQAUUUUAFFFFABRRRQAUqnBBpKUUA\nd/FdStFb7Is7lHLNjPGf6VxF+xbULgsACZWJx9a6uzvrdLCy8yVQVXkenykVyV46yXs7ocq0jEfT\nNRHdlM7dpFe3t+GJMOQAM8kDB/nU9++2FT23gfnxVeEudNtjGQCYVzn/AHRSamGfT1G47ty5I+tJ\nbgOLH7I3scfyqrBcoZiA6/Kw/LApyR/uCdzfLgYz9KrW0KpM/wAo5cY+nFaokW+uljmTblsvn5e4\n5FW4Zwse0IzEE9OnWqt3GhlHYKwIH4Vbt/8AUrmh7AKZpj92ID6tTd1y38aL9FzUmaTNSBGY5G+/\nM5HtxSfZ4z1Bb6nNSbqQtQAixRr0UUowKZvpN9MCQ0maiL0nmCgCXPWmlgKiMoxzUT3Ua9XX86AL\nBamb+faqL6jAvRs/Sq76sgGFUn8aLgaheo/M4rHfVXIO1QKrtfzH+Ij6UAbzSAck4qF7qNM5cVgt\nPI3Vj+dMLE9zQBtPqEI/iJ+gqB9UHO1TWXmkoAuvqMp+6APwqFrqZurmoKKAHF2bqSaTNJRQAUUU\nUAFFFFABRRRQAUUUUAFFFFABRRRQAUUUUAFFFFABRRRQAUUUUAFFFFABRRRQAUUUUAFFFFABRRRQ\nAUUUUAFFFFABRRRQAUUUUAFFFFABRRRQAUUUUAFFFFABRRRQAUUUUAFFFFABRRRQAUUUUAFFFFAB\nSikooAk81sAZ4FMoooA7aEq2kWmQzfuk4X/dqxIoNoEQ8YGDVCxdm0m3CNg7AM1YVysADNnHesyi\nRFCxbTznrUaRIjbgOfUmmNcKucsB9TUEmoQL/wAtB+FVcVi24UnJAoLgCsyTV4R0yaqvrQ52p+Zo\nCxuGT3phkrn31iU/dwPwqs2oTt1c0AdO0yjqcfWoXvIVHMij8a5hrmRurH86YZGJ5JpgdE+pwLn5\ns/Sq76xGPuqfzrDyaKBGo+sSH7qqKgk1Od84bFUaKAJ2upX6uT+NRl2PU0yimAuTSUUUAFFFFABR\nRRQAUUUUAFFFFABRRRQAUUUUAFFFFABRRRQAUUUUAFFFFABRRRQAUUUUAFFFFABRRRQAUUUUAFFF\nFABRRRQAUUUUAFFFFABRRRQAUUUUAFFFFABRRRQAUUUUAFFFFABRRRQAUUUUAFFFFABRRRQAUUUU\nAFFFFABRRRQAUUUUAFFFFABRRRQAUUUUAX4dTmit1iU4CjApkmoTuOXb86p0UuVDuStO7dSfzphd\nj3ptFAhcmikopgFFFFABRRRQAUUUUAFFFFABRRRQAUUUUAFFFFABRRRQAUUUUAFFFFABRRRQAUUU\nUAFFFFABRRRQAUUUUAFFFFABRRRQAUUUUAFFFFABRRRQAUUUUAFFFFABRRRQAUUUUAFFFFABRRRQ\nAUUUUAFFFFABRRRQAUUUUAFFFFABRRRQAUUUUAFFFFABRRRQAUUUUAFFFFABRRRQAUUUUAFFFFAB\nRRRQAUUUUAFFFFABRRRQAUUUUAFFFFABRRRQAUUUUAFFFFABRRRQAUUUUAFFFFABRRRQAUUUUAFF\nFFABRRRQAUUUUAFFFFABRRRQAUUUUAFFFFABRRRQAUUUUAFFFFABRRRQAUUUUAFFFFABRRRQAUUU\nUAFFFFABRRRQAUUUUAFFFFABRRRQAUUUUAFFFFABRRRQAUUUUAFFFFABRRRQAUUUUAFFFFABRRRQ\nAUUUUAFFFFABRRRQAUUUUAFFFFABRRRQAUUUUAFFFFABS0lFABRRRQAUUUUAFFFFABRRRQAUUUUA\nFFFFABRRRQAUUUUAFFFFABRRRQAUUUUAFFFFABRRRQAUUUUAFFFFABRRRQAUUUUAFFFFABRRRQAU\nUUUAFFFFABRRRQAUUUUAFFFFABRRRQAUUUUAFFFFABRRRQAUUUUAFFFFABRRRQAUUUUAFFFFABRR\nRQAUUUUAFFFFABRRRQAUUUUAFFFFABRRRQAUUUUAFFFFABRRRQAUUUUAFFFFABRRRQAUUUUAFFFF\nABRRRQAUUUUAFFFFABRRRQAUUUUAFFFFABRRRQAUUUUAFFFFABRRRQAUUUUAFFFFABRRRQAUUUUA\nFFFFABRRRQAUUUUAFFFFABRRRQAUUUUAFFFFABRRRQAUUUUAFFFFABRRRQAUUUUAFFFFABRRRQAU\nUUUAFFFFABRRRQAUUUUAFFFFABRRRQAUUUUAFFFFABRRRQAUUUUAFFFFABRRRQAUUUUAFFFFABRR\nRQAUUUUAFFFFABRRRQAUUUUAFFFFABRRRQAUUUUAFFFFABRRRQAUUuKMUAJRS4ooASinUhoASiii\ngAooooAKKKKACloooASiiigAooooAKKKKACiiigAooooAKKKKACiiigAooooAKKKKACiiigAoooo\nAKKKKACiiigAooooAKKKKACiiigAooooAKKKKACiiigAooooAKKKKACiiigAooooAKKKKACiiigA\nooooAKKKKACiiigAooooAKKKKACiiigAooooAKKKKACiiigAooooAKKKKAHKKWhelFACGkpaKACi\niigAooooAKQ0tIaAEoopcUAJS0UUAFFFFABRRRQAlFFFABRRRQAUUUUAFFFFABRRRQAUUUUAFFFF\nABRRRQAUUUUAFFFFABRRRQAUUUUAFFFFABRRRQAUUUUAFFFFABRRRQAUUUUAFFFFABRRRQAUUUUA\nFFFFABRRRQAUUUUAFFFFABRRRQAUUUUAFFFFABRRRQAUUUUAFFFFABRRRQAUUUUAFFFFABRRRQAU\nUUo60APpDS01qACgUlFAC0UUUAFFFFABRjNFLQAAUh606mnrQAlFFFABRRRQAUUUUAJRRRQAUUUU\nAFFFFABRRRQAUUUUAFFFFABRRRQAUUUUAFFFFABRRRQAUUUUAFFFFABRRRQAUUUUAFFFFABRRRQA\nUUUUAFFFFABRRRQAUUUUAFFFFABRRRQAUUUUAFFFFABRRRQAUUUUAFFFFABRRRQAUUUUAFFFFABR\nRRQAUUUUAFFFFABRRRQAUUUUAFOXrTaclADqaetOptABSUtFABRRRQAUCjFLQAUUUUALTT1p1NPW\ngBKKKKACiiigAopKKACiiigAooooAKKKKACiiigAooooAKKKKACiiigAooooAKKKKACiiigAoooo\nAKKKKACiiigAooooAKKKKACiiigAooooAKKKKACiiigAooooAKKKKACiiigAooooAKKKKACiiigA\nooooAKKKKACiiigAooooAKKKKACiiigAooooAKKKKACiinBc0ANop+2mkUAJT06U2nrQAUlONNoA\nKKKKACiikoAWiiigAooooAWmnrThTW60AJRRSUALSUUUAFFFFAH/2Q==\n', '', '', '', '', '', '', '', '', 'Y', 0, '2019-09-21 15:39:20');
INSERT INTO `processacitvity` (`id`, `stationid`, `activityid`, `activitytype`, `outputcheckbox`, `outputnumber`, `outputobservationtext`, `outputobservationImage`, `outputfumigationchemicalid`, `outputfumigationchemicaldai`, `outputfumigationchemicalconsumption`, `correcticeactionnumber`, `correcticeactionimage`, `correcticeactionrootcase`, `correcticeactioncorrection`, `correcticeactionupdate`, `activestatus`, `createdby`, `createddate`) VALUES
(200, 29, 54, 'Observation', '', '', 'obser 2', '/9j/4AAQSkZJRgABAQAAAQABAAD/2wBDABALDA4MChAODQ4SERATGCgaGBYWGDEjJR0oOjM9PDkz\nODdASFxOQERXRTc4UG1RV19iZ2hnPk1xeXBkeFxlZ2P/2wBDARESEhgVGC8aGi9jQjhCY2NjY2Nj\nY2NjY2NjY2NjY2NjY2NjY2NjY2NjY2NjY2NjY2NjY2NjY2NjY2NjY2NjY2P/wAARCAUAAtADASIA\nAhEBAxEB/8QAHwAAAQUBAQEBAQEAAAAAAAAAAAECAwQFBgcICQoL/8QAtRAAAgEDAwIEAwUFBAQA\nAAF9AQIDAAQRBRIhMUEGE1FhByJxFDKBkaEII0KxwRVS0fAkM2JyggkKFhcYGRolJicoKSo0NTY3\nODk6Q0RFRkdISUpTVFVWV1hZWmNkZWZnaGlqc3R1dnd4eXqDhIWGh4iJipKTlJWWl5iZmqKjpKWm\np6ipqrKztLW2t7i5usLDxMXGx8jJytLT1NXW19jZ2uHi4+Tl5ufo6erx8vP09fb3+Pn6/8QAHwEA\nAwEBAQEBAQEBAQAAAAAAAAECAwQFBgcICQoL/8QAtREAAgECBAQDBAcFBAQAAQJ3AAECAxEEBSEx\nBhJBUQdhcRMiMoEIFEKRobHBCSMzUvAVYnLRChYkNOEl8RcYGRomJygpKjU2Nzg5OkNERUZHSElK\nU1RVVldYWVpjZGVmZ2hpanN0dXZ3eHl6goOEhYaHiImKkpOUlZaXmJmaoqOkpaanqKmqsrO0tba3\nuLm6wsPExcbHyMnK0tPU1dbX2Nna4uPk5ebn6Onq8vP09fb3+Pn6/9oADAMBAAIRAxEAPwDz+ilF\nJQAUUUUAFFFFABRRRQAUUUUAFFFFABRRRQAUUUUAFFFFABRRRQAUUUUAFFFFABRRRQAUUUUAFFFF\nABRRRQAUUUUAFFFFABS0UUAFFFFAC11Hh4504ezGuXrpvDh/0FvZzQBsp1qSo061JUspCgUoFAoq\nQFFFApaACiiloASjFLRQAnajFLRSAbijFONJQA3FJinYpKAExTafikNAyJ/vLS4occqfelpiIZhm\nFvpVTFXZh+6b6GqmOKuBLG0080+mkVoIYR+dJTiKQ0CJLfo31qWo7f8Ai/CpsVk9ykNpDTjSUhja\nq34zB9CKtmq1/wD8ernuORTW4MzNPK+e+0d+vrWuBxWRYF/N+cYGOBWwKqRKK96P9GfHt/Oscg1t\nXYzbvn0rGIrSnsTIaelSDoKjNSdhVMSE6UKOeKDzQMZqJfCwI7gdMLu4p8WSnzDBptxkAHdjnFPX\n7vHpXJ0DoXrUfu/xqlqH/Hz+Aq7ajEXTvVPUf+Pgf7tdECuhVCEyq3YYq6v+qbHoarKyr1OOlWIu\nYmI7rViMpScnFO6yrn1FNAycUD74+tSUNFIaBRSGFFFFABRRRQAUUUUAFFFFABRRRQAUtJRQAUUU\nUAFFFFABRRRQAUUUUAFFFFABRRRQAUUUUAFFFFABRRRQAUUUUAFFFFAC0UUUAFFGOM0UAKK6Tw3/\nAMej/wC/XN10fhk/6NMP9v8ApTEbidRUoqNODUoFZstAKWilFIAoFFKKADFFFLQAUmKXtRQAUmKW\nikAlGKWigBtGKWigBppKWjFAEbjlfr/Q0dqVx9360UwI5RmJ/wDdNU+1XpBmNvoapdquAmMpMU/F\nNIqyRpFNNONIaYD7fq3tipqitx8zfQVPWT3Ghppp708ikpDGkcVXvRm2bPt/OrJHFQXYzbP+H86a\nAx7MZvMl84zgelbQHFY1ntF4yhTuyck1tDpVyJRDdD/R3+lYh61uXIzBJ/umsQj0q6exMhpp46Cm\nH1qRfu1TJQhoUfNQaF61EtmMZOVC/MCacn3F9wKSYEqACF5605P9WvPOK5Ogi7aHKH61V1IDzlPt\nVq0+41VdSGZU/wB2t4F9CoYxIRk9sVdhGF2jt2NVU657VahGc/lWjJRkDqc0rYDDHNBH7xvxNI3U\nZqSxlFFFIYUUUUAFFFFABRRRQAUUUUAFFFFABRRRQAUUUUAFFFFABRRRQAUUUUAFFFFABRRRQAUU\nUUAFFFFABRRRQAUUUUAFFFFAC0UUUAPx+4P+9SBSelOH+pP+8K1NPsvNjB9qG7DhG9zKKMBkit/w\nyf3Uw9xTL+yEVuSAOlL4YPE4+lJO45RsdCnWpRUSfeFS0mJC0tFLUjCl7UgpaAClAoFFABRS0CgB\nKKWkpAFJTqSgBMUlOpKAEIpMU6kxQBG/QfUUUSD5fxFLjigBrDg/SqI+6Kvnoaoj7orSAmNNNNPN\nNNWSMFIad9aSmA+3HzN9KnqG3++fpU+KyluUhtJTiM0lIBtQXQ/0WX/dqc1Fdf8AHvJ/u00BkWwZ\nbo8DbnFa6/dFZNsjG43549K11+6KuRKI5x+5k/3TWGa3ph+6cexrBIqqZMhpp4+6KYRz7VIv3cVb\nJQU0fepw6Ui9al7D3Qk6h1Cn1pU5QccUTD5Mg4ojxsHfiuLoBcsz8rVX1QfPH+NWLLowqDVBzGfr\nW9PoV0KQkCsB69auW7Ak8cVSXAdSfX0q5b/eP1rYm5lt8srcdyKa/LdMU88XDZ/vGmysGbjsKgsj\nooopDCiiigAooooAKKKKACiiigAooooAKKKKACiiigBaSiigAooooAKKKKACiiigAooooAKKKKAC\niiigAooooAKKKKACiiigBaKKKAJF/wBS31FdDpWTYnb94AVzyf6qT8K39H/49WOeNuKmfQ0pdSa9\nybH5jyQTVXwwf3k47YBq3eAGyB7gEVS8MH/SJx/sj+dKA6nQ6ROoqYVEo5qamzNAKWgUtSMBS0UU\nAFLRS0AJRS0UAJiilooASiloxQAlJTqSkAlJS0UARyfdpaJPuGgDigBpqgOBitEiqHr9auAmNNNp\nxppFaEjSKQ040lMB1v8Af/CrGKggH7z8DVispbjQ3FNxTqSkMTvUU+PKfJ4walxUc4/cv9DTQGbA\n6A/KDn3rRXkVjQyBZ1j7mtlPuCrkShsv+qb6VgsOa6B8bT71gN1NVTJkMp6fdplPT7taMlB60ncU\n403vUPYYT/6s4GaIwRGOME80swzGaSIkoCa4ugi7ZDhqg1McR/jU9keSPUVHqg+RD7mt6fQpbGcG\nKkYx171ct/vnNVAm4gg4x0q5bqFbv+NbMDKdQblh23GmyqFYY9KfMv8ApTgH+KmyrtI7ioGRUUUU\nigooooAKKKKACiiigAooooAKKKKACiiigAooo7UAFFFFABRRRQAUUUUAFFFFABRRRQAUUUUAFFFF\nABRRRQAUUUUAFFFFAC0UUUASR/6qT8K29HlRbcq5ABrEi+5J9KkiuDGm2lNNpWLptJu5vX11G0O1\nCOetVPDJ/wBMlHqn9aymuGYEetafho/6e4/2DSimtxzknsdSvWphUK9anFDIQCloApakYUooFLQA\nUUUtABRRRQAUUUUAFJS0UAJSU6koASkp1JSAZIP3bfSgdKV/uN9KB0pgIRVA9T9avmqLD5m+pqoC\nYymmn009a0JG4pDS0UwHQf6wfQ1Y71Xh4kFWazluNDaTFOpDUjG1HIP3bfQ1Iaa4yp+lMDBRcToc\nA56mtqPmMGsLP+mR5Y49K3Yv9WKuRKBuVNc+wwSK6E9DXPyffb61VMmRGakX7tMxT06VoyUKab3p\nxpvfpUjHtgimjHTpSuG2naeSOtRxLIrHe270rgsIvWX3j9KZqo/dp/vU+yOXP0puqY8pP97+ldFP\nZFrYoRjmrUPX6VWjjkPKxsR9MVYjSQH+EfU1sSZtzkXb465qOUMGG6pLnK3bknJBpkzbm46CoLIa\nKKKQwooooAKKKKACiiigAooooAKKKKACiiigAoope1ACUUUUAFFFFABRRRQAUUUUAFFFFABRRRQA\nUUUUAFFFFABRRRQAUUUUALRRRQBJF0kH+zTKFJ5xQBTEFa3hs41L6oaysVq+HhjUl/3TRYDrFqYV\nCtTioZSFFKBSClqRgKUUUooAKKAKWgAooooAKMUUUAHaig8CigYlFLRQISkxS0UAMb7h+lA6Urfd\nNIv3R9KAENUX/wBY/wDvGr5qk4/ev9aqG4mRnpTaeaaa1JGEcUlOIpDQAsX+tX61aqrF/rF+tWyK\nzluNDTTfWndKbUjEpr/dP0p+KaRximBzczlJhsj3MQK3bbJgUnrisWUN9oUqwAB5z35rch/1Yq5b\nErcdjiufmGHb610GOKwLjiV/rVUxSITT4+h5php6dDWjIQppuOKe1NxUjHOdqMeuB0qGIvvw+Dkd\nqmcAoQelV7cpvO1mY46kVw9GBoWX+sP0p2osyQqynB3Ulp/rMU7Ux/o34itqew1sZyu7H5mJ/GrE\nOMjjBqmz7I92M84qzaMzKCQRW4FC8wL1z71C/QCp74f6Yw9cVA4A6euKgZHRRRSKCiiigAooooAK\nKKKACiiigAooooAKKKKACiiigAoopaAEooooAKKKKACiiigAooooAKKKKACiiigAooooAKKKKACi\niigBaKKKAJIACzA/3TQKLf8A1n4GlUZOKpbE9QrS0E/8TNPoaoNGVGccVd0Q41OL8f5UDOvFTCoR\nUy9BWcikOFKKQUoqRgKUUUooAKKWigYUUUUCCilooAQiilpKACkpaKAExSUtGKAEPQ0xPuD6U+mx\n/cH0oADVKUfvXHvV6qco/fN/ntVR3EyKmmnnpTTWpIwim08ikxQARj51+tW+tVE++v1q32rOW40N\nNJTjTTUjG0hp2KQ0wObuNguAWzkHgD61uwf6sViXSn7UNoB55yOnNbdvzGDVvYnqPIrAuB+/f6mu\ngNYN1/x8P9TVU9xSK/anx9DTCKfH3rVkIU00040hqChXGUb1IqCHc0hLKFwOgqw2fKIHXFVoNnm/\nISeOSa4u4jQs/wDWj1qTUhm1OPUVHaf64VLqX/Hox9x/OtaWxS2MndsTdjOD0qzaksgJ6kZquBlG\n5FT2nMYOc/StySnqXF4cegqBw2wF+ueKn1Mf6Xx/dFV3UAZ7g4qCyKiiikMKKKKACiiigAooooAK\nKKKACiiloASiiigAooooAKKKWgBKKKKACiiigAooooAKKKKACiiigAooooAKKKKACiiigAooooAW\niiigCS25mAqzYQefcBe1Vrf/AFy1paPhXkc9AKJNqDsEfi1LuoWsYtflGCO9Z+kcanCP9qtKefzY\n2Xbjb3z1rOsPl1eL/fpQg4e6zSTUoqSOxFTDpUIqZeRSZCHClFIKWpGAFLRS0AFFFLQAUUtFACYp\naO1FACUUtFACUUtJigBKKWkoAQimJ9wVJTE+7QAtU5v9c34VcqrOP3x+gqo7iZCabTyKaRxWpIyk\nxTjSGgQ1fvD6irnaqi/eH1FXO1RIpDKQ040lQMZig07FIaYHOXv/AB8437RuNbVt/qhisbUdq3BL\nKT8xxiti0/1IrR7Ercm7Vg3o/wBJk+tb1Yd//wAfUn1op7ilsVadGOtNNOj71syEOammn9abUlDu\nq9O1NGB0AFO/gJzVWEJ5o2Elu5NcDWrJNC0I86p78ZtJPaoLUfvl+tWb3/j0kralsUtjFYZjYdjg\nVZtR8gC9BUC42Nkg5qa04jHStwKup8XQ7/KKqPIX7AfSreqj/Sh/uiqVQUNooopDCiiigAooooAK\nKKKACiiigAooooAWkoooAKKKKAClpKWgBKKKKACiiigAooooAKKKKACiiigAooooAKKKKACiiigA\nooooAWiiigCS3/1y/WrNq5RmA6E81Vg/1q/WpVbbKfrVWuiJGv0Vie/SqVqf+JpER/fFHmkDliR6\nZqOzb/Tom/6aA/rQ25O7Li17NJHcAVKvSoh0qZfu1mxocKWkFKKkYtFFB6igBRRRS0AFFKKKAEFF\nL2ooASilooAMUmKWigBMUlLRimA2mp0P1NPpsY6/U0ABqrP/AK38Kt1VuP8AW/8AAacdxMhNNNPN\nNNakjDTTTzTTQIaPvD61cqp71c7CokUhpppp9NqBiU09adSGmBgakWW5YouTk1pWG77Ou772OcVn\namubhvn2DdyfwrTsv9SvpirexPUnNYeo/wDH04rcNYmoj/SmP0p09xS2Kf8AOnRDrSGlj6mtmZjz\n0ptO6UhqShy8rTAqg8ACnjlcVUhkJnK8kdBXDJasVi/a/wCuH1q3ef8AHpL9KqW4/fL9auXn/HpL\n/u1pS2KWxhNjymB6Yqeyx5Yx0zUJH7tuM8dKksvMDEMNq444roER6t/rkPfbUEwURDAGOxqxq334\nj/s1TyoTkMakpENFFFSUFFFFABRRRQAUUUUAFFFFABRRRQAUUUUAFFFFABRRRQAUUUUAFFFFABRR\nRQAUUUUAFFFFABRRRQAUUUUAFFFFABS0CndBQA2ilIyMim0APi/1qfUVI/EjfWo4/wDWL9all/1r\nfU1cdiXuJkkcmpbQ4uYj6OP51DUkBxMn+8KAO9XoKmXpUKH5R9KmT7tZSLQ+lFIKcKkYCloooAKW\njtRQAUtFFABRQKWgBtFLRQAUlOxSUwEpKWjtSASmL3+tPNNXq31pgL2qrcf6wfSrVVrn76/SnHcT\nIDTTTzTa1IG000/pTaAGVc7CqZ71d7CokNDaQ040lQUNxSGnU2mBg6sB57bgSM8AfStKxIMIwOKz\ntWMi3eI1z0Oav6eSYBnrWnQnqWqxdT4uT9BW0axtUH+k/hRT3FLYo96dH1P0pDSp1rZmY5qQ9KcR\nTelSUOX7tQQjEhJPX9KnUcVBEV898A5J6npXFL4mIt22BMv1FXrof6LJnkbaoQf60fWtG4GYJAf7\npq6WxS2MBKtQnmqqYzVmEgnGRXSBX1f70X0NVtuYjllAwMDPNWtX/wCWP0NUjGoh3c5qBkFFFFSU\nFFFFABRRRQAUUUUAFFFFABRRRQAUUUUAFFFFABRRS0AFJRRQAUUUUAFFFFABRRRQAUUUUAFFFFAB\nRRRQAUUUUAOWgnNC9KSgB69KZT16UxutAgU4INSyMDIxByM1FRTTCw/dTo2IkU+hFRinLwwPvTA7\ngzsoAAHAq/bktCpPUisv+79BWnaf6hfpUzWg0TilFIKWsyhaWiloATFLRS0AJS0UUAFFFFABSUtF\nABSUtFACUlOpKYCUxfvN9akpg+81AC1WufvJ+NWqrXI5X8acdxMgNNp1NrUgaaQ0400imAw96uL9\nwfSqhq2g+QfSomNAabTjSVBQ2kp1IaBGHq4PmsAwTpyeKs6Sm22ALbu+ar6zt8w7umB0/GrWlkG2\nUqCBjgGtPsiLntWPqw/0kYH8NbB61k6t/rgfVaKe4PYzqdH97FNNKn3q3MkPxxSHinHpTT1qCxy9\nKroWWYhiMHoO9WE6e1RCBBJvyc5z1rhn8TJJ4fvitKf/AFD/AO6azY/vitOX/Vt9DV0tilsc6vSp\nbUDduOMg8VAzbFyBzSW0ziVVGMFs11ATat92L8apJufap6VoasP3MR9zWWrEEHPSoGMoopRUlCUU\nUUAFFFFABRRRQAUUUUAFFFFABRRRQAUUUUAFLSUtACUUUUAFFFFABRRRQAUUUUAFFFFABRRRQAUU\nUUAFFFFADgeKB60KM0HrQAoPFNJyaUUh60AFKoyaSprUZnUe9VFXdhN2Vx8ds79FJ/CmTRGKTDDF\na28DqapaiVZ0YHPFdE6aUdDnhUlKVmdKvMcZH9xf5Vq2f/HutZUfMER9UX+Vatl/qBmuaex0LcsC\nlpBTqyLFFHagUuKACilooAKKWkoAKKKKACjvRRQAUlLSUwCilpKQCU0fean0wf6w/QUwFqvc9F+t\nWar3I+VfrTjuJlc03FPNNrUgbjNIadimsKYEZHNW4/8AVL9KqnrVqLmJfpUTGhaQinGm1BQ2kp1N\noEY+rqTJ8vXaBz9an03PkgHqPSotWBaUKpwSo5/GptNQpEATk1p9kXUuGsrVv9an0rWI4rK1f76H\n2ohuEtjLIpy/eoNIv3q3MkSdqaadSGoLFU4Gc1XSUyS8YCjp71OoyCKg3J9oCBTuHBNcU/iYizH9\n4VqyD9230NZSf6wVrYyn4VVLYcTmnXdkdOanigUsrDtUeMMfrVmM11CItWH+jx/71Z8UQfOTjjPS\ntHVf+PaP13f0qrbxsEcnj5cVKWo+hRoooqCwooooAKKKKACiiigAooooAKKKKACiiigAooooAKWk\nooAWkoooAKKKKACiiigAooooAKKKKACiiigAooooAKKKKAHLQetIOKcKBCgYFMNOY02gYVJC2yQG\no6BTi7O4mrouypukVuuahuGy+PSrEDb4eeoqmxy5PvXTVfu3XUyhv6HX23Npbn/pmv8AKtax5g/G\nsizJNjbn/pmK17H/AFP41zy+E1W5aApwpBSisSwFLRS0AFLRRQAUUUUAFFFFABRRRQAUlLRTASii\nigApn/LQ/Sn03+P8KBCmoLn7g+tT1Dc/cH1prcGVjTe9ONNrUgSmmpMcUw0wIz1qzD/qV+lVzViH\n/VCokNDiOtNxT6aagobSU40lAjO1ExrKhcMSR2qS0YEcLgduag1f5Srei0aXKJFLL05xWi+EXU0O\n1ZWrj5oz7Vq1mauOI/xoh8QS2Mn6Uq53CikH3hW5kiXFMNPpp61JQq9DUBJFx149KnToagbH2vhT\nnua4qnxsRYT7wrWH3B9KyV+8K1kOEX6Cil1Kic8/+sf6mpo5FB659hQ0sayMBAuQx5Y5qWOVscBV\nHbaMV1gV9RYtbL8jAA9SMCq6yxqpyw6fXNXNTybIZJPzCsgLlSfSpvYN0R0UUVBYUUUUAFFFFABR\nRRQAUUUUAFFFFABRRRQAUUUUAFFFFABRS0lABRRRQAUUUUAFFFFABRRRQAUUUUAFFFFABRRRQAUu\naSloAKKKKACgUClFCAtWzBF5/iNQSDEjD3puTjGelHU1rKd4pEKNnc67TznTrb/crXsP9UfrWNph\nzpdsfYj9a2dP/wBW31qJfCUty4KcKQUorEsWigUtAAKWkpaACigUUCCiiigBKKWimMSilpKACiii\ngQUw/f8Awp9MP+sH0oAdUNx/q/xqaorgfuvxFNbgVT0puKeabitSAprCn4prCgCE1Yg/1QqA1Yg/\n1f40pbDQ40lONNrMoQ02nGk7UCMrWFyFB7qabpChY8A5HapdXwUXPoah0hkZT5fC54rRbC6mmfas\n7V/ux/U1pVnauP3SH3pQ3CWxjGhfvinEU0feFdJkiWm080w1BQqdDUMhZZuMbT1qZKgeJWlctngc\nc1xVPjYiwp+cc1qxf6pfoKyU6LzWvEP3S/QUUuo4mBLzcP8A7xp8LqWIB5HaklG27f2Y1DE4W4Kq\np5OCa6xlrUf+PE/UVjhsLtrY1Af6A31FZEaB+rYPYVD3GiKiiipKCiijtQAUUUUAFFFFABRRRQAU\nUUUAFFFFABRRRQAp60lFFABRS0UAJRRRQAUUUUAFFFFABRRRQAUUUUAFFFFABRRRQAUtJRQAtFFF\nABSikpRQAUopKWmI6vSTnSoPbI/WtrT/ALjD3rE0XnSYvZjW1p/8VN/CC3LwpwpopwrEsKWiigAp\naKKACiilpgFJS0UAJRS0lAgopaKBjaKWigQlNP8ArB9DT6Yfvr+NAC1HP/qj9RUtRT/6pvw/nTW4\nFWkFLQvWtSBccU1qlxxUbjigRXarFv8A6v8AGoWFTW/3D9aUtikPNJTqTFQMaaSnGm0AZurD90pH\nbNV9I3KNrAA9cCrercQr+I/Ss/SYCk5dpNxx0NaLYTNrvWfq/wDqF+taNUNWH7hf96pjuD2MY9KY\nOop5pveukxJDSHpTjzTT0qCwSoZlLtuVwB0NTp1qNrdWfJJweSvY1x1dJsQ9ACFxWvBzCv0rJXgi\nta3/ANStKl1KiYdwP9Mk/wB6mxgb+MZ5p13gXsn+9UcKqLhmDAse3pXWJk99zp7/AFFZMON2CMk9\n62L0Z0+T8P51kRbtpw20E4+tS9yiCiiioKCiiigBaSiigAoooFABRS0lABRRRQAUUUUAFFFFABRR\nQKAClpKKACiiigAooooAKKKKACiiigAooooAKKKKACiiigAooooAWiiigApRSUooQBS0AZp20gZq\nhHTaEc6UvtIa3NP6vWDoHOmH2kP8q3tP+81N/CC3L9OFNHSlrAoUUtJS0xhRRS0AFFFFABRS0lAB\nRRRQAUUtFAhKKKKAEppHzCn0xh8y0AKaim/1TVKajlH7pvpTQFXsKVRmjtT4Vy4A61qQPCcVFIMC\nt6DTAYgX6mqOoWRhGR0oAxmqa3+6frUbDmpbf7rfWlLYESUlOxzRioKGYppp5FMNAFDVR+4X0z/S\nszRllW4OUIQ85IrV1IAwL/vVS05w0uA2cACtFsJmrVHVR/o2fer9UtT/AOPQ/UVMdwexh009RTjT\nT1rpMSXrTTTh0ppzUF9BU60juqNywFKvWoZEQSEvyT09q46y98RMD6Vq23+oWslAFAHata1/1K0q\nW7HExb3/AI/pP96oIQBeHIIbmrF+MXkn51Eg/wBJJ/KuvoMs3PNjL9KyoSNmBGWIOfata4/48Zf9\n2sVgUVcE8jNSxohoooqCgooooAKKKKACiiigAooooAWkopaAEopaKAEooooAKKKKACilooASiiig\nAooooAKKKKACiiigAooooAKKKKACiiigAooooAWiiigAFKKSgU0IniQseO1PljKxhiDg9DVzRhmV\nj7U7VRsjij9Aaz9p7/Ka+z9zmL/h3/kHye0n9K3tP/1jfSuf8Nn/AEKYejj+Vb9if3p+lbP4TJbm\niKcKQUtYlAKUUUUDClooFABS0UUAFFFFAgooooAKKKKAEoxS0UAJ2prdV+tPpjj7v1pgFNkH7pvp\nTqRx+6b6GhAU+1aGjwiW7GeijNUBW1oC/wCuf6CtXsQbNV72ISW7cc4qxSOMqR6ioQziZl2uRT7f\n+Lmn36bbpx70y3/i/CrlsJEveg9KKQ1mUNammnNTaAKWpDNt/wACFZ+mgJMygY759a0dS4tSfcVl\n6WSbhyzhsHAx2rSOxLNvtVPUsfY2+oq52qpqP/Hm9THcb2ME03rTj0pO9dJiSdBTTTu1NNQWKn3q\niuhj5gKkThqhvM4TuM9PWuSr8Yicdq1Lb/UCsvt0xWpaf6n8ailuOJk6kMXrfhUIZDchcHIHXtU+\nqD/TSfYVV5jmYnHK4BrrWxRemH+hzcc7Kwz84UDsK3HybSXPdDWEgyT7UnuCIqKKKgoKKKKACiii\ngAooooAKKKKACiiigApaSigAooooAKKKBQAtJS0lABRRRQAUUUUAFFFFABRRRQAUUUUAFFFFABRR\nRQAUUUUALRRRQAUCigUIDW0pgkUjnsRRq7bpwPRaoxzOkRjU4VuTSvI8hLOxY+pqVT9/mNHU9zlN\nvw0f9GuB23L/AFroLH/XH6Vzvhn/AFVyP93+tdFY8T/hW32WY9TSFLSCnCsDQBS0UUAFLRRQAUtJ\nR3NAgopaSgApaKKAEo7UtFMBKKWigApj9vrT6a/QfUUAJQw/dt9KWhh8hHtQhFEV0OhIBau3ctiu\nfXpXQ6H/AMeTf75/kK1exKNKkpaSoKOS1T/j8lHvUFv1b8KsagN91I3vUEC4ZvpVvYlEhpKU0hrM\noaaaelONNoAqaj/x6N9R/OsKwlVL0KiNknk1v34zav8Ah/OsmyIE4HGef51pHYTNrtVXUP8Aj0er\nXaq18P8ARJPpUx3Doc+elNOacTTTXSYko+6PpTWFOB4H0pp5qCwH3qhvNoCsWwQeKmXhqZcBsAqu\nev4VyVvjQh69B9K1LL/U/jWWn3R9K07HmH8ailuxxM3VRi8+qiq+wS8N6g1Y1b/j7H+6Kgi612LY\nbLRH+jSD/YNYUaln4IHuTit9eYXH+yaw7eMSOc8gVL3GivRRRUFBRRRQAUUUUAFFFFABRRRQAUUU\nUAFFFFABRRRQAUtJS0AFJS0lABRS0lABRRRQAUUUUAFFFFABRRRQAUUUUAFFFFABRRRQAtFFFABQ\nKKBQgHA0uTTaUVQjf8Mf8vI9gf1rorP/AF4rm/DB/e3C/wCwD+tdJaf69aroxdTTFOFIKUVgWKKK\nBSigAFFFLQAUUUUAFFFFABRRRTAKKKKACiiloASmyfd/EU+mP0/EUAFHY0Uo6UCKajitvQn+SVM+\nhH+fyrEHStHSZhFcfMcBuCa1exJv02Q7UY+gp1U7+cLGYweTUIZkyQhyx9aqLHtduO1aA+7Vf+I/\nSrewkVmplTSjmo8cZrMojpKWigCtejNq4rBtHjS/Krkux546Vv3n/HrJ9KwbMt9tI8sBR/F61cRM\n6DsKgvBm0l+lTjpUN1/x7SD/AGaS3A5w9aZT260zPNdJiS9qD0oH3RSGpLQL96kmWRlxGQPXNC/e\nFEzFEyq5J6CuOv8AEhCqCqAE9K07D/Un61modyA9M1pWPEX41FL4hrcztX/4+V/3arxHkCresD9+\nn+7WWGaOY8ZBrsWqGzVXPlv/ALp/lWFDvEnyHBrbgbzIGx/dP8qw42ZZTtGTUyBENFFFQWFFFFAB\nRRRQAUUUUAFFFFABRRRQAUUUUAFFFFABQKKBQAtFFFACUUUUAFFFFABRRRQAUUUUAFFFFABRRRQA\nUUUUAFFFLQAUUUUAFAooHWmA4UUUUxG34X/4+Zx/0y/qK6a0/wBetcv4ZOL2QesR/mK6e24mT61S\n2EawpRSClFYFi0tJRQAtFFFABRRS0wEooooAKKKKAClFJS0AFFAooAKY/wB00+mSfcNAC0CiigRT\nHFSxHBqL+I/Wnoea26EmnHfTIm0Nke9RPIzsWY5JqBW4pd3rSETA/LUAPz04NwajB+f8KHsNDZPe\nmkfJTnpD/q6zKID1ptOptAEN3zbS/wC6awLXP2/JcYx92uguBugkH+ya5u0kjfUOA27J57Yq4iZ0\ni/dFRXX/AB7yf7pqVfuio7gZgkH+yaXUfQ5pupph709upph5rpMSVfuikNKh+UUhqWUhBwwomUsn\nynBBzQvUUlyAY/mJHPUda5K/xIQsX3B6AVp2B/dtWXDjylxnGK09P5Rqzp/ENFPWR+9j+lZzjOK0\ntZ+/H9Koqu/jpXbB2Gy1ZjER+hrFGBK4PGcit63AVdo9KwsDz5AevOKmWrBEFFFFZlhRRRQAUUUU\nAFLSUUAFFFFABRRRQAUUUUAFFFFABRRRQAtJS0UAJRRRQAUUtJQAUUUUAFFFFABRRRQAUUUUAFFF\nFABRRQKAFooooAKB1opR1oAWnYIFOijLqzdlq40SvBwADiuiFJyVzKU0mT+G/wDkIkesbV1EH+uT\n61y3h3/kKqPVG/lXUw/61PqKhFmuOlLSDpThXOWFFFLQAUUUtACUtAopgJRS0UAJRRRQAtFFFABS\nUUtAgpkn3DT6a/3W+lAxRRQOlFAikfvMPc05TzSN99vqaBWq2JJQaVmwhpgoc/uzTENhYtnNSD79\nQ2/8VSr/AKwUnsNBIaQn5KWTrSH7lZlEJ600040lAEU/+pf/AHTXNIzpeqkUYCk/exXTS/6t/oa5\npARfj95hemzPXirgJnRp9wUyX/VP/umnR/cH0pHH7tvpS6jOYfqaZT5PvH60w10mJIn3RQeaE+7Q\nakpCDqMetE4Jj+UZNHcUXBIT5eua5K+6EJDxGPWtPT/uN9azIRtjArS0/o1ZU/iHHcraz96M1Rj9\nBV/WekefU1QjIzwCfoM12x2GXrfk1h7A92ynpuOcfWtmHzVYYhP48ViSsUuHI4IY1MhogoooqCgo\noooAKKKKACiiigAooooAKKKKACiiigAooooAKKKKAFooooAKSlpKACiiigAooooAKKKKACiiigAo\noooAKKKKACiigUALRRRQAUDrQKB1oQFq3/1Mv0qyjkPGvYrVe0IJdD/EKs7QrIT1UV6FL4U0cs92\nSaCdusp77h+ldTF/rF+tcnojf8TmE+rH+VdWnDr9a5erOg2B0pRSL0FOrnLClooFIApaSlpgFFFF\nABRRRQAUlLRQAUUUUAJS0UlAgpH+430p1Nb7p+lACjpRSKflFKelAFNv9Y31NAof/WP9aBWq2JHA\n0SH5DQKbJ9ymA2DoakU/vBUUPCk09T84+tJ7AiR6Rvu0N1ob7tZlEJpKcetNoAY/KMPauYUL9vjY\ng7vXtXUMflNc2C/2tVUfLxuP0q4CZvxf6tfpQ33T9KIv9WKVhkH6Uuozl5eHP1qM1JMP3rfWojmu\noxJE+6KU0kf3KU1DKQg6081H0NOkIClvSuTEdBMXtV7T+rfSs6FzImSMHpWjp3VvpWNPSQ47jNVf\nyxG2xWPP3hmqKXErcFgo9AMVc1r/AFUZ/wBqs6MYAPau2OxRehJLcnnFYNyMXUn+8a3YOvFY8+Pt\n77um6lIEU6KKKgoKKKKACiiigAooooAKKKKACiiigAooooAKKKKAFHSkoBooAWiiigApKWkoAKKK\nKACiiigAopaSgAooooAKKKKACiiigApaSlFABRRRQAUCgUd6YEiMUYEdal89iGJ6kYFQUorSM2ti\nWky9opxqtsf9sCuvX7/0NcdpPGp23/XQfzrsejn60RA2F6A04dKan3B9KcKwLFooFFIBaKKKYBRR\nRQAUUUUAFJS0lAC0UlFAC0lFFABSN90/SjNIehoAFPyiimof3Y+lLQIqv/rW+tApJT++akU1qtiW\nSCmyfcNKKbIflpgJF92lX74+tNThaB99frQ9gJ2/Smk5WnHrSN0rEojNNp1NpjEIyKxkiRJW3SJn\nPQHNbJ6VzxIS4bPGWwKuBLNuPGwYpT0NNg/1Qp5qXuM5i4/1z/U1C1T3XE7/AFqA11LYxY6P7tOp\nIx8tBqWUhKc6loyAcHHWm06Q4jJAz7Vy4joIbGhRACee9aGnfeb6VmxPIx+cbePWtHT/AL5+lYw+\nMa3G6z/qI/8AerJd2SIbBk7q2NYGbVT6NWNIpeJQpxlsGuxbFMuWJcoC4wc1m3abr+Rf9qtSyVkG\n1jnHesy/GNRkC9d1KQkUqKKKgsKKKKACiiigAooooAKKKKACiiigAooooAKKKKACiiigBaKKKACk\npaSgAooooAKKKKAFpKKKACiiigAooooAKKKKACgUUUALRRRQACiiigB1KKSlqxFrTTjUbc/9NF/n\nXaN99vrXEWR23kJ9HH867d+JG+tVERrx8oPpThTIv9Wv0qSsHuWFLSUooAKWkFLQAUlLRQAlFFFA\nBSUtFACUUUUAFJS0lABSUtJQA2P/AFY+lLTY/uCnUAU5v9c34fypuafN/rm+gqI1qtiGSqeKbJ0p\nFNEh4pgC/doH3x9RQvSkH3h9RQ9gLPU0jdKXvSN0rEsjNNNONJTEIelc1eOFuQm0sWf8ua6WuZvl\nIu/9YEwxbnvVREzet/8AUin1Ha/6kVKaHuBzV4P9Jf61WJq3fcXUn1qoa6VsZPcfH0NKRTY+hpxq\nWUhppZEZk+U4IpD1p7HbGSBk4rlxHQTIo0ZSWY5Y+laGn/601mwyvIzZXAFaVh/rawh8eo1uP1f/\nAI9P+BCsR3ZYfl6g5rb1b/jzb/eFYpTfERnBzXbHYpluw3bfnJ3Hrms/UPl1Bz15BxV+wfzNzHrm\nqOpcagfqKJCRQooorMsKKKKACiiigAooooAKKKKACiiigAooooAKKKKACiiigBaKSloAKKSigAoo\nooAKKKKACiiigAooooAKKKKACiiigAooooAWiiigAFFFFADhTqfbQtcTpEgyznAA71tSeHLmO2eR\nwq7RnBPNUIxYOJ4z/tCu7k/1rfWuDQ7XBPY13kn+sJq4iNSD/Ur9KlFRW/8AqE+lSisXuWhaKKKQ\nBS0UUAFFFFABSUtJQAUUUUAFJS0lABSUtFACUlLSUANj+4KWmx/cp1AFSf8A1x+gqM1Jcf678BUV\nax2JYmcUrHim0E8VQh46U3OCPqKUdKaetJgW+9DUUNWJZHSGlpKYCHmuX1NIv7Qkkkz97AUV1Brm\ntTgZtRaRMHacgEfnVwJZt2Z/cLU1QWR3W6kVOaT3GjnNQ4u5PrVQ1c1IYvJPrVM9a6Y7GL3HRnrT\njTY+9ONSykMNSNnyjzzimGnnGw59K5sRshMgtskNznmtCxJ88fjWfbY2sAu2tCw/14rnj8YLcm1Y\nf6E31FY0fYVtaoP9Bf2x/OsSPGa7o7FMu2+F6YHes7VV/wBPI9QK0YutZ+rcX/pwOaUgRnUUUVmW\nFFFFABRRRQAUUUUAFFFFABRRRQAUUUtACUUUUAFFFFAC0UUUAJRS0lABRRRQAUUUUALSUtJQAUUU\nUAFFFFABRRRQAUUUtABRRRQAUUUUAX9G/wCQta/9dBXc30o2Qp18yVUP+fwrg9KO3U7U/wDTVf51\n1OrtJHrFjGB+7eVX/HpTYI5e/gNvfzQn+FyK7Vzk59QDz9K5vxXGsesMVx86BiMf59K6IENHGRzl\nFP6VcSTVtf8AUL9KmFQ2fNutTisnuWgpcUlLSAKKKKACiiigApKWigBKKKKACiiigBKKKKAEoooo\nAYnQ/U0tInRvqadQBUuf9b+FQmprn/Wj6VEa1jsSxhpKU0hqhDs8U1jQDSHvSAuikalWhqxKGU2n\nGmmmMQ1zesKrXEm9yiqc5rpK5vW4Xe+3LhguDtPc1URM1tNAW1RV6ADFWqq6ec24q0aHuJHPan/x\n+PVI1e1Xi7aqJrojsZPcdF1NONMj6mn0MaGnrUmMoR61GakH3PwrlxHwobI44yhPOc1bsT+/FZ0U\n0jzYZdo9M1oWX+vH1rnimpK4luW9S/48ZK59ZFQjPfpXQ6jj7DL9K54KMFuMj2ruhqUy3b+Z5ilg\nQp6AiqmsDN6Md1FWbUsxGSSQar6z/wAfSn/ZFOorCizNooorE0CiiigAooooAKKKKACiiigAoooo\nAKKKKAFpKKKACiiigBaSlpKACiiigAooooAKKKKACiiigAooooAKKKKACiiigAooooAWiiigAooo\noAs2LbbyBvSRT+tdxrcO9bSbHMU6n8Cf/wBVcJbHFxEfRx/OvR7kLJauOoxn8RzQwOJ8RyebrU/+\nzhfyFdPB/wAesH/XJP5CuLu5fPvJpT/G5P612VrzZWx9Yl/lWkSWbFn/AMe61YqtZf6gfWrNZS3K\nQUtJS0hhRRRQAtJRRQAUUUUAFJS0hoAKKKKAEpDnNLRQAlFLSUAMT+L6mnU1OrfWnUAVbn/WD6VA\nanufvqfaoDWsdiWNNNNONNNUIBQ3Q/SkoPQ/SgC8vSkahPuj6UNWBQ2mmnU00DENc/rW4TttcIcg\n7vwroDWBrgTzm83JUAHHrVx3JZd0j/j1ALFiOpPrV6qWlY+zghcZ5Iq7Q9wRg6sP9Lb6VnmtLWR/\npX4Cs010R2M5bix/eNPPWmR/ep5oYLYbTx92mGpF+5XNiPhBlS3VTIWCsMdCa0LTPnrz3qlBv3vu\nZSB0Aq7an9+v1rmXxoOpevgPscn0rnVI+YFgBjr+NdHeAGzl/wB2udCBiCe1dsCmT2pIk2hDtJ+9\nUOsj/SEPqtXIe3FVNZ/1sR/2ac3cImXRRRWRYUUUUAFFFFABRRRQAUUUUAFFFFABRRRQAUUUUAFF\nFFAC0lFFABRRRQAUUUUAFFFFABRRRQAUUUUAFFFFABRRRQAUUUUALRRRQACigUUAOWppLmeb/Wzy\nyf77k1COlLVCFFdvYnOnWv8A1yWuIFdppnOlWh/6Z/1NVHcTNux/1H41ZqrYH9yfrVqs5blLYWii\nipGFLSUtABSUtFACUUUUAFJS0lABRRRQAlFLSUwEooopAMT7zfWnU1fvv9adQBWuvvJ+NVzVi66p\n+NVzWsdiWNNNNONJVCGmk9aU0zNAF+M5RT7UpqKFv3S/Sn5rFooKQ0tIelAxtYOugGU7m2jAOT2N\nb9YWu7BITJnbgZx+NVHcTLOjyeZbjJBIAyRV+s3RGV4CyIVHQA+grTNEtxIw9ZH+kj/dFZhrT1n/\nAF6/7tZh6V0Q+Eze4sf3qkqOP71SUMaGGpF+5iozT0+7XNiPgBkEAxK3GBirlt/r1+tUoW/fH5sn\nHIq7b/64Vyr4kJbmjdj/AEaT/drnU610lyM27gDPy1gJazjllCf7zAV3RLZPDVbWBukg91q0kLA4\nMyDH90ZNU9WXY8JLluO/anISMuiiisiwooooAKKKKACiiigAooooAKKKKACiiigAooooAKKKKACi\niigAooooAKKKKACiiigBaSiigAooooAKKKKACiiigAooooAWiiigAFFFFADhS0g6UoqkIUV2ekHO\nj2p9mHH+8a4yux0U50a29tw/WqW4jcsP9U31q2Kqaf8Acb61brOW5SFooFFSMWiiigAooooAKSlp\nKACkpaKAEooooASilpKAEopaSgBi/fanU0f6xvwp1AFe66p+NVzVi66J9ar9q1jsSxppppxpp6VQ\niNj1qIvg06Q1UeTBpgaMEmY1+lWFOay7aT5FFX4WyM1EkNE9Np3akrMoSsfVwPtCkgEADIP1rYrF\n18DGWzt284+tVHcTLGmH5DyOvb61erM0QqbZQoIGOM1p0S3EjF1ofvk/3ayj1rW1sYeM+orJNdEP\nhM5bip96pD1qNPvVJQwQ2np92ozgkj0p8f3a56/wAyCMgzttQqB1OOtWoeJAajLgOF7+lSQ/60A9\nK40/eQjWm/1D/wC6a5tSSeSTXSy/6l+/ymuajGWwfrXfE0Zah681BrP3IT7Gn2xO9lPODTdZH7qL\n6miWwkY9FFFZlhRRRQAUUUUAFFFFABRRRQAUUUUAFFFFABRRRQAUUUUAFFFFABRRRQAUUUUAFFFF\nABRS0lABRRRQAUUUUAFFFFABRRRQAtFFFABRRRQA5avWem3F2AYo2YH0FUVrstAu9thbW+3g55z7\nntVWdtCW0tzmr+wlsJESYYLDIrpNCIOjxD0dh+tU/F4/fWx/2TVnw9zo49pW/kKIO6uOSsdBp/3X\nq4PWqWn/AMf4VeFTPca2DtmloFFSMKKBRQAUUUUAFJS0lABRRRQAUlLSUAFJS0lMApKWkpAMH+sb\n6CnUn/LQ/QUpoAr3f3V+tVzVm6/1a/739DVY1pHYljaa1OpjVYitMfwptvp0lxGJGkChuQMZNFzw\nDWjp/wDx5Rf7tEnZAiGLTI0A3SOcenFFuNhKddpIq9VGP/XOP9o/zrNO47FoUhpR0pKkoSsjWycL\ngZO3gfjWvWdqiRExtLJsx7dacdxMZpYIU5rQqnZGPgRkn3NXKqW4kZGt9Y/xrINbGtj/AFZFYxra\nHwmctxU+/T3cIpY9qjT7wp0yhkw3TNNghqHcu7ualU/IcdahjwFKg5wcVMn3TXPX+AGVoldJSZOS\n38QP6VbjOJAapOqteY8xsg529qux/wCsFcnVMDZbmM49K5hfvmumb/VnjtXNr/rWA9T1ruiWx1iF\nUEI27nk4p2s828J9zTLAqdwVcDNSax/x6xf71N7CW5i0UUVkWFFFFABRRRQAUUUUAFFFFABRRRQA\nUUUUAFFFFABRRRQAUUUUAFFFFABRRRQAUUUUAFFFFABRRRQAUUUUAFFFFABRRRQAtFFFABRRRQA5\na67Qwv8AZtpJj5vNKk/ia5Ba6nQXc2sCAjYHzj3zVxM5uyF8XxkrbSdgSpqTw2f+JS3tMf5CpPFm\nP7OT180fyNQ+GT/xLZRxxN0/AVFF+6az3Oi0/q9XqoWH32+lXxTnuJC0UlLUDCiiigAooooAKKKS\ngAooooAKSlooASkpaSmAUlLSUgGf8tT9KdTf+Wv4U6gCC6/1Y/3qrVauv9X+IqrWkdiWNNManmmm\nrEUrnpV+0fy9NDkE7VzgVRuelXLE7tM5O3g8+lKewIksbr7VEX27cdfyz/WolOLiT/eP86XTBF5c\nhhlEoZySR29qavFzJ/vVESmWx0pKB0oqRiVl610iPua1KzNa/wBXEf8AaNVHcTG6ceRWj2rN04jI\nFaVVLcSMvWx8kZ+tYprb1ofuk571iGtafwmctxF+8KfIAYyG6UxfvCnyKGQgnANNgiKJERSEORmp\nk4B71DCFCnZ90nip06GsK3wMbKiO7zjMeBnOauJjcCeKquw+1j5zuz07VbQYIrje6F1NkcoPpXNf\ndnbPqRiulj+4v0rmjkTtxzuNd0S2LZ7gTuAHpUur/wDHon+9UFrEUm3FieOM1Y1X/jxU/wC1Tewl\nuYdFFFZFhRRRQAUUUUAFFFFABRRRQAUUUUAFFFFABRRRQAUUUUAFFFFABRRRQAUUUUAFFFFABRRR\nQAUUUUAFFFFABRRRQAUUUUALRRRQACiiigBVre0fXE06yaFkZiXLAj8O3/16wVp4ptJqzBOxqarr\nL6kgjMYRQc59f8/WtXwojyWdwqDOJFPX2rlq67wQT5V4PQr/AFoSUVoJu50FrbyxMS23kdM5q2Ol\nNQgoDnOR19acOlS3cpC0UCikAUtJRQAUUtFACUUUd6AEoNFFABRRRTASkpaSkAUlLRQBGf8AW/hT\n6af9YPoadQBBdf6o/UVVq3cj9y34fzqpWkNiWNNNNONNarEU7mrWnhTpZD5K/Nke2TVa56GrWmNt\n08nGdpbj15pT2BEekNG6zGGExJu4U9+OtSf8vUn1p1iJk3pPIHY/NkcYz2prf8fcn4fyqFuUWl6U\nhoXpS1IxtZusjMC465OPyrTrO1gf6Op9/wClOO4jN0VLgXBMsgK44ANb1c/obqH2rubLH5jXQ1Uh\nIzNZ/wCPdPrWGa3dZH+jL/vVhGtqexnLcQfeFSOAUIPAI7VGOtSPyhGccU2CIogVUqTnBqaPvUES\nMm7c27JqePvkVhW+BjZWlJ+1gbe/WrS9arSY+1KM/NnirI5YVxPoI2o/9Wp9q5tji6bP9410cX+p\nX6Vzsw/0x1x/Gf513wLC1cs5BGAvAqbVP+Qf/wADFVrQYuHy2atakB/Zzf7woewluYNFFFZlhRRR\nQAUUUUAFFFFABRRRQAUUUUAFFFFABRRRQAUUUUAFFFFABRRRQAUUUUAFFFFABRRRQAUUUUAFFFFA\nBRRRQAUUUUALRRRQAUUUUAKtOFNWnCqQha6zwOeb0f7n/s1cnXU+Bz++u19VU/qaHsCOrt5VlT5X\nDEcHHrUoqGBmLuXVU6AANn1qZelQULS0UUgCiiigAooooASiiigApKKKACiiigBKSlooASiiigBh\n/wBYv0NOpjf6xfof6U+gCK5/1Lfh/OqdXLj/AFLVTrSBLG0006mmrEVbnoas6Vj7EwPTJzVa46VY\n0rm0kGP4jSnsNEOlzw+Y8ccjyszcsw6cdKsP/wAfj/h/Kq+ntKbxl+yiCJV9OpzViX/j8b6D+VQt\nwLC9KU0i9KWpYxKztZOLPceitk1omqOrrvsih7kU1uDMvRpDLIzbdq5+Wt7tXPaQYUuTHE+c8kel\ndDVSEjP1j/j1H+9WAw5roNXH+ifjXPnrWtPYiW40dalcZQ4Pao6lIypx6VbEiGKMp1YtU0fU1BAx\ncMx/Kp06msKvwMbEYLuDcbugpy/eH1qtcrGJlYud/GFFWV+8PrXB2JNmD/Up9BXPXJIvZPXea6CD\nmBfpWDdcX8n+/XfA0IrcRiZtrZbvVnUf+Qa3sRVOFkW6KqpySck1d1HnTm/3hVPYS3MCiiisiwoo\nooAKKKKACiiigAooooAKKKKACiiigAooooAKKKKACiiigAooooAKKKKACiiigAooooAKKKKACiii\ngAooooAKKKKAFooooAKKKKAFXrTxTB1pwqkIdXS+CGxfXC+sWf1rmq6LwUf+JpMPWE/zFD2BHX24\n2u48nyz1z61YWq1uy+fKFlLkYzn+Hk8VZFQygpaKKQBRRRQAUUUUAJRRRQAUlLSUAFFFFABTadTa\nBBRRRQAxvvr+NOpr/eX606gZFP8A6l/pVPtV2bmF/wDdNUq0gSxppD0pTTT0qxFa46VPo3+plH+3\n/QVBcdDU2j/cmH+3/QUp7AiLS2mN1MJZvM4BHfFWJf8Aj8b6Cks5bX7Q8NqPuZ3fXNLPxd/8BFQt\nymWV6UUidKdUsBtUtV/49Dzj5hV2qeqKGs2B9RTW4GHpG8XRxEEGfz610lc7pD7ruQsfmzjb6Cui\n7VUhIparzZN9RXPNXRaoP9Cfj0rnTWtPYiY3vUrfdP0qE1Mfu/hVsSK9shRTkYyelTp941FDnLA8\n4qZOprCr8DGyvc7hOu1AemTVlecUySENIHJ6dqeK4G9EI2Lbm3X6Vg34P2+X/erdtf8Aj3WsPUP+\nP+X613wL6ECkpOwcYJIKk9+au3g/4lsv4fzqqIxM6sTypyKt3POmzf7o/nVPYS3OdooorIsKKKKA\nCiiigAooooAKKKKACiiigAooooAKKKKACiiigAooooAKKKKACiiigAooooAKKKKACiiigAooooAK\nKKKACiiigBaKBRQAUUUUAKOtWrJbdpsXUjJHjOVXJJ9KqjrV/Sdh1CNZI1kVztwe2e9UthFu8ksP\n7OiS2hZ5AHyzfKV54J9ateDDjWHHrCf5inXl1I2nX6qsaeXMYhsQD5dwFReEDjWlHqjUdAOziEpu\nMmRdmWwqr6HHNWR3qtE8aXMikMrk8E9D9KsjqahlCiiiikAUtJS0AJRRRQAUlLSUAFJS0UAJRS0l\nABTTTqQ0AJRRRQAx/wCH/e/oadTX6p/vU6gBkv8Aqn/3TVLtV2X/AFT/AO6ao9q0gSxD1pppxppq\nyStcfdqTR+BN/vCmTjin6P1m+ool8I1uSWzj7ZIqxKiEZVh1Prn86dccXS/7o/mar2YjXVbhRMzs\nBwp6KP8AOKnuf+PlP93+prKO4ywnSlpqfdp1JjQ01U1IZtGHuP51cNVdQ4s5D6YP601uBg6fJKbs\n5j2jcBn1HP8A9auj7VzdjFKL4SPJlOcLXSDpVSEipqQ/0OSucPeul1H/AI85PpXNGtaWxExh61P/\nAA1Aam5xVsSIIidzA9qmj+91qCJsyNjoODU6fe/CsanwMbI7lpVbEeOmSTT492wbzk45qO7C5ViW\nHrjuKnBrz3siTXtD/o61iaiMX8n1FbVp/qB9T/OsbUx/p7/hXdA06DIqnuP+PCb/AHarxH5gMHnv\nVmU7tPmP+xWjJRztFFFYmgUUUUAFFFFABRRRQAUUUUAFFFFABRRRQAUUUUAFFFFABRRRQAUUUUAF\nFFFABRRRQAUUUUAFFFFABRRRQAUUUUAFFFFABS0lLQAUUUUAKKu6UrNqdsFBJ8wdPrVIdamglkgk\nEkTlHHRh1FUthHRTWc/2LVNyFQ8hkUnjI3Z/lVTwoca9B7hv/QTWVLNLNjzZXkx/eYnFafhc4162\n/wCBf+gmi2gHdhd1yd54HKr6+9TjqarxbklLSMp3984I9qsDqahlC0UUtIAooFFIBKKKKYBRRRQA\nlFFFACUUtJQAUlLSUAFJS0lAEb/w/Wn01+g+op1ADZBlG+lUB0rQIrPX7oq4EsSmnpT6aa0EV5+l\nJpb+Wbluu1Q386Wb7tJpH/HxOP8AZX+tEvhBDNPunuL0YtDEgDHzCPvZNXLn/j5T6U1EkXUGkabK\nOSoT0xT7v/XRn2NZLcomj6UppqfdpxpMEJ2qtfgG0kz6f1qzVe+5s5f92hAYVnKGuzGEI2E8/Wug\nHSudsxIt+25ht5AXuK6Ifdq5CRXvxmzkz6VzJrp77/jzl/3a5g9a0pbETGGph90VEetSr90VoyUQ\nxtucgdutSp96oYv9a3I55x6VMnDVjU+FlMju9+VKkAHg5NSr90VDe+UFBkznnbipUJ2D6V57+FCN\niyP7gfU/zrI1Yf6cx9QK1bL/AFH4msrV/wDj9P8Auiu2n0L6FElvNiAODnqK0HGLGVf9kiqEUcrT\neYAAoHBNX1JNlJu5Ow1qyTnqKKKxNAooooAKKKKACiiigAooooAKKKKACiiigAooooAKKKKACiii\ngAooooAKKKKACiiigAooooAKKKKACiiigAooooAKKKKAClpKWgAoooFACjrTxTB1qxFbyyHCRu2f\nQVcRMYK1fDXGu2v+8f5Gm2+galP921dR6txWzpXhy5tLyC5mkjHluDtByab2EmdE0cUt4NyjcuG5\n6n6VaHWq00YmnVGl24+ZVA5/OrI61kyxaWiipAKKKKACkpaSgAooopgJRRRQAlFFFABSUtJQAUlL\nSUAMk+4fqP506myfc/Efzpw6UAFZy/dFaNZy9KuBLA0004001oSQT/dpukjF1N/uj+tOm6U3Sv8A\nj7k/3aJfCNF1bKNb17kEl27Z4FNu/wDWRfjURuphqfksF8tvu+vQ5/lUt796L8f6VktyiSP7tPpk\nf3afSe4IbUF5/wAeso/2anNRznEEhwGwp4PQ0IDAso8zF8HJOa3l+6Kyba5d26Ko9hitZeVH0rSQ\nkQ3Y/wBFlz/drmG611NyP9Hk/wB01yz8E1dImYw1Kv3RURqVfu1oyEQ4VZzjAJGTUqfeFQL/AMfD\ndMHNTr96sp/Cyht0+wD93vJ6e1Oj/wBWPpUd4FKrvkKL6jvUiH5AAePWvO+yI1bDmE59azNY/wCP\n3/gIrTsP9SR71nax/wAfS+61209kX0K0LPgLkbenTmraLi2kA5+Q/wAqqQ1dj5hk91P8q1ZKOZoo\norE0CiiigAooooAKKKKACiiigAooooAKKKKACiiigAooooAKKKKACiiigAooooAKKKKACiiigAoo\nooAKKKKACiiigAooooAKWkpaACiijtQBYsADf24YAjzVyD9a9KhREHyIq/QYrzK1O26iI7Ov869P\nj6UxEnWlP9RSCl7UDIwztc8RNtDffP0Iq0OtVbh445kcly46Ac8VaFSxi0UUVIBRRRQAUUUlABRR\nRTASigUUAFJS0UAJSUtFACUlLRQBHJ9w07tSSD921OFACVngY/CtA1QP3n9iauBLG1UguDPNJggI\nvAHf61bNZ9sGF9KZEKyHoR93Ge1aElib7pqPTP8Aj+b/AHD/ADFSTfdqHTTjUfqh/mKH8I0Ou7m2\nh1NFZGafeAMDpkAVbvPvRfU1V1I37XW21gj2gDErYzmrV2Dsiz1zzWa6FEsfSn0yPpUlS9wQ01HO\nMwSD/ZP8qkqOXmJ/oaEBgWf3/wAa3U+4PpXOR3MVu+JHAPpXRRnMYPtWkxIbP/qZP901yr/eP1rq\n5v8AVP8AQ1yr/eP1q6XUmZGalXlBURqROEFaMhEQiSMlhnJ4zmpV+9SMMjGKF+8PSs5fCyhl4pMY\nIUNg9DS2+7yQH4NF3gIMnC55NOiJMSk+leb9kRrWH+qP4fyrP1rAuI8/3av6ef3TfWrDKpbcVUkd\nCRXZTeiKWxz0Ku33I3b6Crix3CxMfK2jHVmxWoelMkGY2HqKtyBI4miiioLCiiigAooooAKKKKAC\niiigAooooAKKKKACiiigAooooAKKKKACiiigAooooAKKKKACiiigAooooAKKKKACiiigAooooAKU\nUlKKACjtRRQA+I4lQ+jCvUU+6K8sU4YH3r1B8m2k25ztOMfSmBFFqMLFtzADOFA+Yn3wOlXAwaMM\nvQjIqlaXEEMCrI8aP/EB1zVqH/j0jP8AsD+VAD5SwmUhgAu3Ix97JxU/8VV5IohIH2bpSflyanGR\njJycc1LGOoooqQCiiigYUUUUCEopaSgBKKWkoAKQUtJTAKKKKAENFLSUANf/AFbfQ0o6Ukv+rf8A\n3TSjpQAlUG/1j/7x/nWhVB/vv/vH+dXDcljDWdA4a/YbyWwdw9Of/wBdaVZxE4vWwkaKx692AP8A\nhWiJLMv3ag0/jUR/un+lTyfcNQ2PGoL7g0PYZJciE6ujS3LK4wEiB4birV7/AKtP96q97JAmpRbr\ncM+BiT05x/UVZvf9Un++P5GsluUOi+7UlRRfdqSk9wQlMk/1bfQ089Ka/wB0/SgDkysMl8itHvY4\n5I4AxXTxf6sfSuZZJGvV2SBVxjB65/8A110sGRAmeuKuQkEn+rYexrlZfvn611b/AHW+lcpKPnb6\n1dLqTMjNSJ9yozUkf3a1ZCImlIn2beD3qQfeFVpd5vF/ujjNWR1FZvZlBcsqxZZQwz0pISTEDUpw\nOCOtJjArzL6WJNHTv9W34VbNU9N+41XCcda64fCjRbFG7uZYZUVFBUkbiR2OasMMoR7VQ1JA17b5\nkKr1ZfXBFaHarA4iiiikUFFFFABRRRQAUUUUAFFFFABRRRQAUUUUAFFFFABRRRQAUUUUAFFFFABR\nRRQAUUUUAFFFFABRRRQAUUUUAFFFFABRRRQAUCiigBaKKKAFFen2h3W8Z9VB/SvLxXpum82Nuf8A\npmv8qYEttarA7lTncxYZA45z1qwehpBS0AMeRRMqg7Txlj/KrHeq0wkERMSqcgltx6cdf0qwucLn\nGe9SxjqKKKkAooooAKKKKACkpaSgApKWkoAKSlooASiiimAUlLRQAyQZjYexoX7opx+6RTU+4PpQ\nAtUXH7x/941eqlMMTOPerjuJkZqiiSLfu0iZDfdf0HpV6oTPH53k7vnxnFaECSfdqvZcajH75/lV\nmX7pqpbcajD9T/I0PYZcv4YmuoWkmKHcpC+p54/z6VNe48hf94VW1MN9rg2wbw2PnPRcEn+tWb3/\nAI9x9RWK3KFh6VLUUP3alpvcENpDS0nekByUnkjUI94JlyNuOldPD/ql+lc7Kr/bEZVBUMdxPpnF\ndDAcxL9KuWwuo5uVNcpMMSt65rqz0rlbgfvn+tXSJmQ+tSR/dqM1JH92tWQivKSJwN3y5HGO9T45\nFRToTKrZAA/OpR2rNlC3DMse5RuII4pkDvJuLrt9MUt1kw4Unr2psMYiJUMSOozXm6cpJq6dwrf5\n7mprqdotqxx+ZI54Gf1qDTf4h7f1qbreNkcqgAP1Jrqp/CjRbGZqZkW4t2kaMNuAwvYe9av8P4Vn\n6yMRq5VAoYEkfeNX0ZXQMpBBHUVYHFUUUUigooooAKKKKACiiigAooooAKKKKACiiigAooooAKKK\nKACiiigAooooAKKKKACiiigAooooAKKKKACiiigAooooAKKKKACiiigBaBRRQAor0rSjnTbU+sKf\nyFeaV6ToxzpVof8Apkv8qYGgKUUgpaAIrh1EKbpTGrDBwM5q16VWnA8mMuwVeAeP8+lWfSoYxaKK\nKQBRRRQAUlLSUALSUUUAFJS0nrQAUlLRQAlFFFMApKWigBKbGfkX6U6mRf6pfpQIdVOb/Xv+H8hV\nyqU/+vf8P5VUNwZGazyr/wBo42fKDu3fgeP1/StGsq5WJ9RVDcSByQ3lg8dK1IL0nKmqkH/IQh/3\nj/I1bf7pqpDxfRf71PoBfv2vC8aW0aNG332PUc8/pUt2P9GPsR/On3VzFaw+ZMcDoB3J9qbdH/RW\nP0/mKwW5YyH7oqaoYOVFT05bghpptONNNIDlblsXqAybBvIx/e54robRw9ujL0I4rntSdI7veYjI\nwZse3JroLPH2ZMDAx09Kt7CJTXLXX+vfH9411Vctd8XMn+8aqluTPYrkdafH92mGnxfd/GtmQhkq\nOzjBAUU+lYgDJ6U3vUFD5RmMkNgjkGorcMdzOcse49KkmwYiDwDwaityN7KD0GD+fFeZ0ZJqad1b\n2FSzN5V4jH7si7M+46VFp332+lWriFZ4zG3fofQ+tdVP4UaLYoXF0hHmmBT82wFz1PpVi0iaG2CN\njIJPH1rPu4xHGPtuS7FiNvQtxWqn+rX6VoBxVFFFSUFFFFABRRRQAUUUUAFFFFABRRRQAUUUUAFF\nFFABRRRQAUUUUAFFFFABRRRQAUUUUAFFFFABRRRQAUUUUAFFFFABRRRQAUUUUALRRRQAV6LoB3aP\nan/YxXndeg+GznRLX/dP8zTA1xTqaOlLQBHKZdqrHFv4PJIAHUVYHCioJghiQSOVTeckHHrUkChY\nEAGOBkVLGS0UUVIBRRRQAnrRS0lABRS0lABSUtFACUetFFABSUtJTAKKKKAEpkX+rX6VJTI/u49C\naAFqnP8A69vfFXKqXIIm+q1UdxMiNUJI2N9u2qBx83c8f/Wq+azbllGoIp3b85T0xxn+taogtv8A\ndqmpxeRf74/nV1+lUW4uYT0/eL/MU+gybUrS6e6+1xurrDyImHBGOtaFzzaE/T+dRaoty8Ci3nSE\nHIct71LOuLMj0ArAobb/AHam7VBb/dFWKctwQ002nU01IHM6gJReMY2AG8lsjrzW7a/6hawtVkih\nu2aQnAZgAO9bdi/mWquARuGcHtWj2F1J+1cxf8XcuP7xrp65nUeLuT/eqqW5M9ioTT4+/wBaZT4+\nc1syEMnjMke0HBzmnYxxTzTO9QUOmKCI+YflxzUdvggtt25p86o0eZOVHNQWskZJjjJIHIz6V5tt\nGI1tOPzn6VfNZ+nH5z9D/StE10U/hLWxnarMkMSbovMJb5fY1ZiJMSk9SBVfVDN5S+RjIO4k+gp1\niJRb7ZzmQHnFadAORooopFBRRRQAUUUUAFFFFABRRRQAUUUUAFFFFABRRRQAUUUUAFFFFABRRRQA\nUUUUAFFFFABRRRQAUUUUAFFFFABRRRQAUUUUAFFFFAC0UUUAKK77wuc6Hbf8C/8AQjXAV3vhQ50S\nIejMP1NMDcFKKRelOFACEt5B2xiQ5Pyk4HWnRhlhQN94AZ+tNZQ8O05wW5x9aIU8tHB9c9fYZ/Wp\nGTUU3emQNy5PQZ5p1SAUUUUAFJS0lAC0lFA5oAKKKKAEooooASilpKACkpaKYCU2Pof94/zp1Mi6\nH/eP86BDjVW5P74f7o/matmqdz/x8f8AAR/M1UdwZEapXc5WdY0gdmJGXA4AzzV6q7qXmYEkLsxx\n71qQOf7tZ8pxNGfSRT+oq5Exa3QsckqMmqkgzOn++P500Bd1qRI7ZTJG7qcrhe5yP8DVp8/YmyOd\nlQ6kLl4kS1kWNieWbsKnwfsZ3MGPlnJHfisCyK3+6KnqC2+4Knpy3EgpppaQ1Izm9SDC8c7Qw3HO\nfpWxZf6gVlakgkvZY26E/wCH+FatlxCK0ewupPXNakMXkv1rpTXN6n/x+y/WqpbilsUjTou9NNOi\n71s9jNDJRIVO1gB3p45APtUc77Dwuc5H41IDxUFD5P8AVtgZOOlVLMplsffP3quFd0eM4yMVDHbp\nExZSdx9a826V0Iv6ef334H+laWazNP8A9eM+laZrop/CVHYoamk7RoLckNkgn2pbCOWK3xOcvmrh\nphrQZxNFFFIoKKKKACiiigAooooAKKKKACiiigAooooAKKKKACiiigAooooAKKKKACiiigAooooA\nKKKKACiiigAooooAKKKKACiiigAooooAWiiigArufCBJ0ge0jVw1dv4OP/Epf/rsf5CmB0Qpwpop\n1AAWKxsQOc8Z6fjTAU+yyFXDjBLMD1OOaVwWhcAFvmHA7jjIqNh5lpcYiKBkICkYzxUjK0DI0ilC\nDhgOPrWpWLYE8sYzGS+QD1raqqgkFFFFZjCiikoAKBS0UAJRRSUAFFFFACdKKDyKKACiiimAUyP+\nL/eNPpi9WHvQIdVS5H70H/Zq3VW6++h9jTjuDIKq3VvJKwaKYxHGGIHUVaNZzahILp4hCCoYqGJx\nkjrWxBaCBIwg6AYqjcHaQfQg1dVi6EsAD7HNUL4fun+hpoC/rf2Y2a/ad/XK7OpPpUtpLFLpY8kM\nFWMrtfqMDHNPvtgjgd3CBZQcnp0NNieOVLl4iGRifmHQnaAawLC2+6Ks1Vtvu1a7U5CQ2kNKaQ1I\nzHvJIUvWHkgv1LE1dtW3R9APpWZqQP8AaJ/D+VaNj/qq1fwi6lg1zuqjF69dFXPavxetx6UUtxS2\nM806PqaaadHjJ+lbszRFcSbAOvJ7U9eVB9qbK4jOWBI5HAqQHIBqCiQfdFQJNuuHj/hXvUjv5cJc\n9hVexTEZc8ljmvOa3YjTsf8AXCtM1l2P+vH+exrTral8JUSKWaOEAyOq56ZPWoo7iOdiIyTjuRio\ndT2hoi6luGAA554qKwOZemAV6H61ulpcd+hzVFFFQUFFFFABRRRQAUUUUAFFFFABRRRQAUUUUAFF\nFFABRRRQAUUUUAFFFFABRRRQAUUUUAFFFFABRRRQAUUUUAFFFFABRRRQAUUUUALRRRQAV2ngw/8A\nEtlH/TY/yFcXXY+C2/0OdfST+lMDqBThTRSigBDkxOATyccdulMRGEcqMGCBdoJOfX/EVLkrFIR1\nAz+lQ22GEieaZOOcnoTnNSMyNPSMFpVMpcDHz+nr+ldFWFbb2SRndXYjA29MDP8A9et2rqExCiii\nsigooooAKKKSgAooooASiiigBKKWigBKKKKACmL99/r/AEFPqNPvyfX+gpiH1Vu/vR/8C/pVqqt3\n9+P6H+lOO4MgrFvpLi3kcttaHedvPTODW0apXKI8jhtuPc+wrZK71IY+DJiGe4B/Sq14Mxtxzg1b\njxg7SCvqPpUFwuVP0poDWeJJ7cxyqGRhyKZFbxwQeVCgVQDgCpk+4KO9c5ZTth8oqzUFuPkH0qft\nVSBCGmmnGmmpAwtUIGoZJwMDqau6e6vESrBgO4NZ2vKjSkSHauVyR+NWtDijitP3eSG+bJ71p9kX\nU0jXP6x/x+H6CugNYGs/8ff4CnS+ImWxmmnRfeNNalj+9+FbszQ2aQJ1OOaVDlAfUU24454wDk8e\n1OjO6MVBY6WPzbdlHXHGKjs932cBuxxVhORSYAHFedN6teYieyP79PTP9DWoayrP/j5THrWoelbU\nvhKjsUNTbyxGQRnDDB/CobBi0w90P86u3VslwFDlht9KbFaxQNlAc46ls1vdWDqchRRRUFhRRRQA\nUUUUAFFFFABRRRQAUUUUAFFFFABRRRQAUUUUAFFFFABRRRQAUUUUAFFFFABRRRQAUUUUAFFFFABR\nRRQAUUUUAFFFFAC0UCigArrvBJ/c3I/2l/ka5Gus8En5bse6H+dAHWLTxTFp4pgIzFY5WGCVXOD+\nNNtmJkdGdWI6qBgjt+tOJwspIyAucevWkhwkhjVAqYO0g+nB/nUjMi0jZDJlNi7VAH5k/wA63gci\nufs/KWWVIpGc8bs9jzW+h3Ip9gauoSh1FJRWRQUgpaQdaAFpKWkoAKKKKAEooooAKSiigAooooAS\nmrw7+5H8qfTf+Wh+gpgKarXfVD9as1XuvuL/AL1OO4mVjUTRIX3FBu9cVLTa2IG4xUMq5FTmo2HF\nCAiFzdBVTzAAOOFp0UbTxq0sjvkZwW4pNvIq1apiBP8AdFS0kNNksS7VA7U80Cg1kykNNNNONIaA\nOf15WMpCIHYqBg1a0fzPJIlGMAcfhz+uaNTgMlwjb0UbcfMferFmoVSAQfpWn2RdSyawNa/4+h/u\n1vmsLWx/pCn1Win8QpbGWaWL71IaWMfN+FdDMkOZc5pMALgU8nikCs33VJ+gqCxV+7QTUsdvcFQB\nC31PAp62E5HLIn6muCVOTkxWI7XP2hPr61rHpVW3sPKlEjOXI/ACrLuiDLuq/UitYLlVmXFMQ001\nWl1Ozi4aYMf9kZqpJrkA4jidvqcVdx2OeooooGFFFFABRRRQAUUUUAFFFFABRRRQAUUUUAFFFFAB\nRRRQAUUUUAFFFFABRRRQAUUUUAFFFFABRRRQAUUUUAFFFFABRRRQAUUUUAKKKBRQAV1Pgk/vLseo\nU/zrlq6XwUf9LuB6xj+dAHZrTxTFp9AAFDbwehXB/Wo7eaORgiLJlVPLD3xUqfe/CmwhVZxvVnLE\n4zyBnjikxmRCXW5kRggVslQvbBxz+dbNv/qI/wDdH8qx8RxXMrjcS8pTntyf61sW/wDqI/8AdH8q\nuexKJKQGlpAMVkUFLRRQAUUUlABRRRQAlFFFABSUtFACUUUUAFMB/fMP9kfzNPqP/ls3+6P5mmIf\nVe7/ANWv+9/Q1YqvefcT/e/oaa3ArGm06krYkbTSKfgmjY3pSERAc1bthiBB7VVLxIfnkUfjVu25\ngQ4xkZqZMpIkppp1NPFZFDTSGlNNpgY+tf8AHzF/u/1qxp54P0qxc2sUzK8y/d6EnFRefZ2wx5sa\n+wNVzLlsTZ3LBrN1SzkuWRo8ccHNE2u2MfRnf6DFUpPEe7IgtyfzNEW07objdD10dyfnlA+gqaPS\nYFO4l2I9TWc+p6rNwibB9AKryR30v/HxdAfViatubItFdTcYWVv95olPucmoJNXsY87X3H2GKwzb\n268y3DMe+DU8FtaugZI8j1NLlb6j07FmXxDH0hhLH1Y1Uk1u8k/1aJGPYc1JcxIsXyqBz2FVNuKa\npruHMNku72b78rfQGoDGzcuxP1qxikIqlBIXMyARAUu0DoKlIppFOwrlKiiisTQKKKKACiiigAoo\nooAKKKKACiiigAooooAKKKKACiiigAooooAKKKKACiiigAooooAKKKKACiiigAooooAKKKKACiii\ngAooooAUUUgpaACui8F/8hGb08r+orna6DwYcapKPWE/zFAHcL0p4pi08UAC/wCs/CmxxQJKDGUB\nAK7Qeev/ANanr/rB9D/SoYLeOOZm2BcEhPfPJP8An0pMDLmmBunt9h3+cSeOAN2c1tQf6lP90Vnz\nFRM+SPvGr1qc261c9kJbktLQBRWRQUUlLQAUUUlABSUtFACUUUUAFJS0UAJRRRQAUzH7zP8As06i\nmAVBd8R5wTg9AMmp8GkIIGeg9aExGeDI33LeT/gWFpRFcN2iT82NWJLq3j+/PGPbdmqsms2KZ/el\nsegquZhYk+yyEYe4bH+woWkFhD1fdIf9tiaoSeIYs4ihZz7moTq2pTjNvbBQe+3+potJ9AsurNtI\nI0+5Go+gpWKoPmZV+prnm/tefO+UIO4Lf4VA9lnm5vcnuBzT5JdRXRvy6hZxZ3XCcehzVCbxBZx/\ndDP+lZnkabH94vKfrxSfabWIfubZR7mhQ8x38izJ4hmkyLe0J9+TULXur3Gdo8pT74/+vVd9Smxh\nML9BVeS7mfrITVckRczJ3tbiQ5uLwL7ZzUTWtmgzJO8h+tVWkY9TUZqkrCbLnm2UXCQAkdzzTX1J\n+iRoo+lUzTaBaE0l5O+cufwquzsepJoNNosMQn3rQtnZdPdl6qc1n5HrWlpybrZgwOC1AiaUl4AS\nME4OPSquKuyj5MVWIqhEWMikIqTFIR60ARY7UmKkIpMH8aAMyiiisDQKKKKACiiigAooooAKKKKA\nCiiigAooooAKKKKACiiigAooooAKKKKACiiigAooooAKKKKACiiigAooooAKKKKACiiigAooooAK\nWkpaACt3wgcauR6xkfyrCrZ8KHGtRj1Vh+lMDv1+tPqNetPFIBy/f/Co2RmmSRudrHAHYYNSL94U\nw+f5y5ZDGWIIC8gYPfP0pAjH+2O3iSayYKUAJHyjP3c1sWZ/0Zfqf5mubYkeOmABIxz/AN+66SzH\n+jr+P86bXuh1J6KKKgYUlLSUALSUUv1oASio2nhj+/Ki+2aryanaJ0kLH2WjcC3RWY+tRD7kZP1N\nRnVbtz+6tv8AxwmqUJdhXRr0h45OB9TWOX1WUcnyx9Qv8qhazmbme7A/En+dPkfULo2nuIY/vzIP\n+BVWk1Szj/5aFv8AdFZn2OzX/WTu3rikAsY/uwlj/tGqVPzFzeRak16Ff9XCze5OKiOr3cv+ptiP\nfbTPtqoP3UKL+FRvfzHowH0FUoLsHMx5k1aY/e8sfUConsriQ5uL0D8STUL3Mr9Xb8TUJYnqapRX\nYV33LP2SzT/WXDyfTik3WEX3bfef9qqhJphp2FoXTqCp/qoET6CoZNQnbo+PoKrGmmiwDnuJX+87\nH6momYnqTS0yiwXGtTTT9pY4UE/QU5bW4c/LE2PegLlc0w1fGmTnlii/jmpF0tP+WkrH6cUhXMo0\n01tLYWyD7hb6mpVjjT7iKv0FMDBWCV/uxsfwqVdPuD1Cr9TWwSaac0AZq6YOry/gop4sbdeoLH1J\nq4RTcUAQiKJPuxKPwpSxHTinlfam45NADGOe9Rkc1KRx0qnJK63qx/w8DHrRewEpX1o24qQjikxQ\nIixTcVLim4oAxqKKKwNQooooAKKKKACiiigAooooAKKKKACiiigAooooAKKKKACiiigAooooAKKK\nKACiiigAooooAKKKKACiiigAooooAKKKKACiiigApaSloAK1/Cv/ACHYB7N/6CayK1fDLbdctz/v\nD/x00AehL0qSmJ0pwoAUffX6/wBKZE0rTMGLFRk+3XAH6H86ePvr9f6U2NZBcEnlSCevv6fQUmCK\nt0Cbl8MR04H0q3ZgmDABOCap3kdw1w3lDIOOajW0uWADSADv8xNXa8SVZM1GljThpEH/AAKoHv7Z\nOr5+gqj9kgX79wzeyjH+NLstE6Rlz/tGkoIq5M+rQqDtRmx6nFRf2lcSj9zB+IUmk89F/wBXCg98\nU17uU9/yFVyLsLmYu7U5eN2we5A/lTGtJ2/19yo9s5pjTO3VyfxqMmqURXfck+yWy/6yd2/3eKXF\nknSAsf8AaOagNJVWEWRdqgxHEij2FRteTEcNj6CoDSGiwD2nkbq5P41ExJopDRYVxpppp3WlWKR/\nuxufwpgRmmnpVkWVw38GPqakXTXP3pFFFwKFMxWsumxD7zu36U8WVuv/ACzz9aLoDEPtThDK/wB2\nNj+FboRE+7Go/CjJxSuBjLp9y38IX/eNSDSnP35VHsBWpTSKVwKK6ZCv32Zv0p62dsn3Ylz781ZI\nppFFwI8Ko+VQPoKQk+tSEUzFIZGRTCtTEU0jigCErTSKlIzxSEcUxEJGaaR7VKR6U0igCIrTSKlI\nppFAEWKaRUuBTTigCLFZtwMaknHpWoapTW7teJIPujGfwoYE5AxSYpxpCeKAGHpTacelN7UCMSii\nisTUKKKKACiiigAooooAKKKKACiiigAooooAKKKKACiiigAooooAKKKKACiiigAooooAKKKKACii\nigAooooAKKKKACiiigAooooAKWkpaACtDQDjWrX/AH8foaz6vaL/AMhi0/66rQB6SnSpKjTpipBQ\nAo+8PrUaNm8dSjcL94jjH1/z0p/p9RTAsn2onkoTnrwMD09yf0pMaFmcRnLdCwUfUnA/nTjyKraj\nbtceTtODHMkmPUA1ZFNbEsyieaaaU9SKAjv91GP0FbEjDSGpxbTN/Dt+pp4sm/ikA+nNF0BUptX1\nso/4nY/TipBbQr/yzB+pzRzIDL70oikb7qMfwrVCqv3VUfQUvOKOYRmCznb+ED6mnjT3/ikUfTmr\n9GKXMOxTFhEPvMzfpTxaQL0jz9TVjFGKV2FiEqka5RFH0FMMrGpZR8hqsaaAsAkqDRilT7g+lLik\nAwikxT8UhFADMUhHFPxSYoAZikIp+KQigBhFNIqTFNxQBHimYqU0w0AMIppFONNPTmgBhFNIp5ph\npgMPpTDTzTGoENNMNPNMPWgY00xqcaaaYhprOlvmDlUVcDv61oHrWJLxKfqaTGjVjkEkYYdDQags\nDm3HsTU560xWGnvTTTqYe9AjFooorE1CiiigAooooAKKKKACiiigAooooAKKKKACiiigAooooAKK\nKKACiiigAooooAKKKKACiiigAooooAKKKKACiiigAooooAKKKKACiiloAKuaPxq9n/12X+dU6taY\nwTUrVj2lU/rQB6anSn0xOlSCgBD2+o/nUKywvfYVy0itjgHhdvT86nPb6j+dIZcTiLnJ5x7YpDQ5\n8b/wpuadIPm/CmYprYljQijoq/lSknPWloxzVCEpvrTiKXFADMUY4p2KMUANIpMU7FFADSKTFOoo\nAbikxTqKYEUw/dmqlXJv9U1UzVIRai/1a06mw/6oU+pGNxSEU7tTTQAlJSmkoATFNpaSgBDTDTqa\n1ADTTKcelNNADT0phpxpp6GmIYaYaeaYaAGmmGnt0qM0wGmmGnn0phoENNMNOPSmmmA01i3A2zOD\nwQTWyarzW0Ur7mXn60ARaf8A6g/71WDSKiouxRgDtSmgBhptONNPWgDFooorE0CiiigAooooAKKK\nKACiiigAooooAKKKKACiiigAooooAKKKKACiiigAooooAKKKKACiiigAooooAKKKKACiiigAoooo\nAKKKKACiiigBaltWK3MTDqHB/WoqfCcTIR13CgD1ROlR219bXTMkEm9l6jGKenSqqTTSXibbJlQA\nqWdgMZI7fhTSEXz0ok3SsYlztx85H8qRvuk02VDJPty20KOAfr/gKljJX6im0HcQu7rjmgCmtgYU\nnenU2mIMUYpaSgBMUUUUAFJRRQISkpaKYCUlKaSgBkv+qaqRq7JzG30qiapCZbg/1Qp9Rwf6oVJS\nGIelJSmmnrQAlJRSGgBCabTjTaAENMPrTz7Uw0ANNNNKaaaAGmmE049KaaYDT0ph6U40w9KBDTTD\nTz6VGaYDTTDTjTTQAw9aaaceabTENIpppxpp+lADTTTTjTDQAhptMnmEO3Pc4qG1lMm5WOSD1pXH\nYzqKKKyLCiiigAooooAKKKKACiiigAooooAKKKKACiiigAooooAKKKKACiiigAooooAKKKKACiii\ngAooooAKKKKACiiigAooooAKKKKACiiigBaVPvD60lKvUUAeqp0qG1mjeRI1bdIiEOP7pyOv1I/S\nn27b4UPqoNRw3Eb3ZhhjcYJ8xtmBkcUIC233G+lR3ThWAeZoxjgL39alP3T9KbMryOgjcIcEk4yc\ncUAOXdsj3/e28/WlpFbfGjEgkqDxRSQC9qTvRSUxAaKKKYCUUUUAJRRSUCCg0DpSUAJRRSUwGv8A\ncb6VRNXn+430NUapCZZtz+7+hqSorb7h+tS0mMSkpaSgBppKWkoAaaSlIppoASmmobm5kiljRYC6\ntjc/ZecVMaAGGmmnGmmgBhph6U80w0CGGmmnHrTT3pgMNVrico6xoMu3J9h61YJqnepCWSRm2yKR\nt5689KYE5pjU6mnrQA3tTTTmppoAaaaacaZTEITTD0p5GaZQBUvxiNWxyGqOy+Z5GxjNW5EV1Kty\nDTI41iGF4/rStqBk0UUVkaBRRRQAUUUUAFFFFABRRRQAUUUUAFFFFABRRRQAUUUUAFFFFABRRRQA\nUUUUAFFFFABRRRQAUUUUAFFFFABRRRQAUUUUAFFFFABRRRQAtA60lKKAPUNPIaxtyOhiX+QqOCa5\nN6Q8iGFmKqgXBH3uf/Hf1pdLOdMtf+uKf+giliWKO6AAdmkZiCeQpHUD8z+tNAXT0qO4VXVQ0e/5\nSQM454H9akphH+qbYzFVOAOnapBDwcxpkAHoQO1FKyhVUDoDSUIApKWkpiCkpaSmAUUUlABSUtJQ\nIKSlpKBhTaU0hpiEb7prOd1QAuwAJwM+taJ6VgTJML0TOFkjDbQvTYM4zVIRr233D9alqG1PyH61\nNSY0FNPSlpDQAlIaWmmgBDTTTqaaBGfqLyLNAonWNWYDaVzuOf07VcqlqKv5q4hDiRdm4/wc9f1/\nSrgOVyOlAxDTD6U80zNADDTDTzTCaBDTTDTjTDTAYao3yqZkPlhiuM57Dmrx6VQv1Qyx7pCuTyOx\nH+c0AWc8U09ad2qnHdyPMqGAqpzyaYFgnmmnmop7qKA4dvm9BUmcgEelAhD6U09KcaYRnIpgITTT\n1p2aaelAEUrrGm5vpUUFwJeDwwpL4gRBSOScg1XtgUnA45H9KnqNbFWiiisywooooAKKKKACiiig\nAooooAKKKKACiiigAooooAKKKKACiiigAooooAKKKKACiiigAooooAKKKKACiiigAooooAKKKKAC\niiigAooooABS0lLQB6Xo5zpdp/1xT+Qp8fni+CeWBEu5t+eue2PXOag0Jt2j2p/6ZgVMUf7ZuRCQ\n7AMSemACMfqKALq9Kjudn2ddxcYHATPJx7VLTJ2dbX5GRCeCX7UgRK/QfWm05vu02hAwpKWk7UxC\nGiiimAUlMlmjhwZXVNx2jJ6mpAMnFACUlVbOW4cuLjYThXXb2Bzx+lWqBCGg0UnagZFPcJCVU5Z3\nOFVep/8ArVJWZfxxwyPdG58mcAlSTkMPTFaKMrxh1IKsMgjuKYha53VEikuURxNlhj5OmM9TXQ1h\n6jKFmSNyyRE5ZwPfgVUQNCwbdCOCvAOD2q1Ve143/hTLSaZ5JEmC5ABBHvkY/Sk9wLVJRSUgCmml\nNIaYCH0pppTTTQBk635OE84SNwdoTpn3q7a4+zIVUqCM7T1Geah1Jp1VPIdU6lt34VZX7o7UABNM\nPSnGmGgBpphpxphoENNNNRXcs0SjyYw+c5yelOVtyg+vNMBDVK+UsBhlXPGT6/8A6ialjuDJKyNE\nVXqpPeodR2bV3oXByBjse1MCx1HNVopknkJCkFehPcVYXoKqW+8SMHKnaMLjuPWgBlyHWXeqKe2T\n7/8A6qnUERqDyQMVDfeXtXzSdmecev8AnNSxE+Sm4HOBnNACn6009aXNJTENPTFJ1paaaAKt6oMW\ne46VBaA+Zk+lX2AYEGokVEG1aQGVRRRWRoFFFFABRRRQAUUUUAFFFFABRRRQAUUUUAFFFFABRRRQ\nAUUUUAFFFFABRRRQAUUUUAFFFFABRRRQAUUUUAFFFFABRRRQAUUUUAFFFFABS0lLQB6J4bOdEtf9\n0/zNaXmxrKsTOokflVzyayvDHOh22fRv/QjV12jE5V2/eNIhUdyMjp+RNAF0UyXiNG2FwrElQM9i\nOn40+mOSkavtZgrkkKOSOaTBDz+7gUOwG0AEngUAhlBBBB6EVXvY86W8bozkIBtHUn/9dPtY/Jh2\nBQoDNgDjAJJH6UIGS9KTtxS0g4FMQlVFmvHudv2eNIQ2C5fkj6VcrMsokGoTSoJNxZ1ctnAOQR+h\npoBup3KibyhaSzuI2HypkDdjHP4VfmUywsquyE/xL1FV9Td0gBUERZ/espwQvtVqMho1YdCARmmB\nQ02K3hklWC4Mz7V3EvuwOcf1q/Wfpzr9omCQpGjYK7evQE5/76H61oUgGu6ojM5CqBkk9qgs7k3Q\naUACE/c55PqTU0qLIm1hxkH8jms2xkZbpxFYtDHJ95mbHIz/AA0xDtZheWFSiW5Chtzzfwj2q3bo\n0cIVyuQTjaMDGeP0xUOopIyRsiLIiHLxE43fjVocjigArE1ZplVxEIyrBgd56Vt1i6pAk8mHTcFV\n2AzjniqiBc05meMFtpbA3bTxnvUOlBA04WORRuG0v/EvOMfrUlsGihfyFUtjIBOBmmWAuUkKXLxk\nhAFVOwHrQwL9JUF3cG3RSsfmMxAA6VJHIJY1kX7rgEZ96kB1NpaillSFC8hwooAeaaTSI++NWwRu\nAOD2qm2oxi48kRSs2/aTt4HNMAvYlldAF3OFcrnp0Ax/KplOVB9ar6n5YhV5JGjweq9SD1FTpjy1\nK8qRxigANNNKelMJoAaaYaeTTDQBT1EKYhunMQ9u9ORmNqpTBOzI/Km36M6IqIjsTxu6CnQMGgRg\nNuQCB6UxFO3S4WZfPcN8p2gduRUl1IiAB32gg/nxUcAUXrkO7HB+9069qdfcoqhAxJ43DOP85oAl\nU5QH2qrAWMuGj27AVz681ZRt0asOMgGqcJzdsQ+TzuHv/nNMB16SIciQJz1IzS2wYRfPJ5hPIb2o\nvHCRqxTzPm+7+Bpto7NCNybdvAoAmNM65pxFNPWmIQ+tRGTrhSRUjcqfpUAlBlMYB44zQMlVElIV\nhkHn61HKixsCihdpxgDGQeP8KVW2bTjOM8Z9jTJpvNbqpHHK59R6/Wp6gZVFFFZlhRRRQAUUUUAF\nFFFABRRRQAUUUUAFFFFABRRRQAUUUUAFFFFABRRRQAUUUUAFFFFABRRRQAUUUUAFFFFABRRRQAUU\nUUAFFFFABRRRQAUtJS0Ad/4WOdDg9iR+pq9czLDNu+yvLIq5VlUcD0yazfCLZ0ZR6OwrdGO+Bnjn\nvQA5SSoJGCe3pQeIuFLEHOAcd6Wmu+yBm5wDzgUmCGzkvZy+dm3GOSG5A9c1HYFTZpskaRQSA7HJ\nIyakz/oJITePLyEPGeOBUdjv+zAyRCIliQg7DPFNAyxSdqDR2oEJVSCZXm2GUGUM4KDsu7gn9Pzq\n3VFZCupsvlIFcAbx94nDdf8Avk/pTANTjDxRsZkiKNuBcZUn0Iqe0nFxaxTBg29QSR0z3/WmXqK8\ncatEkoMgyH6Ackn8hT7VFjtY1RBGoUfKO1MCpaQxw384jZ3yMsT0Q/3R/nsKvVn2ZB1G5Eb7VBbd\nETyzZ+9jsP8AGtCgBrMFUsxCqOpPaszSnt2djFKZJXQPLk5G7/Of0rSdFkQo4BU8EGqNkDFcsvlR\nJHIGaMIuCACBz+YoEGqtAFi+0GUISR+7J6+nFTWEiS2iSRqyq+ThuvWn3DKvll5BGN3UnGeDx/n0\npLMk2kJPUoCePagCU1iawYVYea7p8xA29x3H8q26xtWieSeIoF4fnd9Qf6U4gWoWbYxiwTsyuRx7\nVHYpLFcyLcIC75YSg/eGf0qSxXYqoTnamM+tQJAU1VCbqRyisQnZQcDB/wA9qGCJ9TVmt9ySiJlO\ndxGenP8ASpoFWOCNEOVVQAfaotQYJbhzEZQrcgDJxgj+tPthtt4wV2kIAR6cdKQEhrP1OEPsla48\nkp93PTPNXz+FVNQaNbcGWEzLuGFAzzzQBLCS0KFtu4qCdvTPtVGEyf2jKWmDxksAnpg/5/OrdoMW\nkQwRhBwe3FQxKqzF1QKHdgx98/8A1qAG6g7xIsqKjFTjDHHXvTrVl+zIqyK+xQpZemQKZqah7cfu\nDN8w+XP15pbNES2QxxiMOA20dqAJTTCarb5Irw+bcqY3yFToRzxTL95wu2BSeMtg4JHoKYFnIIyC\nCPWmmmW5Bt49oKjHQ9RTjQBnaoGAVzI6pwMKO/NPtJAbZeCFQY59MCrDYaYqQMbQf50yYARP0+6f\n5UwK6JKLpiwXyxnaR1OaLmLz12hipBzkVY6gfSo2IVzk4GByfxoENPyRED+Ff6UxY1V2cDDN1NOc\nh0cIQeMcH2qA3S+YYwrFh14pgPJPnsP9kfzNLTJ96gvEAWOBzTLeR5E3Pt56YoAkNJS000xDZDhW\nz6GqowLr7wzzx/n6mrMn3G+lVsH7Tjbgdd3rxQBI4Zk+QgEZ6/QioIgxG0ghc5qyp4P1NRrKjMQp\nyfpilYDLooorI0CiiigAooooAKKKKACiiigAooooAKKKKACiiigAooooAKKKKACiiigAooooAKKK\nWgBKKKKACiiigAooooAKKKKACiiigAooooAKKKKAClpKKAO48Hf8gk/9dT/StK9aMOyyvtLKBGM9\nW+bGPfJFZng0/wDEqcf9NT/IVr301vCFaVd0mCUwuTn+lAF6mtgxSBnMYz94HGOlKOlNbPkyYCkk\n8bunahghEZTZMWk3LhvnB6jmqukEfYl2sXQH5WJ68DP65q1CzvZAkKHKngdKisTKYWWZEV0bb+76\ndAf60kDLHajtRR2piErLeS1g1bL3DGRyEER5Ckjg/r+prUrP3yNqZQRReWp5fHzZ2j/4oU0BPfGM\nW5MmSACQB3+U5/TNPttotowmQoQABuo471DqUbPaMUZVZQSC5wOQQcn6GpbbcbdCzKzEZLL0JPp7\nUAVopjJftiNQgUru/izuYfl8tW6z4jbJq7qsjmUj7hHyg9T+PJ/WtGgBkgLRuFYqxBAYdj61k6ak\nKajKgnnkmjVlIfoPmGcfjWuap26SJdSlmTBZ8KOuCQQT+tNAN1ViLUAQLPub7rHA6E/0qzCxaFGZ\ndrEAkDsar6m0SW6vNI0aq4OVGfbH5E1NaMj2sZiYsm0YJ60AS1k6qoOMoXIYEAeoGf6VbN1ILwQv\nARGxKrJnqcE/0NVdV4KkkgBgeO+ATj9KaELYiQWygcSCLAz64p9payWs75k8yOTn5h8wP1702wYF\nYiMkFeCfpUCXaJqhR5pXcuUEeOFyetNgizqNy8EOI0LE9SBnaPXFS2hQ2sZRy644Y9TRd+Z5J8kg\nSHgE9qZYszWo37dyllO3oSCRn9KkCtB5C6nIIpWaQ7i6k8DkUurOy2o2yGMlvvD6E0sRlN67lUEL\nFlGBzkHqfyNSXvNvgRrIxI2humfWgBbYg2yYbcAMbvX3rO3mPUn2xzMvPB+6CepFaFrJ5lurFQrD\nKso7EHB/lVJwy6on+k53NjyvQbT/AICgCxeGQxKIZBGzMBuxn1qHTkeO3G6VpA3ILdh6VJe+YIQ8\nW0sjZw3ft/Wlh3eSpcgsRkkdKYFI2kTXfnGPOZDyT0I9PyNSagQtsWMpiweGAqIND/abIHbfyQp6\nA98VPeyLFbO7LkD1FAFfTSPIbDs+WJy3vVo1DZrtt1+YPnncO9V1mY6k8cmcgfJjpigCW4Z48yRp\nvJwNtMhdpUJcAZ9PpzTr3zPs7eVye4B5xTLYqbdNilVx0PUUxFeRX+1hDM3PIQdhT7zy/J/eLu54\nAPU00o8d4HBBSQ4II5BxT7pYnixNgLnqTjmgYkCbIlBGDgZA+lV1ffelWO3Z0X+971PbkGBdpJXo\nCe9QvJuvEXyiCpOWP0piH3Su0LBPvfzptuQYVwuzHGPTmnXDMsLFCA3bNR2ufIBJDEknI+tAEppp\n60tNzTEI2NpqhMQZz8x45x+FXj0IqszEzBAnHdqTGLK22B8f55qrCGVlb1PSrcozA4FU7fJkUds5\npoCvRRRWJYUUUUAFFFFABRRRQAUUUUAFFFFABRRRQAUUUUAFFFFABRRRQAUUUUAFFFFABRRRQAUU\nUUAFFFFABRRRQAUUUUAFFFFABRRRQAUUUUAFFFAoA7PwWf8AQJh6Sf0Fbt27qoEb7GJUZx6sB/Wu\ne8FN/o9yv+2P5Vtan5OIhK0i5P8AyzGcjjI/l+VAGhG2+NW/vAGlcAwygjPB49eKRGVkVl5UjI+l\nNlG6JxvZABkleuKTAkjJ8ohgNw4O2qVjZiCaSUyTO54y75z05q5AoRWQFjg8ljyc8/1qrp7b4S5n\nExYg5AwAMcUIGW6KQ9KKYBmqUkUEd35pf947LhC3fpkD6fyq5Vc28MkwmaNWkU4DEZIwaYiPUZ4Y\noAs6M4cjCgZzgijTCDZrtRkUs21WGCBuOKfJzdxDt5b/AM1qccUAUXaeW+iCxL9nRt/mbuuVPb6m\nrlQ2X/Hlb/8AXNf5UtzI0cJZMbsgDPTJIH9aAJDWYv2ddUxDG3mlm8xsHHT/APVV22kMsIdsc88V\nWYypqSt5oMbt5fl46fLnP5igCxcyPHCXjQOw7E4pll5n2VTKAHYliAcjkk0t75f2OTzt3l8btvXG\nRTNP2/ZF2Z2ZbZn+7k4/SgCvId+sIrXP3PnWLbx90jr+JNM1aRo1JXG48AntwT/Sp5Fk+3geUoj3\nb/Mzz93GMf54qHVYhNGUYE5x06jnrVIQmnsWCbsZGQcdMjihpmGpiJihVmyoxyPlbP8AL9aTTgFV\nFAI2krz7cU85/tMhLbIB+aYnplR0H4AUMRLqCqbKTcrMMZwvXrUGmSs8JQ27QqgAXceW9f8APvU2\noOi2biSTyw2FJz2JGf0plgIxaqIpDIgJAYnOeTSGUyWi1OR0tpGzxuJ+X3xUuqiQQq6z+SiHLHbk\n+1QXI3atHGLlshw3lAcDjPX3/rV+5Li3YxoHfjCnvzQBBpu37EhWQyAkncRgkknNQy4OpJttzuBB\naXHbaasWW/7P+8UK+5shTkA5NV5XB1FFMmGDHC56jaP/AK9AEl+ITat9oJEeRyKj05lazQoCFywU\nHrjJxUl+XFpIYiA4xjP1plkXNsokILqSCR3wTQBBK0rago8tRGrZLZ5PGP61NcsywMUAZugB6c8V\nVdEOqF1DGRSAfQArVi7VZLdkYEhsDg+9MCvp+8RkEIoH8KdAcnNRqvl6i+JAwcZKkcipbKBYUcKC\nPmPU5qIq39of6s4Hzb8cHr/j+lAE107xwlkClh6niorUs0AZsZYk8dOTT7wgWzEgkDB4+tRWRH2Z\ndoIU5IB9M0wIXUf2irF368DtnH/16feYMBBUH09qR1kN4OV2D5uvPTFLe7fs7bjtHqKAEtv9SoIA\n6jA6VXbH9oZ3ndn7vtirFvtEICEkDufWoiQLsnYM8AN3/wA9KYh1x/qidu7GDj6GmWv+pB27c84p\n9wSIm2ttPAyO3NR2rb4s7snPJPFADnlVW29XPIWlqElftXy4BHJ9+Km7UCENUpNvng5bfkYHt/nN\nXD3NVXYGSNRgHgkn+VAEw70wRohyq4NEjERyY4IB/lVeOZjKA+cMBj60XCxTooorI0CiiigAoooo\nAKKKKACiiigAooooAKKKKACiiigAooooAKKKKACiiigAooooAKKKKACiiigAooooAKKKKACiiigA\nooooAKKKKACiiigAoFFAoA6zwS3yXY9Cv9a6W4leJQY4TKx9GwB+Ncv4KJzdD/d/rXWM6xoXc4AB\nJoAbZGT7OolQIw4ABzxipWZVWQucLtGf1pUYMoZTkHkGkZdwdf7wApMEFo4eIsGZiTyzDBJqtZRP\nG0jOAoONoHpyf5sR+FWrcsyFmxljnj6Y/pQOKENimikqK5DG1mCZ3FCBj1xTESAg9CD9KrfaI4JB\nDIWMjsSAFJ4LHFFicRugRlCtgbu47Y/DH5VHdzYuYYS3lqxDbyOuD92gCWRjtW4SNmYIcIeCc4/w\npLeaWUEyxrHjjAOef84p8/mfZ38nHmbTtz61BpxU25AjZGDEOG67upPv1piI5xLFLGi3OyJvkSNV\n56evtVm5KC3cyn5AMk1BcrJFdpcIQVO2N1PYE9R+dWJsmF9pAbacE9jQBX0+SOSKQwgiLeduRjsC\nf1JqGQMNSZ47XLBMeYX6nGQMfkKnsXdo3EhDFWxnHqAf61TulhfUQjXUqyEgiMdOlAF28ZltXKyC\nMnADEZAycVFYsSpBuVmYAA7RxnJP9f0qS9K/Y5N8fmDH3PWq+leW1uzxwCHcQSo+gI/QigCtfSW8\nd9IZY5nkwFAXJGCMf1qbU+IWPmGPC5DgZxikvZrhb+NFdfK+XKkdfmA/qKXUwTEQqhzwQp74OaaE\nRaYQYoiH35ydx7k9f1pl1drball7g7eC0QTPO3HX8jTrAttUuoRi2So7ZqSVJPtxXygUdg/mH+HA\nxj9P1psES30IngJ8pZWXlVboaZp7N5DLJGkbI2CqdPX+tTzgGBwXMYxyw6iqeleXsuBHI0iebwzH\nJPyikMV3ddQIMChGI/e7gONtSXv/AB6SZdo+M7l6iqF/Cst62beST5eu7C9OlX7kF7VtpAIAYZ6c\nHPP5UhEGmkGzXbvIyfv/AHs571HceYt8kgij8sYUv/Fycfzqe0MhiLTbfMJ5C9B7VUv4Fnmw8kgQ\nbcqp4yTx/SmBZu1ia2cT/wCr78+9MtpFliLp90scce9LcArZsvBOAoz69Kjs9yw7HYFlJBIoGRyy\nsbtYxEMZBL57U+5Aa3fL7BjO70Paqd7NBDeeZK5EkZGwexHP9atXI8y1faN/GcevfFAhlmQ0GRJ5\nmSct6mqd1GzX22SR1jcfIVOBnuDVmxjaODDjBOOPwFQ3trLcSEGUrHxgAUwJ5ywgbadrEYBqK3ff\nDuyDknBFST5EB4BPYH17VDa7hEQ6qrBiCF6UwIZQftoIVuSOfw//AF1Lcf6pjxjjOfTvUM5xdq3m\nEEEAL6g/5NS3WDA+V3AYOB35oEMtiTbqSQSecioZSovUGGz1J7ZI6foKmttvk/KmxeSBUUgcXI+Y\nBGIJ/wA/hQBJMcRNgc44HvUVsW2Mr43K3Ufn/WpZsGJwQcYPFRW6hEZQDweSe/FMBsoiE6cAyEjp\nU1V5DtuV28cgH36D+tTnigBDVSRl3RoY93Q59KtGq7oS4bdhQAP1oEKx+SX6H+VUiSUUkndnj6Vc\nb/VSHsQf5VXjjZpELcgLkGkxoq0UUVmWFFFFABRRRQAUUUUAFFFFABRRRQAUUUUAFFFFABRRRQAU\nUUUAFFFFABRRRQAUUUUAFFFFABRRRQAUUUUAFFFFABRRRQAUUUUAFFFFABRRRQB03gtsT3K+qqa6\nbUX2WrHaSCCpwM4yCP54rlvBp/06cf8ATMfzrrLouY1jRtpkbbuHYYJ/p+tAE1tnyFLLtJGcHtnt\nUq9T9Khty3krvOWBIJ9cEipV+/8AhSYILddqH5sqeV+lQwmQTSrJIGBOVUD7oyf8/hToZGPlnI2k\nAceuMk/0qraeWL642xOjsSd7HO7B5x6cmkhsvUyUkRMV5IBxUV19oO0W7og53FlyfwpbUyNbRmYk\nyMoLZ9TVCKumMW87EpkTeSDnOPmbj8sH8afqEyogj8mSVnHG1cgH1NOswEzGI0TKq529yc5/lUWp\nsECN5uxgGKjP3iOR+v8AOgRckZliYoAWAOAehNVrEykTNMU3NJ0Q8DAA/pU1ype2lVeSyED8qr2D\nh1lZY2QNIx+YYJ9/8+lADL0brqEGZ1AZPkXoTkkE/lVmcoLeQyDKBTuA9Mc1BdLN9qjaILtbaGJP\nQAn/AOKqeZVaCRXOFKkE+gxTAg05EitwsaMg6kN1Jx/kfhUE8DNqAkO1YxjLd85Xj/x39alsJYpR\nM0UplG/OcdM9v5/nUN/bQXNyFlMoO0H5Tx97H9aALd2oa1ky+zCk7v7uOc1W0uSAxvFBJ5hj2hm9\nflAB/Srcx228hChsITg9+OlQWS7Eb5EQ5AIToTgZ/XNAFe/kEF2JEtXlkKABx0A3dPrTtQZhEWQh\nSFzlugp11JsuV3SELhVAA6kk/wDxOPxqHWJBHbZKM+75Qo700BBpzF41cyCQs+cgYp9/sS8ik+0M\nspZAsYbgjdg/1qHTGLGRzGYw0oIBGOwq1eRXD3kbRLFsUDLEfN17U2JFq4BNvLgAnacA9DxVey3K\nsisqgq2PlHbqKnCs1uElOWK4Yjucc1Da24tY2UMzlm3FmPJNSMzr6NZrx1kmYHciogOMg4z/AFrR\nmB+zMMFvl6evtTmiRpVkKjevAOORQzBRyQPrTArWb+YsknlmMO2QpHPQD+lMuY5nnXayiI43DHPB\nzxVkSIThWBqGS4VTgrz05NAhbiITwvGSRuHUVXtLNLUsVZiW65OankkIUEdTVe3uPNZxuJ2sV7f5\n70wuPeGNn3silvXHNDMqLyeMVS+0eXLHkFi3ydO+KmlV/JQhQSBzk4p2FckDhsYzyM1Ujv1mZlWJ\nsj37Umns8i72IKgkL64z61FCZ0idJEBXhA2egBP+NK2oXLMxD2zFsgEdqjtV2IykksG5J7nFPIzb\nEA4IXg+hqO0JMbMzh2LckevSmMbOB5qyYXI2gHvycGluDiFjyMYJx6ZqO6CefG7KWIwOOwyallJE\nbY6nigRHburqzJnaWOM/59c1FN5n2gKqZVipLemD/wDWp9oxaI7scHt6Yz/Wobkr9pTLHd8pUfia\nAJ5OY2ycZXr6VDbfdbLl23ckippAWjYLycECobXcQxZduTwDTAimAF2pwSePp1xVntUE5UTpuPXB\nGPUH/wCvU1AhDVaaUKAu1ieox9as1EWUE5IHPegY2LlckHnnFKaAc5Io96BGXRRRWRoFFFFABRRR\nQAUUUUAFFFFABRRRQAUUUUAFFFFABRRRQAUUUUAFFFFABRRRQAUUUUAFFFFABRRRQAUUUUAFFFFA\nBRRRQAUUUUAFFFFABRRRQB0Hg7/kJS/9cv6iutuYpZChSYxKvJIHeuP8ItjVHHrEf5iuuvY5JlWK\nNgoPzNkdcY4pATWWPsq7ZGkGT8zdTyeanX/WD/dP9Kit2ZogHQIw42jkVKn3/wAKGNEcT7WVNqhS\nflx6YJ/pVWOdRfypJKGZThVVT8uSOv6Vciw0h+TG3hSec1WJuBfkBIxDnk5yx4/xpIGTxks8wPIV\ngB9No/xp9V5Z1tizMruXbgKM9hUyuHRWXowyDTEZ+nsVd8W8yBmAzIc8YOMew/rUt8V8yEGESkEs\nM9iOn6kU2zkL3E3mqyS/3T02gnGKTUigiG5ZGLZUCP73rn9BVCLcj7YWdeSFJFU9Pmd/MSRg5Q/e\nAxnkj+QB/GraENGMcgjiqmnl/nV4kjyFYBfQ8AH3GKQEeo7/AD0KBywX5dvvkfzK1dlXzInUcFlI\nqrqe4KrrP5RRWcAY+YjGBVssAuTxQBVsXldWEluIQuAADnNLcRSPKjRuFAKkgjrgnP8AOpg6k4Ge\nfamvMFPQcdyaYD3UOjK3RgQaihhWHftz87Fjk9zQ8pEasO5wePrTLefzc85KuVI/CgLkskaucsM4\nx1/Oq95jCA9yagmuhDKrNlsS4I56Z/wp1zu2xNgnDMcdDjBH9apLUVxiDaVbsWxViS4VP4T1xms+\nCdpmkU/djkwM9uKXUFczW6Bxl5gwAHIAOabJuaDyERhgOCcf5/Kobe4MxfLZ2vt6Y5xT5Y1MGHJw\nvzZz6VT0mMeVJMVAMjlh7Cp0HrcSe6Ecqbju/fbSMnj5v8Kll3NErKpY5PHQ4zVfUJI2vbeIsoCn\nzG75I6Cp7mcCyaSPJyCFwOc8/wCFMCvp0jzPM7DKiQqpzzjjiob9XNzAiuNzS7hgdAOam00lbaNf\nL2gjk7sknrUUiTS6gjhgq4KqRyeGo1F0LUyIYCJBuVBu5+lU9MQCJpDgNIxbHpUtwfMtgjOeSwJH\nU8H/AApltEkSQhcZJOT+BpjIJ5Y31NBklYhngZ5qe7kP2RjGrEuMADrTGVdzKqfOSQWA7c1I+5IF\nbAJQ7sH6GgCGzDpGkbKowO3XNNdjuKbuA5J5461OinO5jk9eBUfloJ2IUcgE8e5ppgB+a3bjdwcD\n1qGzOUdtpUM2cH6VZGBTaQFe4jkaZCjAJ/F+FSSKHQq3Rhg05mUfeIH1NMd1RSxPHrQBHDEIU2r9\nc0MiswOASO9IlwkjFVDZ65IwKgku283y0Vc5wCT1oAs001BcTMtsGHyk45FR2zOyiRmZlLFME9Dj\nNADpmxKBtPzADd6c1LUNw/73BBJK4Ue/+QKmNNAJmo2PzHg/Wnk1XlkMfRN2SfwoESKc8dCKKbGd\nxzjGQKU0DMyiiisiwooooAKKKKACiiigAooooAKKKKACiiigAooooAKKKKACiiigAooooAKKKKAC\niiigAooooAKKKKACiiigAooooAKKKKACiiigAooooAKKKKANnwqcawo9UYV28vmGI+SQJOxYZFcL\n4XP/ABOovcN/Ku+WkBXtRcLOfPlD5XjC4xz/APXq3zn5evOKaBzQ+cYXrg4/I0MZHaMWlbdMrnHR\nR05quqr/AGxM6hicAE9hxz/7LVm2QrKRt2hc/jk5H5VC5lXUR+8UxscbMcj5ev6UluAX8ksUG+Ex\nhh3k6CpYF2W8aEg7VA4+lQakqPFEskZkUyjgD2Iz+tTW4xbRKRtIQAj04qhEETyyXxzCUjRWAYn7\nxyP8KW980BGhZBJkqN/Q9/6VFbupvnVXYkBty9h82R/M1Pdu6Rh0i80huVzjsaAHwqqwoqHKhQAf\nUVWsY1Xcyl2DqrKz+nOB+H9angUx28aHGVUA4+lV7EFJJIjMsnlAIqgYKjtn3/woAfdqsjopRWIV\nnUsOhGP8allBaP5BuPbmquqiMwoZA7YPAQ4Jzx+XIqw0oEAkQbwQNozjOen86aEVLOR5bucEjZGQ\nv0OORUerKfK2B+ZnCqu2l0syJbjegG5iWJPJJNF4kst5EwfakTEcDnlRT1I6Ft408kiTlV+bmqml\nIPKeUjHmOWA9BU0ys9vJGXJ52lj16f8A16ht4I4ZokjAJUZLHqeKBkeoSxte28DNgA+Y2BnkdKmv\nJc23mRhm64wKJVRZpDtzKR8pA5xxSOGW1UEZIYZp2Az7BHS3G5Mbjkknk/hUzLNPqispVVVSoOM/\nxGpGbezNjGRx+dSrEUlUq55LH9c/1phYjnZ5bEAuRuLKT6jB/wAKZDAlqbWNSWODuP4VaWFPLCEZ\nUHP+fzpltt8iIgLkqD+lK47FcpGtzIxTMoBwQOeTSoJEt4yVyysWIJ9Qf8aklliilJdsEqO31pHn\nQW5kX5h2ouFhkKFY1BAGDnj6U0RlZgdxIySB+Of60yC88x1QqBnvnvVa8uXWfarlQDtAH+fagLFq\neMfZZBjopI+vNKuwcKVJ9AartKX08uSc9D784qnZSZuVxxhiD+VAFuW4jiuW3ZOVA4HfJ/xonmX7\nKXXkMMCs2+m8u4OT/Gcj25qWSVTYqvJZWPGPrQBLb3bSShG2gHpgd6nz++Yf7I/max7KR/tAIXJD\nHAz7GtHE7SF/kXIA9aAHXkphhLKcHOM1DbSO4DsxKsSBn1FJdJJsG+QuCemMDoakgO20ROmZCcfh\n/wDXoApPmS/24yC+M47ZxUtyrC22ZwQxX8s/4UKALncWVQrZ5Pvmnz/PCzjkFi34HNMRHaJi2BPL\nCX9NtRRKp1BWP9/+tWIWOwIqsFzuyfpTAjpMWTaOchiM0ANu8FCMcbzx+dLAuLcA9pc49tpqR490\nW0nnrnvUcaYAYsxOO5zQBFdOwZcHGOc/5+lT9s02SJXZWbqtL+tMBDVe4GR9/Zyfxqwar3ADY+XJ\n7ZoAeuc/gKX2pqkEA+opaAM2iiisiwooooAKKKKACiiigAooooAKKKKACiiigAooooAKKKKACiii\ngAooooAKKKKACiiigAooooAKKKKACiiigAooooAKKKKACiiigAooooAKKKKANXw023WoPo38jXfD\ngZrz3QDjWbb/AHj/ACNdlrE0kdkI4TiSdxGp9M0hluG8gnkKRSBmHap+rr9f6Vz02nNpiR3cMjM0\nZHmZ7jvXQIwYqwPB5FDQbiRqRctkjGCffr/9YVVmEQ1aMiN/NPJcDjG09asqW+1sCuF28N61FOZf\ntyBVXywMsSeehGAPyqVuBHqUksduDE4Vs9SPYn+lTQMWhUltxx19femXoBg+aHzsMCF96dbuJIFI\nTZ22ntjjH6VQivbys13KCFAycY68Ej/2U/nS6iwS2yzbUJIY+xU/1xTUZF1Ar5BXOQJOxJ5I/T9K\ntSIsiFWAKnqDTAZbsGt42UkqVGCeuKpWCML2YmIoF4JI+9wvT/vk/nWgAAAB2pBgUgK1/FNJGpgK\nhww+8OMZB/mBUjRbbZIkI+TbjPoCP8Km7Ux2CoW64GeKaAiSIgEEjG4Nx7GmSR5uQu44cFyPcbRT\nI7pi4DBcFuce5pt9MYpQ24qFXqPc/wD1hVa3JsWti4YEcMcmobTaLaHkbtgz69KjErfY3JOSGx+H\nFVLeQCfCrgq4XHrnH+NAy7cSpHdxsxxhGHAz1I/wps8ymDzF5GapapOIJXLttOVxn04z/Wk8+NrN\ngHGS4Kj1HFCAbHKwCqwA6DPepLq4ZJ1IfZtG0HHXOP8A61Z0NzvnkHltgMG/LHFLqckzbTGuzLLn\nd1B4xVCNYyu1gXJ+boT+OKo2bgXOAMbW2/p/9eno85s2yyeWpAIxyeRWfaQGO5fLNy4Gc+uOaVgL\nOqTCK4YlgPmUfhxmnefG1iQHyQ2QB3GKh1C3UyMuAcMpBPpxmpoo/wDQJjj+IEcduP8A69AFPT5y\n0+RGx2uSB3Oc8U3U2lacFRtyw684NT2EeLkkAkFi2ccVLe20sk5ZUDA4xk9MD/61MRGPNNg/zDZ6\nY96pWcCichskFsfpWulvi08pzyetRQ2QjcOzFiPWkMzruJVmxxhW7+lWPLP9nggZIO7juKuSW8Tt\nvZFLepFOAAXGMCgDKs4iLgMUYAEnJGOv/wCutI0uKaaAI5U3qQDg9jUcaAYJZm47mpJHCKWbOB6V\nWt7lX2pgg4796AHui+eDtGSDzj6UrfcI9qrXVw6T4UgbRjketKZWazLk/N0z+NMROOgqKSaONxvc\nDg/0qlC+Jl5PUCku2xcNn1FAy+0qiIyA5Wq0NzuKR7ccYzmmBl+wkbhk9BnnrVeF9soOCeaAHtdS\nl9+cbeMDpVuNy6Akc8/zrOwPmz6j+tX4BiFRntnNJAx5PNV7gbiAMg+30qwTVeYkZKkA57/SqEPQ\njaMdMcUU1RjaM5wKcaBGdRRRWRoFFFFABRRRQAUUUUAFFFFABRRRQAUUUUAFFFFABRRRQAUUUUAF\nFFFABRRRQAUUUUAFFFFABRRRQAUUUUAFFFFABRRRQAUUUUAFFFFABRRRQBe0Q41e1/66CuzvudQ0\n4Hp5jn/x2uK0fjVrX/rqv867PViYhbXIGRDKC30PBo6gW9TUHTbnPaJj+hp9ixaztyepRf5VS1m7\njGmOsbh3mARAOc5/+tV6FPLhiT+7tFLoMfkG7x5nKj7gH86rXYi/tGI/N55AC46bcnP9f0qwu5bl\nvlBVzndnkcdKq6h55uIxDLGhIHDDk89qlbgWLjeYWEThX4wxGcVBp6yLExklMmWI57YJpbwKtiyu\nrOvyghTyeRRYbDZRmNCinJCnqOf8mq6CGBT9ty0gKKx2rjkMVz1+hP51NPN5WAACT6npUJEn24A7\nBGTvznk/LjFJdLvcZ9B/WmgJ0lzGWcYwM8elVoZ3eQ5YnaMkdqmK/uio7xgfzqOJQPNPqp/GgBl8\nxEi8bgRwKmZdkEinsv8ASmzAmUdOnenSHfHIBzlcD8qYGLBcSG+kURHAIP1x/jUmsSTPA52CMhck\nZzwM0+KPNyXVWy2ATjjirN7A0rZVQwK7Tk1RJWjE32RtzjAxuGOvNUba22XD5Z+XVQSeo4rZhgIg\ndZMZb0qOK0KSB2ctjtjFF0BS1G1UkoACcg5b68/yp6Rj7FJxwGGPoAKvzW8czAuucDHWmvEqQlEU\nAdgKLgZCKPNYrk7iD9MY/wAKsXFu7sNse9WCnnsR/wDqqcW7dsCrKDCAegxQ2BXht/8ARGjfgtyf\nb/OKihsjHIHdyxHbHFXjTT0pXHYgmtopX3OuTTkRUTYBwO1PJppNAhuAKa1ONNNACGmE0rMAOSB9\nTUDXMIzmQE/7PNAyQ0w1GbkH7kbt9RiozJOTwiKPc0ATZ4ph5qEidjzLt/3RTTBu5d3f6mmILsr9\nnYbhnjjPvWbbPsmDEE4Y9KvXEMaW7lUAPHP41Rt8GcAEHJzQAl65aYlQQCR169KejSGzcfLtBH17\nU67ikaYkKWBx0qSKE/ZijcFuT7UAUIlPmDk53AfrT7lMTEZJxjkn2qxDbMjhmYHHYCpJbdJJC5B5\n7ZpiuV1QfY2OOfX8ahgXdMoHrmtAKqoFA4A6UYA7flQBnMjiRhtOSeKuQgiPHIx69aWR1WRSzADn\nr+FKrqy5U5HShDCoJsBSSM/N0/Cpyahl3bSV6g5oEC/w/wC70/KlNMQFeGOT/wDqp2etAFCiiisy\nwooooAKKKKACiiigAooooAKKKKACiiigAooooAKKKKACiiigAooooAKKKKACiiigAooooAKKKKAC\niiigAooooAKKKKACiiigAooooAKKKKALWlnGp2p/6ar/ADr0GaJZ4GjcZDDBrzuyO29gPpIv869H\nU5FIDJs9H8q7WWSTzFQ5VSK2emPqKADTXZV6sAfc0N3BIUlvPA425znPtjFVtR2efATEzyFhtIH3\ncMM1PIT9oQBSQe/YYzTLuJpZYSJXQIckKfvdOtStyhL1S1q4DrGwwQzdAQc/0qOykj8sxRyiQp1I\n9O3+fapTEph8pvmXAHPemwQRwbvLQKGOTiqJKjvjVkUhixyV9AML/gfzq1MDlWAB7c1IQN2aZMwV\nMscDcP50AKoPO7HTHFRpEBxuOB2p6yI+drZxVf7SFdxtJGeuaYE0qhtpI6HvSrwOKhuptiLtI55y\nfai2laQNuIOOeKAJsDNBpM0UAHSkpCcdePrUTXEK9ZV/Oi4EnakNQm7i/h3t9FNMNxIfuQMfdmAo\nAn70lV990w6Rp+GaaY5W+9M3uAAKYiwTUbzxL96VB+NQ/ZkP3st/vHNKsKL91QPwoARruPogdz7K\naabiQ/dh/wC+jUuAKKAK5Nw38SL9BmmmJ2PzzOfxxVg02mBB9mjHbP15p2xR0Ap5ppNAhhxTac1M\nJoGIetNNKTTTTENbBBHY0wIF6ACnmm0ANbr7UlK1MZ1X7zAfU0CDrSGozPH2bP0GaaZs/djY/pTA\nkpD0qIvMeiKv1OaCsrYzJj6LQBXvT+8H+7TrQ/K351Hcrh+WJOO5p9pxu9KQywe9RSbiCFODUhNR\nnOcjvTEMRSv3myfWn9qbznk80Z68UDKVFFFZlBRRRQAUUUUAFFFFABRRRQAUUUUAFFFFABRRRQAU\nUUUAFFFFABRRRQAUUUUAFFFFABRRRQAUUUUAFFFFABRRRQAUUUUAFFFFABRRRQAUUUUAPjbZIreh\nBron8Sz4wm1foM1zVOosmF7GxNrt1J1mf6ZqGDUJnuodzk/OOp96zafAcTxn0Yfzosh3Z6NMrmYM\nD8oAzk9BnJ/kKWaZVKEhjuBxgUs2D98/uwMn3PpUc4LSQE8DPI/Ks0NjpJQke/r6UyKYyHoMe1Mu\nFDRKD2Y/yNEC7Y1A7Mf5VfQkj86R59gYgZ4xS3bAohJwp55pYB++DVFeKJLZFboeD+VPqBFp86vt\ncuBlPm9M8VTe6VbqOPkkjafqcYqbToFUKjIM7cn68UyVEW5DZA2ZGP8AP0qluIfeTbrNQiMWEeOR\njPTpSaZNKYQVRSWUdT0Hap5428iIbSSF2kD14/wosYjGuChUAAAGl0AlJuT/ABov0XNJ5Urfenk+\ngOP5VOaSkMgFrHn5gWP+0c04RIo4QflUlJQAmB6UnFLmm0wA000pNNJoAKaaCaaTQIDSE0E00nHX\nigAJpuaiM8ascyL9M0w3K87QzfQUATHk00mojNKfuxY/3jUZM7fxqv0GaYExqNmA6kD6mozEW+9K\n5/Gm+RGD90fU0AK08Q43gn25qMz5+7HI34Yp5VQOBQe9AiIySt0jUfU5pmJif9YB/urU1NyO9AEL\nRZHzyO31NAijH8A/KpCaaTTATAHQCko3U0mgQpNIT1pCaaW4zQMbLGsjAntSoqouF6U0uB1IH1NM\nMyA/ez9KLgSsaaT6VC1wvYE0wzk9BilcLE+aaTjNVzK5700sT1OaVx2EooopDCiiigAooooAKKKK\nACiiigAooooAKKKKACiiigAooooAKKKKACiiigAooooAKKKKACiiigAooooAKKKKACiiigAooooA\nKKKKACiiigAooooAKXtSVJFjzUyAfmHWgBY4ZZTiOJ3P+ypNIA0c21gQytgg9jXoqRJvRgP4Tj9K\n4PVSP7Vu8f8APVv50JphZnfyf6xc5IHIFE3G04zzUMm51iYED5ccnucf/XqeXoPrWZRBNnyCe4+b\nFKgbuR+FLJgxtzxg0xJkYAA849KoQwKfPddxC4Bx9c06WNZIwp7c1E84SZuM8AVKrhkBHemIZFCs\nWSvf1pTGpYnAz9KdSE0XAU4IpKKaT3JxQAuaCaiaeJesqD8ajN3GOgdvopoAnJpM1X+0yH7kB/4E\ncUhe4PaNf1pgWKTt0qsUmb70zD/dGKabdSfmLN9SaAJnmjU4Z1H41EbqLBxub6A0CKMdEUU4ADpT\nAiNw7fciP/AjimmS4PTYo/M1LTfWgREUlblpT+HFIYEPXLfU1KWAppYYoAYsaA/dFKcCk3U0tigB\n3FNJ603d70wt70wHEimFs01pAOpAqBrqJTy4/ClcCYtzimsetVHvoweMmoWvz/Cv5mi4F8tTC3vW\nc15K3QgfhUTSu3VyfxouFjTaRQOTiojcRj+L8qz8n1pKLhYum7QdATUbXZ7L+ZqtRSCxK1xIehx9\nKYZHbqxP402igYUUUUAFFFFABRRRQAUUUUAFFFFABRRRQAUUUUAFFFFABRRRQAUUUUAFFFFABRRR\nQAUUUUAFFFFABRRRQAUUUUAFFFFABRRRQAUUUUAFFFFABRRRQAUUUUAFFFFABRRRQAUqnBBpKUUA\nd/FdStFb7Is7lHLNjPGf6VxF+xbULgsACZWJx9a6uzvrdLCy8yVQVXkenykVyV46yXs7ocq0jEfT\nNRHdlM7dpFe3t+GJMOQAM8kDB/nU9++2FT23gfnxVeEudNtjGQCYVzn/AHRSamGfT1G47ty5I+tJ\nbgOLH7I3scfyqrBcoZiA6/Kw/LApyR/uCdzfLgYz9KrW0KpM/wAo5cY+nFaokW+uljmTblsvn5e4\n5FW4Zwse0IzEE9OnWqt3GhlHYKwIH4Vbt/8AUrmh7AKZpj92ID6tTd1y38aL9FzUmaTNSBGY5G+/\nM5HtxSfZ4z1Bb6nNSbqQtQAixRr0UUowKZvpN9MCQ0maiL0nmCgCXPWmlgKiMoxzUT3Ua9XX86AL\nBamb+faqL6jAvRs/Sq76sgGFUn8aLgaheo/M4rHfVXIO1QKrtfzH+Ij6UAbzSAck4qF7qNM5cVgt\nPI3Vj+dMLE9zQBtPqEI/iJ+gqB9UHO1TWXmkoAuvqMp+6APwqFrqZurmoKKAHF2bqSaTNJRQAUUU\nUAFFFFABRRRQAUUUUAFFFFABRRRQAUUUUAFFFFABRRRQAUUUUAFFFFABRRRQAUUUUAFFFFABRRRQ\nAUUUUAFFFFABRRRQAUUUUAFFFFABRRRQAUUUUAFFFFABRRRQAUUUUAFFFFABRRRQAUUUUAFFFFAB\nSikooAk81sAZ4FMoooA7aEq2kWmQzfuk4X/dqxIoNoEQ8YGDVCxdm0m3CNg7AM1YVysADNnHesyi\nRFCxbTznrUaRIjbgOfUmmNcKucsB9TUEmoQL/wAtB+FVcVi24UnJAoLgCsyTV4R0yaqvrQ52p+Zo\nCxuGT3phkrn31iU/dwPwqs2oTt1c0AdO0yjqcfWoXvIVHMij8a5hrmRurH86YZGJ5JpgdE+pwLn5\ns/Sq76xGPuqfzrDyaKBGo+sSH7qqKgk1Od84bFUaKAJ2upX6uT+NRl2PU0yimAuTSUUUAFFFFABR\nRRQAUUUUAFFFFABRRRQAUUUUAFFFFABRRRQAUUUUAFFFFABRRRQAUUUUAFFFFABRRRQAUUUUAFFF\nFABRRRQAUUUUAFFFFABRRRQAUUUUAFFFFABRRRQAUUUUAFFFFABRRRQAUUUUAFFFFABRRRQAUUUU\nAFFFFABRRRQAUUUUAFFFFABRRRQAUUUUAX4dTmit1iU4CjApkmoTuOXb86p0UuVDuStO7dSfzphd\nj3ptFAhcmikopgFFFFABRRRQAUUUUAFFFFABRRRQAUUUUAFFFFABRRRQAUUUUAFFFFABRRRQAUUU\nUAFFFFABRRRQAUUUUAFFFFABRRRQAUUUUAFFFFABRRRQAUUUUAFFFFABRRRQAUUUUAFFFFABRRRQ\nAUUUUAFFFFABRRRQAUUUUAFFFFABRRRQAUUUUAFFFFABRRRQAUUUUAFFFFABRRRQAUUUUAFFFFAB\nRRRQAUUUUAFFFFABRRRQAUUUUAFFFFABRRRQAUUUUAFFFFABRRRQAUUUUAFFFFABRRRQAUUUUAFF\nFFABRRRQAUUUUAFFFFABRRRQAUUUUAFFFFABRRRQAUUUUAFFFFABRRRQAUUUUAFFFFABRRRQAUUU\nUAFFFFABRRRQAUUUUAFFFFABRRRQAUUUUAFFFFABRRRQAUUUUAFFFFABRRRQAUUUUAFFFFABRRRQ\nAUUUUAFFFFABRRRQAUUUUAFFFFABRRRQAUUUUAFFFFABS0lFABRRRQAUUUUAFFFFABRRRQAUUUUA\nFFFFABRRRQAUUUUAFFFFABRRRQAUUUUAFFFFABRRRQAUUUUAFFFFABRRRQAUUUUAFFFFABRRRQAU\nUUUAFFFFABRRRQAUUUUAFFFFABRRRQAUUUUAFFFFABRRRQAUUUUAFFFFABRRRQAUUUUAFFFFABRR\nRQAUUUUAFFFFABRRRQAUUUUAFFFFABRRRQAUUUUAFFFFABRRRQAUUUUAFFFFABRRRQAUUUUAFFFF\nABRRRQAUUUUAFFFFABRRRQAUUUUAFFFFABRRRQAUUUUAFFFFABRRRQAUUUUAFFFFABRRRQAUUUUA\nFFFFABRRRQAUUUUAFFFFABRRRQAUUUUAFFFFABRRRQAUUUUAFFFFABRRRQAUUUUAFFFFABRRRQAU\nUUUAFFFFABRRRQAUUUUAFFFFABRRRQAUUUUAFFFFABRRRQAUUUUAFFFFABRRRQAUUUUAFFFFABRR\nRQAUUUUAFFFFABRRRQAUUUUAFFFFABRRRQAUUUUAFFFFABRRRQAUUuKMUAJRS4ooASinUhoASiii\ngAooooAKKKKACloooASiiigAooooAKKKKACiiigAooooAKKKKACiiigAooooAKKKKACiiigAoooo\nAKKKKACiiigAooooAKKKKACiiigAooooAKKKKACiiigAooooAKKKKACiiigAooooAKKKKACiiigA\nooooAKKKKACiiigAooooAKKKKACiiigAooooAKKKKACiiigAooooAKKKKAHKKWhelFACGkpaKACi\niigAooooAKQ0tIaAEoopcUAJS0UUAFFFFABRRRQAlFFFABRRRQAUUUUAFFFFABRRRQAUUUUAFFFF\nABRRRQAUUUUAFFFFABRRRQAUUUUAFFFFABRRRQAUUUUAFFFFABRRRQAUUUUAFFFFABRRRQAUUUUA\nFFFFABRRRQAUUUUAFFFFABRRRQAUUUUAFFFFABRRRQAUUUUAFFFFABRRRQAUUUUAFFFFABRRRQAU\nUUo60APpDS01qACgUlFAC0UUUAFFFFABRjNFLQAAUh606mnrQAlFFFABRRRQAUUUUAJRRRQAUUUU\nAFFFFABRRRQAUUUUAFFFFABRRRQAUUUUAFFFFABRRRQAUUUUAFFFFABRRRQAUUUUAFFFFABRRRQA\nUUUUAFFFFABRRRQAUUUUAFFFFABRRRQAUUUUAFFFFABRRRQAUUUUAFFFFABRRRQAUUUUAFFFFABR\nRRQAUUUUAFFFFABRRRQAUUUUAFOXrTaclADqaetOptABSUtFABRRRQAUCjFLQAUUUUALTT1p1NPW\ngBKKKKACiiigAopKKACiiigAooooAKKKKACiiigAooooAKKKKACiiigAooooAKKKKACiiigAoooo\nAKKKKACiiigAooooAKKKKACiiigAooooAKKKKACiiigAooooAKKKKACiiigAooooAKKKKACiiigA\nooooAKKKKACiiigAooooAKKKKACiiigAooooAKKKKACiinBc0ANop+2mkUAJT06U2nrQAUlONNoA\nKKKKACiikoAWiiigAooooAWmnrThTW60AJRRSUALSUUUAFFFFAH/2Q==\n', '', '', '', '', '', '', '', '', 'Y', 0, '2019-09-21 15:41:12');
INSERT INTO `processacitvity` (`id`, `stationid`, `activityid`, `activitytype`, `outputcheckbox`, `outputnumber`, `outputobservationtext`, `outputobservationImage`, `outputfumigationchemicalid`, `outputfumigationchemicaldai`, `outputfumigationchemicalconsumption`, `correcticeactionnumber`, `correcticeactionimage`, `correcticeactionrootcase`, `correcticeactioncorrection`, `correcticeactionupdate`, `activestatus`, `createdby`, `createddate`) VALUES
(201, 29, 55, 'Correctice Action', '', '', '', '', '', '', '', '4', '/9j/4AAQSkZJRgABAQAAAQABAAD/2wBDABALDA4MChAODQ4SERATGCgaGBYWGDEjJR0oOjM9PDkz\nODdASFxOQERXRTc4UG1RV19iZ2hnPk1xeXBkeFxlZ2P/2wBDARESEhgVGC8aGi9jQjhCY2NjY2Nj\nY2NjY2NjY2NjY2NjY2NjY2NjY2NjY2NjY2NjY2NjY2NjY2NjY2NjY2NjY2P/wAARCAUAAtADASIA\nAhEBAxEB/8QAHwAAAQUBAQEBAQEAAAAAAAAAAAECAwQFBgcICQoL/8QAtRAAAgEDAwIEAwUFBAQA\nAAF9AQIDAAQRBRIhMUEGE1FhByJxFDKBkaEII0KxwRVS0fAkM2JyggkKFhcYGRolJicoKSo0NTY3\nODk6Q0RFRkdISUpTVFVWV1hZWmNkZWZnaGlqc3R1dnd4eXqDhIWGh4iJipKTlJWWl5iZmqKjpKWm\np6ipqrKztLW2t7i5usLDxMXGx8jJytLT1NXW19jZ2uHi4+Tl5ufo6erx8vP09fb3+Pn6/8QAHwEA\nAwEBAQEBAQEBAQAAAAAAAAECAwQFBgcICQoL/8QAtREAAgECBAQDBAcFBAQAAQJ3AAECAxEEBSEx\nBhJBUQdhcRMiMoEIFEKRobHBCSMzUvAVYnLRChYkNOEl8RcYGRomJygpKjU2Nzg5OkNERUZHSElK\nU1RVVldYWVpjZGVmZ2hpanN0dXZ3eHl6goOEhYaHiImKkpOUlZaXmJmaoqOkpaanqKmqsrO0tba3\nuLm6wsPExcbHyMnK0tPU1dbX2Nna4uPk5ebn6Onq8vP09fb3+Pn6/9oADAMBAAIRAxEAPwDz+iii\ngAooFLQAlLSUtABRRRQAUUUUAFFFFABRRRQAUlLSUAFFFFABRRRQAUUUUAFFFFAC0UUlAC0UUUAF\nKKSlFMRJD/rBV0e9Uof9YPrV5a0hsSxQMVNbnEqEdmFRCpI/vD6irZKPRTVuD/Viqfp9KuW/+rFY\ny2NESiiilrIoKKKWmAUUUtACUtFFABRRRQAUUUUAFFFFABRRRQAlFLRQA1u1LSN2+tOoASq5+831\nqzVbufrVREJQaU0lWISilpKACpYR+7FRVNHwgqZAh1FLSVJQUUUUAI33T9K56ZrkXkaxIPKBzIcc\n10D/AOrb6Vy8UeonUSzMvkFzkZHTtVRJZ00Q+QU+mx/cFOqWNGVqXM4HtVHtVzUObg4NUya6obGM\ntxoHzCpjxUS/eFSnpQxoaelJ3paQdazn8LGI2ADnAFNBDD5SD6EGob+NJohFIxVGPODjpS2gCwBV\nJYDoc9a8boBeshmSrN6221kPtUFiDvNSanxZPxXfQ+FF9DCjq7EPes6WbyI9+3POMdK0bdg6Blxg\niuxkW6kGukLo8uehrndGiTyyxRWYnv8AUf8A163fEzbdJ69SK5vTxcraSNEQA3HPXHtUDaXUigQP\nq0ajON4P9a9EUYQCvP8ARo2fWYVP3txz+VegkccVDGiuk6PKUUHjuakJwCap2pje7kMcgYrwQB3q\n4/CNQM8rooopDCiiigApaSloAKKKKACiiigAooooAKKKKACkpaSgAooooAKKKKACiiigAooooAWk\npaSgBaKBRQAUopKWmIfFxIPrV9OaoR/fH1rc0ezF9fC33BdwOCa0jsJlbBxzSx8Ov1rpLzw00Ns8\niyoSozj1rnF4Yduaq9yT0TsPpVu3/wBWKqLyin2FXLf/AFdZS2LRKKWkpazKFooooAKWkpaACiii\ngAooooAKKKKACiiigAooooAKKKKAGt2+tOpD2paACqw7/WrNVl6GqiJhSU6kqxCUUUUAJU6fcFQd\njVhPuD6VMhoWiiioGFJS0UwI5jiFj7VzssN9JfI0M2yHIyvrXQ3H+of6VgwWu7VTObjpwIs//Xq4\niZ0EYwgHpS0L92ioAxr7m5aqrVZvDm4c+9Vm611R2MXuJH96pjUUf3qlNDHEY340KMNS0g71jVdo\nMorXwtmh23TIqH+82Kdb7DCpjACY+XHTFV9UEBVRPGzgHja2MVajC7F2jCgcCvIfwgXrAfePtSas\n2LXA6k1JZDCmodYP+jgD1r0aOyH0MO5jD27DqRUmmFlkClnYHsTwKHJ8o8cipNPT970967klytmb\neqRV8WvizjX1PpWNa3kMVptJOQvYd60/GJ4hGOlZyxrHamIKOFyzY/rWCNA8N/vdaDHuCfxyK7l/\nuN9K4zwjGG1F3x91a7NwxQhcAngZqGNFOzlilZjCm0LweMZNWJf9W30qCxSZFZZtm4E/c6VJcZ8l\nselC3A8vooopDCiiigApaSloAKKKKACiiigAooooAKKKKACg0UlABRRRQAUUUUALSUUUAFFFFAC0\nlLRQAUUUUAFKKKBTEOT74+tdL4YONZh+h/lXNJ94V0nhn/kMwfj/ACqlsxdTtbpgwijJH7xsY9eD\nXAXMJhu5Yj1VyK7C5nZdbtLXkYcv+GDiuf8AEcPlazLxgPhhTgEjr4zmJD6qKu2/+rqhAf8ARof+\nua/yq9bfcqZbDRNS0lLWZQtFApaACiiigAooooAKWkoFABRRS0AJRS0lABRRRQAUUUUAIeopaQ9R\nS0AFVx0qwarDpVxExTSUtJVCEooopgJVhPuj6VBVhfuiokNBRRRUDCiiimBDdnFu/wBKwrKG2OrN\nIrnz1HzL2Ga3LziA/WsjT3t2uysYBlH3yOv41pHYRuDpRSjpSHoazAw7nmd/rUBqaY5lf61Ca61s\nYPcWMfMak7VHF1NSGpZaGmkXoaU0CsK/8NjKN8ZRIvlxbw3BPp71ZX7g+lVrqRhN5cf3yR+A71aX\n7o+leU9hWNCyA8sn3qrrJ+WMds/41ctBiKqGsnMka/WvTpLYroUUUMCp6H0q5axLHnBJz1JNVohV\n2Ec9a6G9CepzPi9t13Eg5OOnrWdL562XkkjCjLeuO1W/FD/8TYHBO0A89/8AOKq3NxELX5GLPIOe\nDgCsxml4MQ+dO/GCAK6qcZiYb9mf4vSud8GJ/o8zY/j/AKCugvAjW7LICykdPWpKRW0xI0ttsbiR\nQeG9aluyRAx5BoskRLdREnlqOi0zUGxCfyojuJnmdFFFIoKKKKAClpKKAFooooAKKKKACiiigAoo\nooAKKKKAEooooAKKKKACiiigAooooAKWkooAUUUUUAFLSUtMByfeFdH4ax/bFv8Aj/KubXqK6Lw6\ncaxb/U/yNUtmT1Os1SHGqafcdg5Q/j0rB8VSCTVto/gQCuqv4hIkT945FYfnXEatJ5urXL9t5A/D\niiA2dnZndZW7esa/yrQtvuVm2H/IPtv+uS/yrStvuH60S2BE1LQKWsigpaSloAKKKKAFpKWkpgFF\nFFIAFLSUUAFFFLQAlFFFAC0lFFACHqKWkP3hS0wA9DVYdKsN901AOlVETCkooqhBSUtJTAQ9Ksjo\nKr1ZHSokNCd6KWipGJRRRQBXvv8Aj3P1qpZwojs4QBm6n1q3eyGOHK4znuM1HbyM2M4/KrWwmWu1\nI33D9KdTZDiNj7VAGFL/AKxvqahNSufmJ96jNdiMGOi6mnngU2IcGlNQy1sIaB0oNA+7XNiXamxk\nRiTez926/hTgORQMkmheoxXlgadt/qRWXq5zcL7CtaAYiH0rK1BoDdESRM5A6h8V61Mp7FeLpV2A\nVVSO1ZiQLgfR6njt0Odk9wPyrVknKa0vm+INrd8ZH64pusBFtUwqrjgYHPb/AOvVPViY9Ul2uzFW\nGGJ5NQXV5Ndkec2QvQAYrMe513hBMabu9WP861NQEhtyY5FQjqz9AKpeF4ymkRcjDDPHbNX7mFbj\nEcilo+pHrUjFtceQoVg/HUHiq+onKCp7VBEhRRhV4A9KraiwBA7VUdwex5vRRRUjCiiigAooooAW\niiigAooooAKKKKACiiigAoopKACiiigAooooAKKKKACiiigBaKKKAAUUUUAFLSUtMBR1rY06cWt5\nDOwJVGyQOtY4rQTgCriSzspPFNnJEy+XNyP7o/xrlWYs7Mf4iTUY6cU7NUo2Fe53um/8g21/65L/\nACrStfun61m6Yc6Za4/55L/KtK1+6aiWxSLFFAoFZFC0UUtABRRRQAUtFFABSUUUAFFFFABRRRQA\nUUUUAFFFLQA09RS0h+8KWmAj/dP0quOlWH+4fpVcdKqImFFFFUIKSlpKYAKs1WHUfWrNRIaCkpaK\nkYlLRRQBS1H/AFS/Wq+nzCV2UfwHGasakcRrgZPp61T0VppFZ541jJOABnoOOatbEmvUc3+qb6VJ\nUVxxA/0qVuMw260009qjNdZiPi6GnH6U2PpTjUMpbDTSjpTT1pc8c1yYp+4Mzk3Ne7/Mz/s8cVfX\nrUEdrEk7TjcWIwMnp9KsJy+K89ayQampGP3YFYd8Qb1+9byDCj6Vz1zzdt/vc16tPcb2JIu1XI+E\nJ6cVTi68CredsLH0FaMSPP7/APe6hOWOPmNVnTaAc9a0LKBbq/laUZUMSR17n/CotVgSC4ITgHsa\ngZ22gIU0mAHrtFTXtit5tDTSR7f7hxT9OXZYxDjGKmNQMit4BbwiNWZgO7dTWdqg3ZX1rVNZV9zK\nR+FXDcUtjz2iiioKClpKKAClpKKAFooooAKKKKACiiigAooooAKKKKAEooooAKKKKACiiigAoooo\nAKWiigAooooAKWkpaYCitBPuj6Vnir8f3B9KuBLJeacKaKUVoSd5pP8AyCbX/cFalt901k6Kc6Rb\nf7v9a1rXoaylsWixQKKKyKFooooAWiiigAooooAKKKWgBKKKKACiiloASiig0AFLSUUAIfvClpD9\n6lpgI/3D9KgHSpn+4fpUI6VURCUUUVQhKKKKYCr1H1qxVdfvD61YqJDQUUUVIwooooAz9Vz5fDBT\njqe1Q6NA0EbRvMZSD94mm69bC8WOJnKAHdkU7RII7a3McUhkAJyx9c1p9kk1Khuz/o71PVa+OLdq\niO43sY7dKjNSNUbV1mBLH92g0IPkFBqGaIYaGPyH6UvWmTozx4Q4btXFi/hSApRTXzS4lt0SPJwR\n1x+dX4RmQfUVRhivWkDXToEXoqY5PvWhbjMg+tccfjQI1Okf0Fc45/0h/wDeropDiNvpXN/eaQjv\nnBr1KZTKaf2k+oDa22EtyARwMVuXB2WEpJ6J1rFsrOVbo3JkZsseCefatXU5BFpUz84C1ciUcVpr\nyrdM6RGXjLLnH+etMuHkutQBlXaWcDaO3NW9GmjjDBjg7v8AP8jUKMtzrUWzlTKvPrzmo6DO/tht\nt4x/s1z994jePUfIiC+SrYZiM1t3Mot9PZicYSuKa2iMLyMzl259AKlK472O6jk3oG7EVkXxJd9p\nwQOM1e07d9hjLYzt5rL1AgrIScZq4bky1OHooorMsKKKKACiiigApaKKACiiigAooooAKKKKACii\nigBKKKKACiiigAooooAKKKKAFooooAKKKKAAUtJS0wFFX4vuD6VnitCDlF+lXAlkw6Uo61YSymZd\nwQ889KieNon2sMGrJO10PnR7f6H+da1t3rH8P/8AIHh59f51sWv8VZy2LRZoooFZFC0UUUALRRRQ\nAUUUUAFFFFABRRRQAUUUUAFFFFABRRRQAn8VLSfxUtMBsn3DUPapZfuGou1VEQUlFFUISiiimAqf\nfFWKrp98VYrOQ0FFFFIYUUUUAYfiNbiSNEtyQTy5HXbVjREiSyRYU2oB0qPWHlQloIxJIMYU1Lor\nzyW5a4iETZ+6K06EmjVXUDiA1aqnqR/cj61MdwexlGoz0NPNNrqMSZeFFIaUfdFIazNENxTZHEaF\nm6Cnd6iuiBAxK7uPu+tcWL6ICG3vIblysLhiBzV+1GZBWdp6RBGeOIISeQK0rMfvQa5aaXtENF2c\n4hc+1c6h+8RXQXhxbOfaufQEq2372OPrXqU9gZDYXM89yYfIKRoeWJ61b19tmjTe4qDS3YBVYDf/\nABY70eKX26TjPJYCnISMLR7aKSB3li3Z6H25/wAKg0+If27GiDhWOAPYUtibsWT+UAI+eT1PsP1/\nOn+HEMmsru5IBP41L2Gjs9UXOnyr7VxZnWQCJA3mOQvI4Gf/ANdd7NGJYmQ9GFYFj4fMN+Z5ceWp\nyo7k0kNmvAvl2ir6LWJqBPlttTexPArfmJEbVzF/LdLIPIg8wDqauBEjkqKKKyNAooooAKKKKAFo\noooAKKKKACiiigAooooAKKKKAEooooAKKKKACiiigAooooAWikpaACiiigApaQUopiAVfg+4lUKv\n2/8Aq1q4CZ6RYtC0CKoTIUcba5vxWgXUY2VQNyc4Fb2mxhRDJnO+P8qxvFwH2qD/AHDS0U9BRu4+\n9uanh850aD6t/M1s2vU1jeHv+QND9W/ma2LXqaJbDRaooFLWRYUUUUALRSUtABRRRQAUUUCgAooo\noAKKKKACiiigAooooAT+KlpP4qWgBkn+rNRVLL/qzUVXETEoooqhCUUUUwHR/fFT1BF98VPWbGFF\nFFIYUUUdqAMDXb42twqRJvnk4QHoPc1pacrpbKJWDPgbiO5qjqogMzG4KKvTcxxj8avaaUNqvlvv\nXHBznNaPYkt1R1M/Io96vVn6n0UUofED2M3tTaU5pvUgdq6TEnxxSGl7UhrM0G9DUN2HNu3ljL9q\nmHWq2oAGEAsVGc8VwYp+8gEtElWEefjeeSF6Vo2Q/efSqFpg264OeOtaNiOSfasKPxjQ/Ujizf34\nrFQccHnNa+qHFqfesmLrXp09hsWzs/KunmLkhsYGeBVPxc+LGNfVuK14etYXjJsJAvof8aciUUbJ\nVkt4y08CkLgKZBk/5xT/AAzGV1tvnV8AgsvOcmoPsEA08uyneB1/z9Ku+DFJupm9h/Wpew0deaQn\nmnHpTTUDILk4hYe1c5frNIAsEnl56k10N7xCa5+8idyNrhR3z3rWGxMjj6KKKyLCiiigBc/KB6Ul\nFFABS0UUAFFFFABRRRQAUUUUAFFFFACUUUUAFFFFABRRRQAUUUUALRRRQAUUUUAFLSUUwFq9bn92\ntURV23/1Qq4bks9D06QGO2QHJVMH8qzPF0f+ol567a1NJiH2SCbPVM1n+LiPs0Azzv8A6GobXOrB\nBS5XzFnw4SdIQHsxH61tW3U1heGDnSj7SGt22+8aqWwIsilpKWsixaKKKAClpKWgAooooAKKKKAC\niiigAooooAKKKKACiiigBP4qWkH3jS0AMl+5UVSy/cqKriJiUUtJVCEoooNMB0X3/wAKnqCL7/4V\nNWbGhaKKKQwpKWigRzuuSW6t/pMbSKW4C/jWppQRbULEu1BwBWdqE4iuABF5kjvhQe3vWxartiAw\nB64rR7C6ktZ2qH5lHtWjWZqZ/ege1KG4S2KB+lIPvChqF5YV0mSJT0pppxpprMsQdaSRFZcMoI9x\nSjrVDVmkSMGO4SEnjLYrzsVrNIC5gBcL0HQVesOhrJ09ne1VnlWRu7Doa2LEfITWdBe8NEOrkfZw\nM96y4q0NZIAQe9YyyXTXBSGKPaP4nbFepTWgSNaEdK5vxi265hTvityygkil3SOjM3J2tkVz3isi\nTVI484I4z9cUpbgiK4F9JaMgQeWByRjnr/jWj4KX5J2x0bH6D/Gs29Se3sTi9kkU9VyeP85FbPg2\nMCyd8feY1Mho6M02hmAOD1NBqBlS/P7oD1rn7uOZ5V2ziNM5Kjqa3dQOAorn7mASyFwzA9j6elbQ\n2M5bnKUUUViaBRRRQAUUUUALRRRQAUUUUAFFFFABRRRQAUUUUAJRRRQAUUUUAFFFFABRRRQAUUUt\nABRSUtABS0lLTAKu23+rFUhVy2/1Yqobks1rfVr23iWKKbCL0yAaS71C5vAouH3BenaqS08VfKtx\nczOv8Lc6a+B0kP8AIVvW3DGsbwcSNOl/66f0FdCORWUn0KQ6jvSClFQULRRRQAUtJS0AFFFFABRR\nRQAUUUUAFFFFABRRRQAUUUUAIOppaaOpp1AEc33fxqOpJfuj61HVxEwpKWkNUISmk0pNRM1NATQn\n5jU4NU4m+Y1aQ1MkNElFIKWoGFJS0h6GgRzuoNF9qXfMI5d3yc9eea3LZg0IIORjrWDfS2Ud2n2s\nZcn5OCcflW9aqqwKFGFxxWkthIlrK1L/AF34Vq1kagc3Bop7ilsUz1oT74oNLH9+tzNEpphp5phq\nCwHeszU5E86OJrUz7j68CtMVQvGu1uU+zlQh+/k15uIf70L2LMMaxxhEUKAOg7VqWf8AqzWcM4Ge\ntaVqP3IqcPuykZ+sn54xisiQYAIHXrWnq5P2hR7VledBwGZ2bH3Y0LV6tJ2M5q6NWxA+U+1cr4gm\nxr24jhcdK6nTZBJHlYmjUcDceTXJ34Fxr0obJVTz+VRP4io6Ii1G9+0xBI4mVB1Lf5+ldT4TjKaS\npPUnP61zM07Tw3CuBtjyFx/n2rrPDi7dHgPqoNQxo0HyZFwoI9fSlNVbq5WG6iUpIxbgFRwPrVrt\nUlGfqB+YCsSeYLJ5MSmSQnJUdB9TWtqfzMQCQcdR2rDhmWKQolu4UnmRv4jW8djKRzFFFFYGoUUU\nUAAooooAWiiigAooooAKKKKACiiigAooooAKSiigAooooAKKKKACiiigAoopaACiiigApaSloABV\ny1/1dU6uWv3D9auO5LLIpw60wU8dK1IOy8HH/iXTc/8ALQ/yFdGv3a5rwaf9CnGed/8AQV0URPIY\ng49K55bmq2JBSikFLUjFooooAKWkpaACiiigAooooAKKKKACiiigAooooAKKKKAGj7xp1IOppaYE\ncv3R9ajp83QfWmVURMKQmikNUIY5qu7VNIeKW2gilQtIm459TTvZAQRP8xq3Ec077Jb/APPMj6Ma\nasaxylVzj3Oam9wLApaQdKWoGFI33T9KKbJwjfShAYxjjeUl4kcg8FhnFbEf3BWFslfUEIm2xfxI\nP4q3k+6KuQkOrFvTm5atqsO6ObhqqluKexA1Ef3qDSxda2ZmtyQ0w080w1BYL0rOuAv21Tltx4AF\naI6VSd5ftYwBsry6z/eMC2vUVp24xCKzB1rViGIwBTw3UpGLqhJvMdsVDawpEcoACep70+/Ob1qW\nHtXpR2J6lyPhCc9q4W4uVh1eeQqWUkqQPr/9au4JKwuR12muAaEz3Uzb1Ubz8xPHWp3Y9iW5voHg\naOGJlLkkk13Okrs0+IDpgY+lef3Fm8Lxq3IkPBFei2QxZxD/AGamQ0RzRs9yG8wKi8kdzVgHK8VV\nmuYopGjdwHY4AJ61YXhBmpGZV/zI+PSsdZ5ZZRH5BVAeX7VqX7EF8dTwDWdCTGQrvuY810R2Mnuc\nnRRRXOahRRRQAUUUUALRSUtABRRRQAUUUUAFFFFABRRRQAlFLSUAFFFFABRRRQAUUUUAFLSUtABR\nRRQAUtJS0AFW7X7pqpVu0+6frVx3JZZWnimKM08DitSTrvBh/cXAz3FdFBxnAbk/xHNc14Kzi6Hb\n5f6100WcsC26ueW7NFsSilpBS1IxaKBRQAUtJRQAtFFFABRRRQAUUUUAFFFFABRRRQAUUUUANHU0\n6mjqaWgCOb+GmU+bqtMNXEQlIaWkNUIhl6VPZf6jPuary1NbNttd2M96JbAizUJ/1xqOyujdIWZN\npFP/AOW7VCGTDpTqaOlLSAWo5uIm+lPpk/8AqXx6UIDn4YoX1YygMZRwT2x/kiuiX7orOt4drZ24\nJ6mtFelXISCsO4P79z71uNwpNYMp/eP9aqkKZHToh1php8XQ1szNDjTT0px6Go1YMMjpUFjx0qh9\nnxfeaZiwxxHnp71eqpHYwRXL3C7vMfrk8V5FV+/IZZUZatVOEFZkQzIPrWn0T8K2w+zGjBulc3Tk\nRyEZ6hTRHIFPzhh9VNDzy/aHHmyDnoGNWIp5SP8AWv8A99V6C2JI57yBbSU7+dvTBrlrG2SZFLH7\nz5+vNdXqkpTS52ZjgLnmuT03Ura2RRPvyOcgZH86lOw3qW9fRRqdlGuOo4/EV18I2woPYVwv2xdQ\n1+CRVwgbC568ZNd2vCDk8D1qGNDGiieQSNGrOOjGlbpWZDNt1AiaaTkkRxgcfWtGXhG+lAzEvWRQ\n7v0FZto8Fw7Sxqwbp81XrwFwePU1VtyzyM2wqvqe9boyZydFFFc5qFFFFABRRRQAtFJS0AFFFFAB\nRRRQAUUUUAFFFFABSUtJQAUUUUAFFFFABRRRQAoopKWgAooooAKKKKBCirVr0NVRVm0/iq47iexs\n6fp816rNEoO04PzAVY1PSpLJBJwyYGSvQE1FpNnDeeYskoRlG7lc8VY1O2j+yx3IvROPupkHJ+lV\nfWwraGp4LPN0MdhXTQkbmwpH1Fcx4L/1lz9F/rXTRK28kuxGOmBWct2UticUopBS1BQtFFAoAKWk\npaACiiigAooooAKKKKACiiigAooooAKKKKAEXvS0i96WgCKXqtMp0vUU2tFsISmmnU00xEEvSrFs\nM2g5xkdarzdDUy7Bp/7w4TbyaJbAhLCJUR2WVZAzZBXkVIP9c1V9I+zGBzaZMW7jNWF5lb61CGTC\nlpB0paQwqK5YrA5BIOOtS1Be8Wz0LcRWtpHYgM7H6mr46VnWorRHSrkJCP8Acb6Vgyffb61uynEb\nfSsFj8xq6RMxhp8f3TUbVLF92tWRHcimuAjiNVLu38I/rTgAowKimijMpcgh8jkfyqaoLEkkSKMv\nIdqr1NVbW5kumMgjKQ/wlhy3vViZUaPDgMo6g1QsZrVp3W2kJ/2QOB9K8eerYzUg/wBYPrWk/EZ+\nlZ1sP3oq/OcQsfaunDr3Ro588ysfc1NbyrI5RTyvWq6tgs2M+1GlOZS8hi8vJ4BOc13Ek2uNt0ef\nPcYrggCc4BOK7bxQ23SD7kD9a5y0UJYOWx83PPWoGM8Pp5mrw+gyTXobDKke1cH4UUtqw46If5iu\n6kcIhYkADqaljRRht7prkzTMix/wooOSPerVwcRN9Kjtr2C6ZhC4fb1wDS3hxA30oWrHsYF6XIAj\ncKc9TUdqZCpMhyfanXqJIPmlMYHUj0os1jVQI3Lgnqe9bmRx9FFFc5qFFFFABRRRQAtFFFABRRRQ\nAUUUUAFFFFABRRRQAUlLSUAFFFFABRRRQAUUUUAFLSUtABRRRQAUUUtAAKs2nU1WFWbT7xq47ks3\n9AGbibj/AJZNUl2T/YlqD/fNV9Hu4LSSRp9/zLgbVzVm9urGSwEMEspZWJXdHjqap7gtjS8Gf665\n+g/rXURFQzD+LNcp4MbF1OPVBXVopaQk8AHis5blLYmFLSClqBi0UUUAFFFFAC0UUUAFFFFABRRR\nQAUUUUAFFFFABRRRQAi96WmrTqAIZfvCmU+X74+lMrRbCCmmnU00xFeboasggWPK7/l+761VnPBq\n0Q/2MeXgsBwDRIEN0/P2cboVibPKinR/6xj70WYl8kGcKJG5IXoKIvvN9ahDZOOlLSClpDCq9/8A\n8exqxVXUDi3PNOO4iraSJv271z6ZrUrm9IsrE3zTwOWdSS2D3NdHVSEhk/ELfSsE9a3Lo/6O/wBK\nwyOaulsTMa3WpI/uVEamT7mK0ZKKl1apcSBt7gqR0NWBwoFV5bctcCXznXsFHSrAqXsUNnbbExC7\njjp61S0+Ijc8kKRynrt9Kl1GOSSD93OIMclicUzTkZLf5pxOSc7wc5rxnswNG0GZRVu8IFq5PpVa\nyH7zNTal/wAebj1rsw/wopbGCW2RM2MkDp61LpUss8ZkmTYSeBioZDItu5hwZMfLmrWmibyV+0H9\n53rtZJR8XNjTkGerCuOy2DycV1fjFx5UKe+az47eEW/lbVYDJ3etZjJPB6br+Q+ij+tdlNIkUbPI\nflHXjNcx4SjUXV0V6Bsfl/8ArrpbkMYTsOGHTNSxkNm0UqGWKMIH6Hbgmi9OIaLSdpkIkTY68Ec0\ny/P7sDuaI7gzCuB5kxjwdmMmpLZMFQBjkcVUvp7qKYGJU29OeavWeWeMyfePWt+hmcTRRRXOai0U\nlLQAUlFFAC0UlFAC0UUUAFFFFABRRRQAUUUUAFJS0lABRRRQAUUUUAFFLSUAFLSUtABRRQKAClpK\nWgAqxa/fP0qvVi0/1n4VUdxMurTh0pFFPArYg6DwgcX03qY/6110WQx3fe+tcj4Q41J/eM/zFdaA\nxm4Y4HUVhPctbE4paQUtQULRRRSAKKKKYC0UUUAFFFFABRRRQAUUUUAFJS0goAWiiigBFpaRelLQ\nBDL98fSm06X7/wCFMrRbCEpDTqa1UIrT9DU92qPYFJJDGhGC2cYqvNU+oSRRaeTNGZEwAVHelIEM\n0yOFIz5E3mqOM7s1Yi6n61HpqwLZKbZNkbcgU+Hp+NShk46UtAoqBhVPUji39auVm67cra2fnEFt\np4A7mqjuIp6K0ochrTydzE5z1963ayNDaaWLzZyu5zkKo4UelbFOQIr3hxbtWKa2L8/6O1YxPNa0\ntjOY01Mv3RUJqYfdq2KJTEf+mmR1JP8ACc8AVZHWqomk+1eWYXx/fyMVaFRLZlEF8yLbMZI2kXuo\nGc1Fp+w2wMaeWpPCmpb55Y4cwqGf3OBSWgf7OvmY3HrivFfwjNCwHzZpdVOLQ+9LYjg+1RauR5Cj\n3r0KC91D6GLcrvtSDL5QP8fpV3TAFt1VZBJj+INnNVJ4UuIfKkGVarmmW6W1uscfCiupkmH4xP76\nFQe3QVQT7THaeWJ4lyv3QPmx+VWfFUm3VE77ADiqbXECIZBHL5rLjnG2pQ2bng2MrBMSDy/et+4j\neWMor7N3BbrxWN4QX/iXFuu4n+ZrXu5pokzBB5x9C4X+dZjC3torZCkQIB5JJySfrVbUCPlGas27\nySRBpY/Lc9V3bsfiKp6gf3g+lVHcHsZckIacSNzgccVYteZcj0rOmsInm8zL7vdq0rXgsR0A6Vq9\niFucJRRRWBoFFFFABRRRQAUtJS0AFFFFABRRRQAUUUUAFFFFABSUtJQAUUUUAFFFFAC0lFFABS0l\nLQAUUUUAFLSUUAKK1vD9g2oXhiUgELnmskV0fgo/8TVv9z+tO9hGwPC8+OGjP/AqP+EZuv7q/g4r\nqUqQU+dhYwdD0e4sL3zZUIUqRnIPpW4CRN8qtg9eKeKahPmHnj0qW7jRMKWkFLUDFopKWmAUUUUA\nLRSUtABRRRQAUUUUAFFFFABSUUUALSUtJQAL0paRelLQBBJ/rPwpKWT/AFhptaLYkKaelOprVQFW\nXr+NWruOSS2VYgpbjqB0qrJ94fUVavFumtwLR1ST1YVMgQ+3Ty7YKTkgcmkh6U6FXS2CucuByfem\nw9KlDJxRRRUjCqGqOqxgucKOTV+szWCfL+VN7Y4X1qo7iIdDltZA/wBkOUzzgEc/jWxWRoiuq4aB\nIc8kJWvTluCKmon9x+NZJ6Vq6kf3IHqayT1ransZy3G96m/hqHvUzfdP0qmKJUhmkeUq0TKB0Ynr\nVkUxWDMQD0pw61lUdoMop6m8axDzWKqT1HrU1vgQLtPGOKldFf76hvYikzkV4zelhl6yGFNVdZPy\noPerdl/qs1S1hv3iL+NenSWiH0Mq6kmRYxCASTg57CtW0BCANwR1xWNexiSSFfOEeDnG7BNbduMI\nPpXQyUchrZWTXSH5UD/GmzXSSW8qEBtg4Y89ulM1NDca5MucBSMken+TTLyzjS3MkTnb/dJqBnU+\nGECaRGVGNwzUmrJbyyRRTwySbuhQ4C/WpNETy9LhTGMKB0pNQlihmRpp8A/djUZZqnqVYswQpBAs\ncQwijABOaz78kykD0rTU7owcEcdDWVdnMzY/CrhuSzEjku/tOwtGUz2HNa0BCxSH0FUk8qGQoCTI\n/J+lXBlbKVvqatkrc4WiiisDQKKKKACiiigApaSloAKKKKACiiigAooooAKKKKACkpaSgAooooAK\nKKKACiiigApaSloAKKKKACiilpgArofBhxrH1jP8xXPCt7wgcaynupoA9GTpTx/nioHfy4yx7Clt\nrlJUGWRXP8IkDH9KkZYFMRVSU4VgT3LcU/v/APWpp3GUAMOO2OaBEwpRSClFSMKWkpaYBRRRSAWi\nkpaYBRRRQAUUUUAFFFFACUUUUAFFFB6UAIvSloXpS0AQP/rDTTTn/wBY1NrREsKa1LSN0poCs/3x\n9RUmqvGlsPNcqvsM1Gf9av1qXUjKY0WGFJTuyd54AFKQInj4tRjptoh+7TicwZ6cU2H7oqUMmFFA\noqRhWTrUjxRs8eN4XjPTNa1Y+szGEFxEZcDGwd6qO4mT6QCLVS0plYjJc9zWhWdo7boABEY8D7pr\nRoluCKOpn5FHvWWa0tUP3azTW9P4TKW40dalk4QnrgVGuS4p82BExPTvVMIlPT8lHPl+Wdx4Jzmr\nY61FbKiR4TOPephWFd2psoo6jEshRmnMW05HTBqyv3R9Koag0BvIo5LdpG6hhnA/KtEcYryXshmj\naDEVZmrHNyo9BWpbD9wKyNTOb3HtXqUxvYoyxW8k8ZmkAdT8q+ta8Y2oT6CsKdrRdRjMsjedj5VA\nyB+lbgOIGY8fLWrEjhbuZ01S4dBk7iDVd5pDCYsH5mzkn+VTpEs95OHlWMljjJwDzS3NoILuBBMs\nu5h90571PQOp3mnrtsoxntVG/cRX8bQN5lwePLVckD3PatK3GIEx6VVltZBdefBJjd98H+lQii0C\ndgzwcc1i3gLM4VipPf0rZbhTWHdtL83kqHfPAPStIEyKkdusTcEux5Lt1NWrg7NNc+tU7aW4kYie\nJEK/3TmrWoEjTgB3xVslHFUUUVgaBRRRQAUUUUAFFFFAC0UUUAFFFFABRRRQAUUUUAFJS0lABRRR\nQAUUUUAFFFFABRRSigBKWiigApaSimAora8KtjW4R65/lWKK1/DBxrUH4/yoA9Fus+Rx6ipBDH5Y\nbyYwRgg7Bn+VKU3oVPcVHb6fBGAWjQuDkFSakC56UxTmX7pHvinig5ZsdBQMkFLTR1pwqQClFJRQ\nAtFFFABS9qSgUAFFFLQAUlLRTAKKSloASiiigApD0paQ9DQAq9KWmr0paAIW++1JQ332+tJWiJCm\nN0p9MboapAVx/r0+tN1G3u2uFkjvlhjOF2HHNPTm4T60+/8As/mx+eeR9we9TLcaLTDbBjrgYpIv\nuiiTiD8BSxfdqegElFFFSMDWNrHnFiLbb5vGN3StmsfUpooZi0r7F6Zq47iZZ0pZ1tV+0MrSHrtH\nFXqrWRBgUg5B5BqzSluCM3VD86j2rONX9TP70CqBroh8JlLcVPvU6YgRtuOBTI/vUs+DEwJwPWhj\niMgVVTg7s85qUVDbgCIYYN7ipR0rnxD/AHbKK0kErXHmCQBP7tTjr2qnPqQiuPK8iZ+cblUY/nVu\nPLYPTNeXZ3VwNWEYiFYl+d141bkfEYrAuDm8c+9erT3G9iohRr1t8QBUjDY61qzPixkY/wB2s97e\naaWNkbaFIJ9x6Vc1FtmlzH0WtJEo5DTLeOd5ZJF3e2ajjiH9sIi9N/rRp0TENJ5wiUdCR1NO02Nj\nrkYYliGJJPfioew+p6AnES57AVXinaSVkYAY9KsHhD9KqW3M0h24yevrUlk8v3G+lYN1N5QyFLEn\npW5cNiJjXO3pXK5Yj6CtIESHRkMu7GM0urti1RRwTRCAqqozj3putHCxj0rTqStjj6KKK5zQKKKK\nACiiigAooooAWiiigAooooAKKKKACiiigApKWkoAKKKKACiiigBaSiigApaSloAKKKKACiilpgFa\nvh041m3+uKyhWjoRxq9t0+/3oA9SSpB/nmo06VIKkY6mqT5mW6dqd2prq24FWA56UAS06minVIBS\n0lFAC0UUUAFFFFABRRRQAUUUUwClpKKACiiigAoPSig9KAAdKKB0ooAgP3m+tJSn7zfWkrREiU1+\nlRrPvnMaKxC/ebHGfSpH6VQiGL/j5T61eeOOQguisVORntVGDm6Wi9eRLuIrIVXpt9aiW5SLk/8A\nqzRGOKJ/9X+NLH0pdAH0UUVIwrA1d3WddluZsuMj0HrW/WLdRtNd4DlVU8471cRM07XPlKSMHHSp\nqitxtjA9BUpqXuCMnUebj8KpGrd+c3DfSqh6V0w2Mpbixfept4HMJEYBb0NOi6mm3TMqAopY+gND\n3HEIV2RKpxkelSD7uaYmfLGetO/hrlxXwFFICf7WQwQQjkHuTVyMZcfWs62eNr1wu4uPvZ7VpQD9\n4Metecl7yQI0+kf4VzshzcOfeuhk4ib6VzhP71ifU161MbLcQwBUOusE0ebJx8pFSwlT0Iqp4mO3\nSGHqachI5mwY/Z2zDJIB029qm8Pgza2pbryfpSabHJ5ZY3UaIQRsMmKteG4/+JzLypwM5B45pPYE\ndjJjYQeh4qpp6oqvt3ctk7jVqZS0ZC4DEcVXs42jjId97Z5IGKgoW7OIG5rn7tdzj5wn1Fbt+f3O\nPWudu2/0gIVJJ6VrDYmRchUBkB56c1V1lh56rnoKuW/+sX2rO1Zs3Zx2GKtbk9DmaKKK5zQKKKKA\nCiiigAooooAWiiigAooooAKKKKACiiigApKWigBKKKKACiiigAooooAKKKWgAoFFFABRRRTAUVe0\ndtuqWx/6aD+dURVzS/8AkIQf9dF/nQB6tH071KKhi5UVMKkY6mMR5yg7/wADxTu1NbHmrn+VAE3e\nl/Kk70v4/rSAWiiikAUtJRQAtFFFABRRRQAUUUUAFFFFMAooooAKQ9DS0h6GgBR0ooHSigCuep+t\nFHr9aStESUoPmvHPyrj+HuferT9KghZmuWLbenYc1O/Q1QiK3/4+x9DTL+6SG6RTbSSsxG1lXIFS\nWv8Ax8/hTb5dQacC2eJY+4YZJqJblItzZ8tc8ZNPTpUcuQiBuvepE6UugD6KKKkYlZ2+IzsPLbOe\nu7/61aJ6VlR8zt9auImaUf3RinU2P7gpxqXuBi3p/wBIaqxqe6OZ3+tQHpXVHYxe46LvUN9s2r5i\nuwz/AAjvU0XeorueOIBWOCx44pPctbEiDCD2FO7cU1fuge1KwypGce9ceLfuoZUt1uI5pBPswTkb\nB296u24/eCs+0gWGaTbMZSeue1aVr/rRXDD40CLs5xA30rmmOMnBb6Ln9K6K8bbbOfauanmEEDMS\nM9h616tMciSxuBLcNGqkYPZNtReLWAsI19SKn0ZolhAEgaVjuNUvGDnyoU9805CRkW+I7UM9kHXH\n38nn9a0vCXz3s0iqFUgDFU5rqJNP8tXJOMACtHwavyTE9c8cfSpkwR0N80K2zm4dkjxyRVbTZLYw\n7LNi0S8cgj+laBx3AP1FRBApOABn0GKksq6gcKBWC7t9qIDnnsK29ROMD0rFVpTcbiqhOwxzW0dj\nNl22/wBaOnSsjUG3XUh9DWxbcFiewrEuzm5kP+1VLcXQwaKKK5zQKKKKACiiigAooooAWiiigAoo\nooAKKKKACiiigAoooNACUUUUAFFFFAC0lFFABQKKWgAoFFFABRRRTAUVa044voP+ug/nVUVPan/S\nY/8AeFAj1qH7i/Sph/nmoIP9Wv0FTA1Ix3amkSb/ALnyeuad2pkqKzDd6cYNAyfvSikHHrS1IC0U\nn5UtABRRSUALS0lLQAUUUUAFFFH50AFFFFABRRRTAKQ9KWkbpQAo6UUdqKAK/rSUopD0rVElC2eI\nXT7Vl3McfMOPwq4/Sobd3ld2duc8J/dFSydKYhlp/wAfB+lRtHaNrG95W+0D7qZ4qWz/ANe30oWV\nG1EqYFDDgSdz0qJblIsT9UHvT06Uybl0qRelLoA6ikoqRiN90/SsuL/Wn61pyHEbfSucmtryW83w\nXrQpkfIO/PNaQEzok+6KcaagxGATnA60Nwp6VDAw7g/vW+tQmpZv9Y31qL1rqWxi9ySLoap3dwgu\nEj87ayn7vrVyLoaa6RglzGm7+9tGfzqSlsL2plx/qHyC3HQdTTgc4NR3R2wMd209jXFi9kUilpUQ\nSJiLZrfJzhmzn36VrWf+tFZunyO8JEk6zMP4lxitSy5c1zU/4gIl1FsWj/SsIeXuHmruUc4xmtrV\nTi1PvWRF1zXp09gkT25VpFMY+XHHGKxPFjZu7dGPyHrXRQ81y/ifMupxxg9BRIEVLuMJbFym0dF4\n+lb3hBR9gZvVj/OucvoEjhUpJI+3AO7+ldT4XTZpae/NSxo2GYDvSZzzXC6+2/VJCc8cVueFUxZM\nx5LNU2KLOqbmJCttOOpHSse2ilSUmWcS+gxjFa99ku30rNhaRmZnQrzxk9a3jsZsvQcRyk9AK52c\nklivUmt8fLZymuffByDVREZFFFFcxoFFFFABRRRQAUUUUALRRRQAUUUUAFFFFABRRRQAUUUUAJRR\nRQAUUUUAFFLSUAFLSUUALRRRQAUUUUwFFSwHEqn3FRVJFw4+tAHrVtzEh/2RVgVWtD/o8f8AuirK\n/WoAdSPnjAz/AEpe3ekcZxzj8aBkg/zzS/56U1PujnP4U6kA6k/z1oo/z0oAWiiigA/z1paSloAK\nKKSgBaKKKACiiigAooooAKRulLSN0pgLQehopD0NAFcdKKUdKa/3G57VqiRAq7ywA3HqaZJ0qCxY\nN5mHLYPOT3qeTpTEFl/rX+lCxxHUCwly4B+QUWP35KZAr/2hJmDaF/5af3qzluUizN/rFqVelRS/\n60fSpV6UugC0UdqKQxk3ETfSubikgGsZKSNKFxnA29a6O44hb6Vi2QuvtjeZs+zn7oHWrjsJm2n3\nB9KH+430pR0pkvEbfSo6jMOQ5YmoqkbqajNdaMGSx/coPNCfcqq804uxGApjPfOCP0qS0WPpUN2V\nEDBl3gjpnrU3WorqOSWErE21hzkiuDF7pDILCGKOItFGE3HkCtWx6ms63QxwBWbcw6n1rSsehrCj\nrMaItXP7gfWs2H863JoI5xiVdwHbJFV20227CRfo9ejGVkDRBD1rkdectrf7vAZcDk49a7M2Maj5\nZ7hcejD/AArgdYJ/tOYbmbBwCxyaL3Am1COUw5+QIvJw4Oa6vQl8vR4R6Jnp7VwBz7816JYKY9NQ\nAHhKTBGFJIrXEmJbIfNyJSNxrW0YAWpKlSCc5Xoa5O6tJ3uJG8lvmc4yOvNddpEZh06NWBBA5zRq\nGhU1CUozMqlm7Ad6oxxyFjLK3zHoo6Crd6zHdtbaT39KpW/mrId8m9e2etbIhlydtmmye4PeuflJ\nA+XrW7fkrYDPGawpGC5LcCqiJmVRRRXMahRRRQAUUUUALRSUUALRRRQAUUUUAFFFFABRRRQAUUUU\nAJRRRQAUUUUAFFFFABRRRQAtFFFABRRRQIWnp1FMFOTrTA9Y09s2cJ9VFXF/GqGlHOnwHn7gq+Kg\nY7tSFjwF60vb/wCtTJduAXzt780DHyFlQY556mkikJbB2/hUNySLUFGA5GD1pbUlgpPXHJAqraCL\ndLzSUVAw/KlpKX/PWgAooooAWj86SigBaSj/AD0ooAWjmkooAWkoooAWkbpRSN0pgOpD0NLTW4U/\nSgCEdKY+dhx1xTh0pkxxExzgY61qiStZmfeyvAkSDptPWp5elV9NXbCcSPIOxc5NTydKYh1j1f60\nQG7e7czxIkI+4VOSfrS2H3X+tTLcRPM0Svl1GWA7VnLcpDJP9d+FTL0qJv8AX1KtJ7ALRRRUjIbo\n4t3+lYmmRRf2lK4nd3GAUPRfpW1eHFu1ZemSiS4dVgKbDgsRjdWkdhM2R0qO4OIW+lSdqguzi3f6\nVC3DoYh4OKYae1MNdZgTL90VmiKVtSMrk+WOFHFaQ+6Kz4SDeuN8hx0Uj5RUmiLw61BeWy3Uex3Z\nRnOVPNTUxzhwOgrzsU/eQxkMSwQrGvRRitOy4jNZ+c8CtC0/1VZ4f4mNE5qGSeKNwjuqsegJ61Ke\n9Y90wfVo4/KZjjO7OMV2oo03PyH6V5xeh5dTn8pSzFzgAV6LOcQOfY159aRGe+mbzGRQxJK9TzVR\nEyvLA0dxHG+ckjjHvXoNoNtrGP8AZrhHiP8Aa0alyx3jknng/wD1q76MbYlHoKGJDix9Tmo3PyMT\nT6imP7s0IZhXzlQSELnPSobZ/N3ExmNhxg06/JWPIlWPtlqbZqdmWk8wk/exitzMl1VsWyKaxHwT\njFbGsn5Yh3FYc2Sfv7cfrQtge5nUUUtc5oJRRRQAUUUUAFFFFAC0UlLQAUUUUAFFFFABRRRQAUUU\nUAJRRRQAUUUUAFFFFABRRRQAtFFFABQKKKAFFOXrTacvWmI9R0Q50u2/3B39q0lrK8PnOkW2P7gr\nWWoKHdu9NfO0YbHelpHLBBtIB9cUARXRL2hIUyHPQcU2yZjjdEY8cYJ//VTrrD2hEvIyM4pLPAVM\ndMcZq1sLqXfyoozxR+FZjCj8qPyo/OgBRRR+FJ+VAC0UfjR+FABRR+VFABS0lFABRRRQAUjdKWkb\nt9aYDqa/3T9KWmv9w0AQjpTJTiNiADx3p46UyUKY2DnCkcnOK1RJFas7RnftyD/D0pZelJarGsZW\nJiyg9Sc5pZelMQQI8lrKsb7GbgN6e9N0q0Nj5kJVTznzB1f3PNTWXEDY65NJZJch5WuZY5CT8uwd\nBWb3KRIf9eamXpUP/LZqmWk9gFoopKkZWvzi3NZmmQ3KznzblXUsSFA6D0rR1E4tzk8d6yPD0FkZ\nZbm1RwzEgl60WwjoarXxxbNVg1V1A4tzUx3B7GOab3pxpveuoxJu1U44tlwzGZnJ/hI6VbP3etV4\noDG7M0xkJ9VxioLJR1rN1cwMUWaGSX0Cdq0hVS5uIbefdK+zjA968/EP94NDrNEjt0WIEKBwD1Fb\nNt/qhWVCcoDjAPrWpF8sGfQZqcPuxojnvreGXy3c78Zwqlv5VmxXZl1YqrHbj7pXHp61p24CI7g4\nZjktWbbDfrEknmrNxgsBjHtXWii/fMFs5Tn+GvPbG4mjuD5SK5bqG6V3esNs02ZvRTXBWU2zdER8\nr9x1qoiZLZbptaiLkEl+cfSu/H3R9K4XQ0B1pV6gZruXOFJxQxID0qG5OIWqVTlc1WvjiGhbgzCv\nZIUYeeMr9M060A+XaCFPQYxSXLtuKxgFj0BHFTWm5mXd174FbkFXWDmZR2ArHl2FwGxntWpqjZui\nPQYrKf75G3PvTWwFCiiiuY0CiiigAooooAKKKKAClpKWgAooooAKKKBQAUUUUAFFFFACUUUUAFFF\nFABRRRQAUUUUALRRRQAUUUUAKKUdaQUopiPTPDZJ0e3/AN2thf8APNYfhY50aGtxagodSP8AcAxn\nPrxS0jAFcMDj60ART5+ynaAMHvzSWrbtp6fQU6b/AI9W2Jn/AGT3ptochfkKH09KtbC6l3/PWiko\nFZjFoNH50flQAD8KKB/nij86AF/z1opPyoFAB/npS0n50v8AnrQAf560Un5UtAB/npRRRQAf560h\n7UtIeooAWmyfcNO/OmSfcNNARVHcBTEwZdwPGM9ak/Ko59xjO0ZI5x61oiRkKpF+7SNUUDOB0pJe\nhpIGkkzJJE0XYK3Wlm6VSES23/Hox571DpLLIkjorqpb+P171NAWFkSpAbHBNJp63Cw/6VMkr+qD\ngVky0SD/AFrfWphUCcyN9anFDELSUGipGUtSJ8njk9gah0uN1X94V3egHSn6sR5OC20Y6jtVbQ7V\nbdGKzyzbucuelWthdTXqlqR/cD61dqhqZxGo96UPiCWxlmmjlqc1NX749K6jAmPSovMUkgHJHWpO\n1V4oBE7sDkuc1BoTCqVyd843wo6KOCTzmrg6VTuElLtsKDJ4JrzK7/eMCzGcgGtQD/RyO+01lwgj\naPzrWX7g+lVh9mUiukqJBlnRSOPmYCqAEiXwmM0D7/l2oDxUl5Htn2iISK3OCMim6dbNHPI80MSt\nn5CqgYH5V12GN8ROU0mbB6jFchp6SeQ8iwROBn5n610/it9ulsO5Irm7W7jSwZSG3DgDHWnETJfD\nQ36uXI5xzXZS/cPX8K5Twkm68lc9gP611F3jySGcxg/xDqKGCHr90fSqt8f3eKltgBCAGLD1PU1X\n1A8AU47gzIYDzmPzZPFWbUYlAB4AqmQ4us+eCP8AnmO1Xrb7zH0FbMjqZF+wa6k+tZ7OAxVefWrl\n0QZ5D2yapEjOBTAoUUUVzGgUUUUAFFFFABRRRQAUtJS0AFFFFABRRRQAUUUUAFFFFACUUUUAFFFF\nABRRRQAUUUUALRRRQAUtJRQAtKKSlFMD0XwlzosX1P8AOt5a57wef+JOvsxroV/zioGPFNfaqZY4\nANOpCCUIGM0ARzuptJGSXAx95ecfrUVljah3F887j3qeZStuwXrjvxmobYMCNwAJPQHNUthPcvA0\ntIP88UH/ADzUDF/CkJ/yKB+FH50AKOfU0flSD/PNLQAUUZ+tH+etAB+FFH5UUAFLikooAPyooooA\nKQjkUv8AnrSHqKAFpsv3DTu1Ml+4aaAiqvcXkNu6pKxBb24H1ParFZ99II5gGj3Bh97rtrQi5cSV\nJBmN1YeoOajmpLdxINwxjHGBRN0NUBIHjj01mlzsC/Ngc4qLRZLZrcraiVUB6SDBqcgfYMEkDHWl\nt54Z5D5MiyBVwWU5FZMsWP7zfWrAqCLqfrU3ahiFpKKKkZn6p8wC4zkUaXG8cWHUKSScA0+9CNKo\nd9p7cE1LbgAcEH6Cr+yLqTVn6oeFrQrM1Q/Mgop/EEtjOakT71KaI/vV0mKJC3NM3Bs+1NmXeCu9\nkz3U4NR26eVHtyWwerdazLJScKcdaz4ophel7os7H7pB+Ufh61ojpWPtnk1AmGeRo1Pz7jhR7CvN\nqazkM14h84rVX7orKg++K1e1aYde6NDJeY2UnAIqjp0Ii8z9+JssTnOce1WL0oLWQyEhcc461naH\nJa+S0VsZPlPIcYrpWwyn4vf/AEJFHc1jwoot/LCjGPStHxhJ8sSDP3v6VzwuLlF2gkADH3aqImb/\nAIWT/SLhh0DYroLpoRCfPKbP9rpWJ4SGLV29Sa3J4Yp02zRh19DSGR27q8fyY29sdKq35+YfSrsc\nUcSbYkCr6Cs7UGIc46gVUNyWZMJgN03kowPcnNaMI/dyH2qnEZfMPmY9sVaHFnI3tWjJRhTcs+O5\nNV8YNTyc1X2BScH86oRQooormNQooooAKKKKACiiigAoopaACiiigAooooAKKKKACigUUAFJS0lA\nBRRRQAUUUUAFFFFACiigUUAFAoooAWlFJSimB33gxs6SRxw5rpVrl/BTZ01x6PXTrUASD/OaTClC\nGxjvQKRwGjZTz7UDGyRiO3cAMAfU1DDgTjBHT61MIgtuy7eo5qG3iWFhtzyfXNUthF6g/wCcmkpf\n0rMoB9RS/nRn3ox7UCD8qUUn5Cj9aYC/nR+VGPaj8aAAf54o596KMe1AB/nrR+Io/KjPvQAfnRR+\ndFABSHqKXNIfvDmgBajl+5UlRy/d/GhARVWuUEmUY8HrVmmOgY53OD/ssRWyIZHbxiNNq9BSTdDU\nqrjPJP1OaZIOKALUIBt1BGQRyKIoYreMrDGsa9cDuaIeIl+lOYjaee1ZPcsihqYVFEOKloYIKSii\nkBnXx/0hR7VZtvu1Vuz/AKX+FW7f7taP4RdSWsvUz+9Ue1adZOpH9/8AhRT+IUtikaI/vUhpYuua\n6HsZLcZcl8ZjClh6nAohDeWN+Nx64qO880qRCoZs9CcVJGCsShhg96g0JP4azIY7tb0sIRHCfvfM\nDmtPtURdTIUB5HWvJnL35AT2wPmitKs+0H72tDPFdFD4CkVdQnS3tWlkBZV5IAzmqek3MF0ZZIIj\nGM85GM1psoYYYZHoaaERBhVVfpW/QDkvF7ZuoACOAf6VjLuCsd+4Y6CtTxM4Op7Sei8VjsxWI4PW\ntY7Es6zwum3Tt3qT/OreozskkaC48rceV253f4VF4dXGlRH1Aqe7keGRZAAydCKgosjhcA1k3x+d\nq1VO5A3TIzWNfMSWIxn3q4EyKlspXcWYsfftVmc7dPY1DCHC5kxuPpT744sAM4rRkoxXYAc9Kh3b\nh0qV8E/MBUbHA4piM+iiiuY1CiiigAooooAKKKKAClpKKAFooooAKKKKACiiigAooooAKSlpKACi\niigAooooAKKKKAFFFFFABRRRQAtKKSlFMR2/gg/6DMP9v+grq0rkfA7f6NOPRxXWr0qGUSD8KUZw\ncHmmjpzilAJB2nn6UgIpD5UUrtlsDJqCxuFuoY54ywVj0Iqa4En2SYPtJ2nBxj+tZnhxs6XHznDH\n+dUthG71pfyo/A/jR+IqCg/OlpPpmj8vxoEL/ngUfnQKPzoGH5Uf56UflR/nigQfnRR+dH5UALR+\ndJR+dMBaSigfUUgFpp+93pfzpD97vTAWo5vu/jUlRTfdH1oW4DKSj86StSRaYwyKdSUAVzF3Ekq/\nSRhUqW+VGZp/p5rf40pFWEGFFJsEKgwuKdRRWZQUhpabSAxNXW5eXFrKsb5+8cdKvaUs62i/aZFk\nk7sBj+lZetNEZ0WaOSTLjATt9fatiyYNbIwBAxwDWj2EixWPqBzcH2rXrFvT/pLU6W5M9iqadF3p\nrcGnR966HsZohnMwYGFVY553NipQTgbsZ71WuTJvURqDk884qwvCioLCaUQxNI3RRWdpiNI8l1Jn\nMh4z6VLq6M9n8pOAfmHqKltSptk28DFeTJ7vuHUvWY/eGr5qlZD5iauGuqj8CLQlNJrOv18y4A82\nRMDojlc1JY5COS8jD/bbNb8ulwucj4hl/wCJw567QBzWbLMJFCrGE+lWtbbdqs59CB+lUUGXUepF\nNbCZ3+kLs06JQeMVJJaxyziWUl9vRD90fhS2K7bOMdOKiDn7cyi53jHMfHy1Iyy33TWHemQhjGoZ\ngeATituTiNq5++dVU7jgZrSBMhsBnI/foq+m05p+qMBbxr60QfcX1pmrn7i1p1JMafnjJH0ph4XF\nPlPzDimOeKYFGiiiuY0CiiigAooooAKKKKAClpKWgAooooAKKKKACiiigAooooAKSlNJQAUUUUAF\nFFFABRRRQAUtJS0AFFFFABThTaUUwOx8Dk7bgdsiuxWuL8Dt81wvfg/zrs16VDGSChuVbB5pBSnl\nWGaQCbSYWDr1GOaq2sMdsgjiRUTOcKT/AFNWlGIjjafoc1UErqeUI/A1URM0R9KXNUxejvEf++qU\nXyd0I+nNLlY7lrr70vSqv26EnpJ+IH+NO+2QY+9j6qT/ACFLlYXLGfejqOlQC7tz/wAtR+RH86eL\niEn/AFsZ/wCBj/GizAl/Kkz703zEPR0P0OacGDdCTQAuPajP0owfT9aMH/IoAPxoxx0pOcd6PwpA\nLRmkozQAtJj5ulFFABUc3Qc96kpkqs4+V9p9Suf6imgIsUUeVP8A89oz9Yz/APFUnl3H96A/gRV3\nEFHWk8u5/wCmB/4Ew/pRsuO8cR+kh/wp3CwYqwv3RVcJOTholUdz5gNWBgVLYIWkozRUFBSUUh6U\nAZ5jb7QzZGM9iKux8LWap/0hue9aMf3BWktiUOrDujm4c+9bZ6VhXB/fP9aqluTPYhanR/dNMNSR\n/drZkIrzROzh0UEj3qYdhTzTO9R0LCRFdSrKCD2NNxhQF4FPJpleMwLdj/FVs1WsgNpP4VZrvpr3\nUUjIvin2g703EdDirNpkW7HFNuLB5pjIJUHoCp4/HNSCMwWrKSCcdQK6G1yk9Ti77T7ue7llSIsr\nMccjmoItPukuI98DAbh1HvXSp9ykJJ2j3qrKwrmvF8sC9vlqnaAm7mYxxDJxlOv41d6R/QVSsZGM\nrp9lkiAJ+ZuN1Zllmc4iYn0rBvEkbBQqADzmtu7OITXPXjRG4RXeUHr8o4rSGxEi1DyUqrq5/wBI\nA9BV2AfOo9Kz9TJN02e1X1F0Mxz8+KbLwppXY7/ujHrTZj8tDAp0UUVzmgUUUUAFFFFABRRRQAUt\nJS0AFFFFABRRRQAUUd6KACiiigApKWkoAKKKKACiiigAooooAKWkpaACiiigBaBRRTA6vwRjz7jn\nsK7VK4bwSf8ATJh/siu5XpUPcZJQeVPPakFKcEHceKQBCCIvmHP1pwYEkBhkelNhx5fy8j8qjhjZ\nJ5mY8OQRQDJJpGUDjP1qHzvWOP8AL/8AXT7joKg5rRbEj96E8wg/T/8AVSEwHrAPzP8AjTKKqwrj\nituf4WH+6aPKt/8Apr+NMz6mj8KLAKbe3/56Y+q5pPssJ+7ck/8AAcf0pOnoKQ0WAcbQdrlR/vHH\n9aVbeUfcvE/B/wD9dMx7UhosFyYQXnVblz9Hb/CgpqC/8tCf95gf51AQv+RSYwOMj6HFFh3JSdRH\nRx/45QJtRH8O7/gA/pUfmOOjsP8AgRo86Tp5r/nRyhckN3qA/wCXfP1ib/GmnULxfvWq/wDfDD+t\nN8+X/no1KLqcDiSjlC4HVph961A+jEf0o/tlh1tW/wC+/wD61J9tuP8AnoPyFH26fuyn/gNHKuwX\nHf20vQ2r5/3qQa3DnmBx+IP9aZ9skxzHGfqtJ9rPeGHH+7/9ejkQXJxrVtjmOUf8BFL/AG1adxKP\n+A1VNzGettEfoAKaZ7c9bJPz/wDrUuRBzF4avZf89GH1Q0v9q2R/5b/+ON/hWcZLI9bQD6NSFtPP\nW3cfQ/8A16PZodzUGp2R/wCXlPxyP6Uo1CyPS7g/7+CsfbpjcmOUH/P1ppi0w/8APUfn/hS5EFzb\nF7anpcwH/tov+NSCRGHyyIR7MDXOm10tv+W0i/X/APVUZ0/TD0usf8BFHs/ML+R0It49xIByfepQ\nMCuY/syzP3L0D/gIH9aP7Oxny9RA/wCBkf1o5H3C6OmJ9xVOWwWRy28rn0FYv2G8H+r1L/yK1BtN\nXH3b1mH+9QoyWzBtM1G0zniX81pBYMox5q/lWXs16POJwR7lT/SkNx4gXujf8BU1Xvk2j3NNrGTs\nymo2sphyAD/wIVnjUddTrbRt/wBsv8DTTrerL9+xQj/cYUvf7D07lxobgdbaQ/7uD/Woykw6284/\n4Aaqf8JPcrxJYDPs5H9KVfFSg/PZuPpID/QVzvDrsFjYs0ZYsuCpPY9anrDHiqzz80Vwv/AQf61I\nPE2msOWlHsUP9K0tbSxVjWqC7O23cj0qmviDS2HN1t+qEVHeaxp8luyx3aFjTTBpkC8R8+lIgzNG\nPU1Xae2lRR9oTj/bFT2zo91GFcNj0Oa2b0INiTPlkA8kYqvaF9p8zdnPVjU1xtEDbvujrVexjiSI\nCJCidgc1kMW+OIqw5B/pGNy49M81sagwCc9KwUnt57jKZMg7kYxW0NiZGjbj58+grKvm3XMmPWtW\n3OCT6Csa5OZX/wB41S3F0KQALk4NMnOFNTDHOKr3FKWw0V6KKKwLCiiigAooooAWkoooAKKKKAFo\noooAKKKKACiiigAooooAKSlpKACiiigAooooAKKKKAClpKWgAooooAKUUlLQB0ngw/8AEyceqf1r\nu06VwHg7P9rHH9w13byrDGXcHA9Bmpe4ywKRtxB2kA47/wD1qbFIsqBkOQfYin9cikARhgp34J9j\n/jThTIzjKlgW77e1P/D86EA108wfeIqP7P6Mv41MPr+VBHt+dUmKxB5Df3h+GaQwP2AP1Iqx+Io/\nM0+YVit5Mg7flTfLf+41W/yFA9ifwpqQWKZjf+4fyppBHUH8jV7n0/OjJ9QPpinzCM84orQ3E9Sx\npCAeqJ+Io5gsZ/40hq/tX+6n4KP8KQxxnrGD+dPmCxQpKvNHCBzEo/E/40zyoT2I+houBTptX/ss\nRH8f5002kXqwp8wFE001d+xx/wDPRh+Appsl7St/3zRdAUjSVdNlxxJ+Y/8Ar0w2LdpEp3Qimaaa\nufYZO0ifr/hTTYzDoVP407oCmaQ1aNlP/dX/AL6FMNlcf3P1FFwKx6UwmrJs7n/ni/5VG1rOOTC/\n5UwIDTCamaGT/nm35VGUccFCPwoAiIFNNPYEdQaYTQAwnHeozUjCmNQA3e46Ow+hxSfabgdLiYf8\nDNIaYaAuXtPuJ5LpUkmd1x0Y5rW35Bwax9KH+kk9wK0II2RZC38R4+lSxlWQHeTURjU9UU/UVYYZ\nJqMirRJWaCNhzGp/CoWtYT1iX8quFeKjZadwKRsoD/yz/U1E1hCRwCPxq+y0wrQBnHT4vVq0dCtV\nhvWZTnimlavaQmJmapnsNF+/IFq4MbSZH3VOCajsII4YQY1dd3JDNnFS3aB4SDu47KcZptq7NEN8\nflkfw5zWBZX1A9PpWWrK0oAwT/IVf1KQrkgZI7VlWvmbnaSJYyf7vet47GbNGHiNzntWDMclj3Nb\nedtpI1YU3Q00BEowpqvOecVOpG3rVab79TLYa3IqKKKxLCiiigAooooAKKKKACiiigBaKKKACiii\ngAooooAKKKKACkpaSgAooooAKKKKACiiigApaSloAKKKKAClFJS0AbvhE41cD1U13rM6oTEoZ+wJ\nwK8/8KtjWY/cGu/ckR7gCxHOB3qXuMdamXa3nRqjZ/hbIqf1+lQ27F49xUpnkButTeuaQCROCNu0\nr9e9PFRxOGbAUqakFIBaDQPpQfrTAXn6Un1OaX8KOfX8qYhBnsKX6mk/zzS/kKAEHsKOaPrk0fgK\nYCcetGD2FLz60n4fnQIPypOKX8qPxNAyOTgdKYDz1p8vQcVGvUVS2ETUmPal/GkpAHam06k/GmA2\nilpAMZouAlJTqSmA05pDmnYpKLiG80mT6mnGkxTAaWb+8aQsfWlxSYoAaWOOcH8KYQvOUU/UVIRT\nCKdwIjHEesMf/fIpjW9uTzAn5VORTCOKdwKzWlqR/qF/M1E2n2h/5ZsPo1XCKYRRcRXgtYLdy0YY\nE+pqZnGDzSFaYRQBCwphWpiKaRVAQEcVGw4qcrTCtMRCRUZWp2WmMKYEJFX9KXBc1TK1oaavyMff\nFRPYcSe6txcx7fNkj90ODRBD5EQTez4/iY8morxkEkYNw0bk8ID96rINZFmTqPLNk4xVG23EEs4b\n0Iq3enLNz1qtEhjXBYEn2rZbGbJ7gldPb3rEati/O2xHuaw2c79uOKE7Ba7shG4qnKfnNXGwaovy\nxqZvQpDaKKKyKCiiigAooooAKKKKACiiigApaKKACiiigAooooAKKKKACkpaSgAooooAKKKKACii\nigApaSlFABQKKKAClFJS0Aa3ho41mD3NehsWCHYV3dt3SvOfDxxrFuf9r+lehygNAwZdwI5GM5qX\nuNEtuJQmZipcnPy5x+tTDrVWyjWOLaq7FzkLjpVkdakBsQw5JV/YnoalqFMeZy5PHA24x+NTCgBR\n+JpT+AptLTAXP1NH5Ck7cmgH0oAXPuT9KPw/Ok+vFHH1piFz7/lR+BNHP0pDj1oAPyFLn3pPoKCf\nU0AH4fnR+IpOPrS8+lMCKU9OtRr94cU+btzTE+8KpbCJ/wARR+dFJmpGFJS0lMA/OkozRQAlFFGa\nYhCKaadSUAJSGlpKYCGm4p1JQA3FNIpxpDTAaaaacaaaBDCKaRTzTTQBGaYRUpphpgYskjnWgoYg\nBenatLFZiKW1tm4wBitYj3piIiKjIqYimEUwIiKYRUxBxTCKYiLFX7AYhz71TIq9ZjEFTPYpEFyS\nb1FV4umdpXJ/CrR4Q5qBgxueUXb/AHsjNTP9w/SsxmNdttYk+tQxO7Md4AHbFOvGHUgnnoKSMgnI\nrYgXUziGNeawxkyHvWxqpGUX2rHXO9jSexcHaVxHyAapt941bk4BqmetTIFq7iUUUVmMKKKKACii\nigAooooAKKKKAFooooAKKKKACiiigAooooAKSlpKACiiigAooooAKKKKACgUUUALRRRQAUtJS0Aa\nGhHGrW5/2q9GJxGTmvNtHONTt8/3xXpBOI24zxUPcaHWr7lb5twz1qwOtVbTaI9qIqAdQvSrI6ik\nMWMfWnVHH/rGA3/8Cz+lPoAcDS96QfnR+lMQooPvSD86OnoKAFH0pefX+dN/HP0pf+A4+tABx6Uo\nz6im5/2vyowew/EimIU++TR9MCkBx3AoHPYn86AFyfWk49KOnoKTPvTAZKenSo0+8OadN24P40xP\nvDoKroIscUZpM/Wj8KkYUlGaSmAtJmkNGaBBRSUGmAhPNFGaTNABSUUlAC000UlMApppTTTQAhpp\npxpppiG000pppoAQ0xjxTzVS/bFs/wBKYAkEKTNKo+dupzUhrCs5FjuAUUAE4yO9bnbNMBppppx6\nUw9aYhGPfNUJtStY5fLD72Jxhe1XZASpA7isaWxNupkbbknt/jUydi4RUtzVDblyO4rQtxiEZrLh\n/wBSv0rVjG2NRSkJLUgewt5J/OkUmUdG3HipJjtiP0qQ1DcnELZqVuBiXLKCMuFJ4GadboVKgtu5\n6gYqtPODOEMDk9NxHFXIB86j0rYgqao2bjHoKzz3q5qTj7S+4+3NUS684I/OmtgIpj8pqpViY/LV\nesp7lISiiioKCiiigAooooAKKKKACiiigBaKQUtABRRRQAUUUUAFFFFABSUtJQAUUUUAFFFFABRR\nRQAUUUUALRRRQAUopKUUAWtNONQgP/TQfzr0yPlR3yK8xsTi9hP+2P516Uv+p/ColuNFlFCjgAZ9\nqcOoqpaCJCyw4A6nBzzVoHkUhix/fclmPsRTs80xBhyc/TihZo2kZFkUuv3lB5FAEoozTaWgQtAN\nJmjPvTAcM0cdqb+FLz6/ln+lAC84pDjuf5UnHufwpc+mKYhRk9BSH3/lSH35oHsP5UALkdqTmjn1\n/nScZ6UwI5cZHNMj5cVFqN0bWMMI2cngBc/mcdBRaO8iK0jIzHnKDj9apbCLlGaT6UVIwpD9aKSm\nIM0UlJQAtGaKYXXdt3DPpnmmA7NJRRQAlJRmkpgFITS000ABpDRmkJoAQmmmlNNJpiENNJpTTTQA\nhqlqR/0c1bNQ3EQmiZD3poDAtVImQH+9W9WfbaZJDMHkdCo9CSf1rQPrVMQ003tTjTTQMinYrEzL\n1A4rCWO5upA8zuwB6dAK2ruVoYGdQMj1rEEd3duA8hPoB90VEjakt3Y2oWVkUIQwHGRWkxIg/Csm\nzgMEaocZ74Nalx/qGHrSkZ9SkLstdRxqeAPm5qxetiE+tZ1nEY9Rwc/d4zV6+P7sChbhMwyJTMW8\n8hc/cxV+35k/CqWFN1nbz0BzV2DjcfQVqZoyrwhrh+/NVWUegqaYjzG+tQMRTArz8LgVBU055qGs\nZbloSiiipGFFFFABRRRQAUUUUAFFFFAC0UlLQAUUUUAFFFFABRRRQAUUUUAJRRRQAUUUUAFFFFAB\nS0lAoAWiiigAooFFAE9odt1EfRx/OvS4cmFfXbXmUBxMh9GFel2zZhQ/7IqJDQtq7CQxm28kdcjb\nyfwq2OoqGOVHJVWyR1qWkMVFwxO489B6VFGv+lSNhB9Op+tKu0zng59dx/lTFUi9LG3RQRxKMZb6\n0AW/xoHem0ooELn3qoZrlrwxxNauq/eUlt4H51azVRIT9taUpCOwbjcaaAZqF1DHKkct20B6hUOC\n35DNWp5fLtS7JJJx0RSxNRXjMiqVCgE/O5Gdo+lWCT5ZIYKccFh/jVAVtNMfknyopIUzwsg2nP48\n1b/M/nVWyleRGaSeOZs4zGMDH0q1yaQkH5CmSSeXGzYZ8D7q9TUVxdQ24Aclnb7qLyzH2AqUFmTO\nNpx064pgQWU8lwGZ1CEHBi28r9STVnPvWZZXUsl5IJZ7Rx0Ai4bPvWl9KGBVv3KQs6sikDgyfdH1\nqvpUjvH+8NtnPHkMCMVNqDqkDGRFkGPusBg/XNM09ESNdojyRyYxhfwq+gi9n3pfwqJZo3kaNXBd\neoqTj1qRhSUZoNACUUZpKBBWeDEdUwto6yY5mI4NX6owsjahJteZpB94HO0DtjtTQF+m0tJmgBM0\nUUlMANNNKaSgBKQmio5t/lt5eN+OM0wHGmmq1iMRHcHDk/NvOTmrBoEIaaaUmm5oAQmmGnUw0wGm\nkNKaYaYCE0hoJpppgVr+Yw27MEDk8AGs6yuLgz4kYBT0RRgCtC+mgiizcAlewwTWdbTfaLwMsYjj\nHQVEtzWFuVmzHzKo4PNXnUMMHpVK3H75far1KW5mhnloG3bfm9ap3x6DNXSeKz79vmxntRHcUjMX\nHnk4/GrceFikJPGKpxKvmth9/wDSrTnbZyN61qyUY03OSe9V4uh61Ybmo2wOgpsCpN96o6fL9+mV\ng9y0JRRRSGFFFFABRRRQAUUUUAFFFFAC0UUUAFFFFABRRRQAUUUUAFFFFACUUUUAFFFFABRRRQAU\nUUUALRSUtAAKKKKAHx/fH1r0q05tkH+yK80XqK9Isjm1iP8AsipkNEtqJBK/mKFA4U7s596tA1Tt\n8+e26d5OOFI4FWwaljFUETEkDnuCc1CqqNQZiJNxXqW+X8qeh/0g5Ren3snNMyn28gyPu28KVwv1\nz3oAtigU3NLmgQufeq+1xdY2Js+9uyA30xU/61UEZF+WEJHH+tyAPp600Aak8UaRyTSCPa2VJUsM\n/hVlWWWDcpVgy8HHB/OobyUxqpDgLk7gVJBFTE/uSfu/L/DgY+lMCKy8wIwkMYYHBWNs4+vvViqm\nnYFvwAFydvcn3OKtH8vyoYirfD90WS189zx8rhSPcGpIGd4A0sMkbj+FyGP55qtqbjYqSWk91GeS\nI+QPTIyKtR/LAPkKfL0Ixj86fQCGykEjyNhFYHGxVAKj375q39az7Kfzbh1/tBLjHJRVxt/EVf7d\nP0psCpqDtHCWj8vd/wBNCAp+tR6aZTCPNSJD2WIkgCn6gI2j2zbCh6huRTbJY0izBEvIyAg4PpVd\nBDoAftsoJhIXGNp+b8R2q5ms+x88zM01itr/ALQdTuP4VezUgLSZooz70AFJR+FJQAuayY5wdTaL\n7ZcFmP8Aq2T5enY1q1n2Usz3cu+4jkQfdUAZWqQGhSUZpKQBSUZoNMBDSUUlAAagunZIHZHVGA4L\nDIFSmoLwt9nbYFLDoGPBoAZZF2g3SSLIxPLKMCpjUVqrJAodQrY5APSpKYhDTTSmm5oAQn0phNON\nMJxTAQ01uaU000wKOo3T26p5aklj1FR6dPJMHD7uD0Pal1dWNuGTIKnqKZpUTrE0j5y3rQTclvY4\n2QGWQIq9zVKyMb3ZMJJQDqe9T6lCJQrSMiovUsap21zDFPsgBkJOC2MCoe50Q+Dc3rXmb6CrhqpZ\n8uT7U+7llRR5KoSTyXOMCk9zJExrNv2+c8Zx2rRAIUZ/Gsq9OWcE1UNxMpW4ILM0KxZ9D1qxcECw\nPvUEAZVIZy/oTUt+Stmg9TVkoymPFRMaWVulNP3aoCpJ9802lbljSVgaCUUUUgCiiigAooooAKWk\npaAEooooAKWkpaACiiigAooooAKKKKACiiigBKKKKACiiigAooooAKKKKAClpKWgAFFFFADl616L\npx/0KL/dFecjrXoWktu0+A/7IqZDRYthJ5z7thVeAQcmrmcVnxsiXfyWsik8M4ThvfNXs1IxVP70\nkYx0qKUXJu1KSRCMfwsvPvzT1EaynCKHPcDk00km72mUbQMhNuD+dAFkUDpTc0oNAh30qg4ifUwv\nmXaOPmwpxG1Xqr7US6yZzlukeVGP600At5I6BNjogJ5LDPbtUxbEe4nnGewqC8VpEVVWJuckSgkc\nVNuzGSFycfdyBn2piIbLdsYlI1YnJ2ZIqxn1/wAKq6ehjhZTbC3OclQ+/PvmrOcf5xQBR1O6gjCR\nzGXB5/d7j/Krin9yDn+HjoKralJIsK7LhoGzwQm/PtjpU4YiHd3x1OBTAis5IZGcwsjkcMy+vpmr\nX14/CqenyyypJ5skL4bgxA4x7+9W6GBR1Qv9nIijjlY4G2Qnb+lPtC5t1O1Efb90DgH8aj1QB4dr\nRCUEj5SxHf2qS1K+WCFCLjp6VfQXUbZRyxyv9oYySHpJu+Uj0CjpRfqWaL9xJL83G0Z2n1PNR2aQ\ntdPLBLcsgHVpCYyfb1p2oSKjxbndCWAXaOp9KQy6OAATRmkBOKD0pCGPNGkqxM6iRui96k5PQE/S\ns22FvBfvHBOfMbmRGHJ/GpNVUPZlWgecEj5FYg0wLrZUHIx9RVW2eNnYRshI+8Fxx9aSxhjtrUCN\nXUddrtkj8aS0L7pPMhij3HcPL7/X3oAt0lJRmgAzSZpDRQAyaVIYzJI21V6mkimSaMSROGQ9CKS4\nMvlN5Ozf28z7tR2hYQAybA3faeKYE1V71C8GNobnox4qvHcJLekx3okHTyh0FO1JUaECSJ5Vz91e\ntMCa3BWBQQAQOgqrLZyG5WVbmcAnJUt8v5VaiBWBRgg46HtVK02G6lKPKzE/Pv6D6UCH3moJauEa\nGaQkZ+Rc4qdH8xA4BGexqrfMYmVhciHccYK7qsrwgGc+9ACnpTDTqaaYDTTT0pc000wGlgOSQB6n\nikPTisjVpmMyoj8DkqKu2LM1spdtxoEVL+H7RdKmRwM802whQu2RnYeKL9pY7kmM4yOvWrFhE0cJ\nLfeY5NTuze7jDQ07McMajvWxJGMpgnnc2Kls/uMfeoLuJJ7hUkt/MH98jgVL3M0XM/Jx0xWPen7/\nAM2D6+laxAWPA4AFYl6x2tjAJPeqgSxsQ/djncT3p2ptiKNaIVwqjvUeqH5kGegq+pKMqTlgaRjh\nc0SAF+9JIcJTYFSiiisDQSiiigAooooAKKKKAClpKWgBKKKKAClpKWgAooooAKKKKACiiigAoooo\nASiiigAooooAKKKKACiiigApaSloAKKKKAFFd9ozZ02D/dFcCK7rQjnTIPZamQ0aazIXEe47vSpc\n8VSjD/azkptAyPm5/KrmeKkYiMxmyWBHpjmnNGxnD7sKO2OtJz5oOOKcZY1lCF1DkZAJwTSAkzSg\n03NDEhSfQUxDu1RRwxbxN5aeb037Rn86bbTNNGd+3cOu05FI8k0ciqI4vLPALSbWJ+mKaAbPY2t5\nNuuIvMZRwdzDH5GrLcJtUlQeOOMVFK8kXzRQmYnqA2MfnTgzOgZkZCDnbkZ/SmAlvbrbqwEkspJy\nWkYsamOfp+lQQXInziGaPH/PRCKjZ3W9A3sFOBtwMUCH3bMI9yTxxEckuu4H9RUqsxiBGMkfQVWv\nozNGqLHBIc5/fKWA/wDr1OMCLkYG3oOKYEdoJVDrMsIYHgRZIx+NLJLOs6KtvmE/ek3gYP061Dp0\nQhWQLAItzbsBy+fxNJOm7UImP2jC9SrhU/EdTTEJqRzHjYJOehYj+VSW6IYQmwBMY2n0qPUSPLI8\noS/7JJqS1wIxhdgA6dMVXQBllJaNPKlpISF+8gztU+wxii5uJluUjVRFCeszLnn0GeB9TTLHzWnd\nhdxzRcjaIipB+ven3jss0f8ApCxAH7hUfP8AiaQFmUyCM+UFZ8cBmwD+VNgeR4gZYwj9CAcim3mD\nbONsj5HCoxBPtkU2yULbKFR09nOSPqaQEazSyag0ZltzGn8Kt84+oqS6jWVArByM5+U4qGGEi+kk\nKRjPcNliMd6XUQ5hGxZic9YiAR+dMCwuPJ+XpjoTVKwSWOVwbaNY2JJdZS/NWomzbglHAA+6x5NU\n9NdfMkSOwmtlPPzDg/rQBo0lZ2ozW8VzG0guPNHQx52/jirNzNMkG63j3u3I3dv1oAsUlV7Nma3D\nPIzuepI24Ppip+1MCtqCebasnk+dnou7b+tLaIqWyoF2gDG3OcVV1aHzUVg1zlf4YGwasWh/0cDb\nIuBj951oAgiC/bGVLHyQv/LXaBup95L5W0lZGycARjNR2rA3kuPMyPvbun4UahLtaMeayZPGM8mm\nItDiL3x3qpazpK7iNy2zg5GMGrRYiPOcHFVbNy2/MgcZ7dqAI9QlEbJ+8gUE8+ccce1WYyCgKsGG\nOoqpfRCaZNyQMi/e8wAk/SrSKqIFUAAdAKYCmmk0pppoAaabTjTSaYGJe5S8bZgk+orQs02QAHqa\nfNbRyOHYYP0604DAwOlMRlXU8yXTYwyg8Kw/lVq0vEnBXZscdqrao4WdMjPFO01GOZGG0HoKz6m9\nouF+puWnEVV5oVlvAzIwA6OHx+lWbfiIVTEy/biqrOSeuVO0VL3M7XLkhxGaxblC/wB0DOe9a9xx\nEx9qy25rSBLEiByoPXvVXUmzcY9BVyIZkArPvjm4f2qupJRJy5pk33TT/wCI5qKfpQ9hrcgooorE\nsSiiigAooooAKKKKACiiigAooooAKKKWgAooooAKKKKACiiigAooooASilpKACiiigAooooAKKKK\nAClpKWgAoooFAC122gn/AIlkXsK4muz8OtnS4/xqZDRdhlha5+VGEhPLFSMj61fzxVKKaSS4wxaN\nP4Qf46uDpUsaHGTa3AyfrUchc3UYVIip5LE/N+FK7bWycYxyTTJMG6jPlKTj7+eR7UIC0DQ/Cnjt\n6VDLHFcDy5UDjrg0sUSwQbEAwAT60xDLJ96tny856p34705oit0JwFORtJK8j6Gi2CICsaoo64TA\n/lUTRodQWTycsBjfuPH4dKAJruN5YtqYYdWQkgMPTipl4jG1dpxwMDiqmocw43zjv+5faTVkYEI2\n5AC8HGTTAjtC+1hKHEufm3Nu/Lt+VI0j/bFj86MJ12bMMfxz/Sm2LF0cvPJMc9ZBjH4Cgo5v8q0e\n3bkj+L/9VAgv0aaJUEcMuTnbKzAfoKnXd5HzRqDj7qHA/DNVNUUSRKjWyXAJ+6zkY9xirEaRxWwS\nOPagXhV/+vTAhsPNCsJLaSLJzl5fMz/hSTuEvVyl0V77ANmffvTNMSMeZIq3CE4BSaTdj6Yptwd+\norGlxdRMcEhF+Q/jTESX6CdBGwYhv7pIIqW2CqmAMADp6VW1QCSLYYmmJIOFfBqxb4EeFG1dv0xV\ndAG2MyTPKY7gShTjAB4qK/dhdQpHNCkhyVEkO4/nnilsLwTO0Tz2zuvQRMSSPemTPcLehDcWiRuf\nuN8rke2TSAs3XmfZDw7SY/5ZHnPtTbWQi3+aOYFRyJMbiaTUcfZGyJ25HEB+f8KLCMx2qgmYk8/v\nsbh7GgCtYOZLt2NjLbueWdzndUmqiMpH5iXDYbIMPGD70lp5f22bYtyp/iEpO0+4p2oOyqgW4aDJ\nwSqA5H49KARZ5MGBljt6etRWpZkLPE0XYB8Zp0pQW7eYWKbedvWq+mGM25MAl8vPy+Z1oAkkmIuR\nGBJlucjOKW+YJauxdkAH3lXJH4VXkmT+00QXj78Y8gZK4/KrN00qwMYc7x7DP60AV9LctExM7zc/\neZNp/KrhqK1INupDM2epbrUVvcyTTyK4WNV4CEfMfemBOD+8NJL92q1/jauJpkcngQ9WqaNCsIV2\nJOOrUAPzUagHJIB57iq1o8zyvuuxMqnBwmAPbNLcvPDIvlNAFY4w+dxPtQInk5wOxpiRJECI0CA8\nkCiTzPLDKoeQdFzgE1FbzTSg+bCIyPRs0wIp7C3u3Ek6sWHQhsYqwqhUCjoBioHuTFL5Rt5WH98d\nKsZ70wENNpT1ptAEbbieCRj0puTyCc1BeAsowGPP8JqRc7RnPTvTEOa1iVNyrhjznJpobCkntUf2\niR2KbvlHbaMfnUV5P5FuSBljwKLjKSq13cvJKQqKcVpqAFAHTtWNFaz3BDMSy5zzwtbCLsRV9KmJ\npNWSRoxcRDPYUyOdZmZUDYU4zjg08A+Vx1xVWxUgyFgQxPTtUEkl02ImrFnvIoZRG+ee/YVr3p/d\n1z1xFK97uEZK+vatI7Es07chnznPFZl02ZnPvWlajap9QKyZzlnPYk4qluIrr1NRTnoKmQfKarzn\n5qUtgRHRRRWRYlFFFABRRRQAUUUUAFFFFABRRRQAUUUUALRRRQAUUUUAFFFFABRRRQAUUUUAJRRR\nQAUUUUAFFFFABRRRQAtAoooAWuw8NkHTU9ia46uu8NH/AIl//AjSkNGpK9wpxHbo6D+Lfgj9Ktqf\nlH0qMdMU8cCoGKW+cDK47+tQ3aFpoyttDL2JkblR7Clx++DbU4745oni33UT+WpKfxE8j6UAT5CN\nliFXGMkgCpM5U4wc9O9VbwAwHNutxj+A4H86liz5KhlxxyM5xTEQ2IdDIhNvgN8wiXbz705liN8r\nGNi4HDZJH5UtsnlAorhkH3cDpTX5vV/dEgYzJv7+mKYD74I0QDySx89Y8A1Px5eB93HXrVa9IEQy\nspOeBEBn9anGDF1429TzQBHYgCHPn+cT3xtwOwxTGKHUABJCH/u5+fFLYspjYq7MM8ZTZ+lKUl+1\n7vJhaMj75JLD8KYhNQUmNGFsbko2Qok2496mQmS2BMTRkr9zHI9uaivFdkUorsVOflfbUvJi75x7\nk0AVdNljKtEsdyrJjPn9TSSzwRahiS4ZWYACPy+CfXdU1kz+WVdpDtP/AC0wDTHkY3qozgr2Ty88\n+uaYEWqNbrH/AKRcGEZ4Ktgn2qxb4MXy8Dbxn/69VNTuEjZYzdJAx5+YjJq1B80WSN2V6Adfzqug\nhLMbizssII4Hltu496LhJjcRsIoTEDy7DDj6UzTl2rIRaC1UtwoYHPvxTZ4ozqEchttzLwJM9Pwq\neoyXUGK2xIaUNngxLub8qW0l823DfvMjgl02En6UzUS32fCJM5J6RPtaiyJNvuZZkyekuN1AiKyk\nMl1NuuJJccAMmAPp60ahIFkhX7QkTM3RlzuHtUtt5nmPvuPMH8K4xtFR3xucgWy254yfNOD+FMCa\n6O21k2sy/Lwy8kUywDC2G+R5Dn7zgAmnPJKlqXKxiQDJBY7R+NJaO7wB5fL3Nz+7OV/OgCDezamQ\nJkKgYMe3LD8afqJxat/rv+2PDfhSiSRrwp9m2oP+WuQc/hS3cnlIG2SNg9EGTQAzTyDahgZsf9Nv\nvVHYqqTTYdJMn7w6/Q1aTJhGc5I71VsgweQuYs54CMCSPU0wFv3t12CaXY+cpjOasHBi+c4BHJqr\neSlZo18xUz2IzmrEpxC2cdOhoEQWe0B1jmEsYPykc4/GmzREXazBl9Cp6/hRYKqREKsa887BxULR\nIdSEpiG4cB939KYFq4RpIGVDhiOKitF2QBfLEZHVRS33NuR8+T/cODSWihbdQC2MfxdaAISH+25k\n3lcfIc8D8Ksk1TjZmvWzO7qOiMvA/GrhNMBKaelKaYTQBSvHAdAS4yeMc1OvK4PpVO/mdJUWOdoy\nfRM5qyJNkG8noM0wIhbMrn5hsz05zVbVeiKO1OtNQa4nKHkemOlTXYjUedJuITsO9EkODszOhurk\nbI0VVUdTjJNayEkrkc1jSXMjZEKLCvr3NalhkxxhmJPqTWaNaketjVcnyyACTjp61XtAwUllKnPQ\n1LchTA6swUEYyTiq2nCERkQ9uDhs1JmOvc7KoHk1pzpvjIrO2MX24Oa0i9CGhyDELt7ViSYwea3b\npBHZMPasCY8VSBjV+7VaX79WR90VVk++aUhobRRSVmUFFFFABRRRQAUUUUAFFFFABRRRQAUUUUAL\nRRRQAUUUUAFFFFABRRRQAUUUUAJRRRQAUUUUAFFFFABRRRQAtFFFABXV+GT/AKCfZq5Sun8NN/oc\nns1JjRo3Wrw2kwiKlz/EV5xWhFKssSuhyrDIrP06JWjlkYAtK53H2qXT8R+dAOiPx7A1LGXG4dDt\nBpl0uZomEO8g/fyBs/xpz7tyYBx3I7Uy7MfmRb2kDZ+ULnB+uP60kA69i8+DZ5fmcj5c1Mg2xAEY\nwOlV75C8G1VdvmHCNg1NECkIBzkDvzTAisQqmQLFEnOf3ff6090BuVkJf5eMB8KfqKjsigDhY0Ql\nsna2c0SBTexkxMWHG8NgDj070CJrhd6gK7o3YqAf51KP9TjJA296rXpTyfnMvH/PM81YGPK4yFxT\nAZbbgrFnDscHhNuBTvO+YKQBn/a/pUVkwaNj5xlOepXGB2qFTDJfkhkVIxjhguW/rTRLLjS7Tjb+\nPA/nS+YNuT0+uaqagAUCKCXkO0AE/n6VYdAkJDu6hRknjP8AKgV2SK4PQEfUYpPMjJxuBI+tVtPV\nvI3tn5ySARzimDzDfeX5isFXLDBGP1PNML6D7iKKR/3kUb+7KKlhClSuBgjGKrXsrwqzKBjjBz3+\nlSAFkyV57jOaroF9SSC0gtSfJj8vPUbv6UPaxPcrcHO9RgcnH5VDYu0kbNt2jJAxgA03zitysZDZ\nYH1NKwXLNzCZ49gleI5yGQ4NORAkYQcgDGaguZ/JBJZgAO3H9KFnzB5gdcep5osFx0EUqMxlmWTJ\n+UBcYFNnSYyKYxGUPDluo+lJb3ImJAcNg4OMf0oNwQ4BAAPTg0WC466DGBtkQmOP9WT972qOxeQw\nkSWptsHhcjH4VI84TGRnPvSiUFS2MCnYLlBZ401Ij7LcCRjgyBSVNSapu8pFWWWIlusfWrSzq3GT\nQZUU4LYP0oC4Ljyf3hJG3kms/TjZrcPHbmJnHO9MZI96vvLGq5kdQp4yx60iQxRkskSIT3VQM0hk\nFxJi5QFY2A6bhk/hUtwcQN8objoTjNV5yzXi/wCq2L2P3s1NdZ8hgF3E9ATjNMBlmEWDCRCMZ5AO\neagQRm/ZgrhsdSflP4VPaArbgFAp7jOcVBDtN45CSL6FjwfoKYDr/b5IDOyEngqM1JEAsKgMSMdT\nUGoOqxqCzqScDaualTiEDOeOtAivbKTO7+crr2Cjp9amkmjiIEkiqT0BPJqvZkNJIyujAHHyjGKJ\n5U+0pGSoY9yOfoKYFnORkZpp70vamk8UAU5pX+0LEPK2nrk/NRd/8er9+Ka6N9qDGJNvZ8jNWCod\nCp700BmWEiSEBU2kdeKu3hjEDeafl9u9EFqsGSGyfXGKZexPNDtQZOacnfYIrUzre3NzNvI2Rg8C\ntm2UCRQB0rEV57eYKsxAzyhORW3aZaRWPpWS2Nql7l5lV12sAwPYimRxRwqRGioD2UYoaaNWCM4D\nHoDS5B6ciouQBIppxnpSmmmmIo6o2LY84zWBKeOTW1q7YjVc9TWO1bR2JZHn5aqsck1ab7pqoetT\nIEFJS0lQUFFFFABRRRQAUUUUAFFFFABRRRQAUUUUALRRRQAUUUUAFFFFABRRRQAUlFFABRRRQAUU\nUUAFFFFABRRRQAUtJS0AFdJ4ZP8Aoso/2q5uui8MH9zKP9qkxo2NOPyyRD7yMc/Q0WTB7m6dfu7g\nPyqveae1xJ5kMpifGDz1q5Z262tusSnOOp9TUjLDH5kHznn+HH6026kCSR/vihJwF/vUpwduSQR6\nVFesRsVZ2iLHAITOf8KQE10V8k7/ADdv/THO79KW1mWW3DAuccHeCD+tRXD+TakmYR4GN5Xd+lS2\n7Zt0IfzARndjGfwpiEtcgvujjTdyNnce9Pa3jedZTnevT5jj8qhtRErv5YTLfMxU55p4nYyFQBj3\n9KYElxD50ezzHj91IBqQD5Nue2M9aikm8sgBdxPvinGXEe4gj2zzQAlvFJEjCSTeT6DaAPSmCJNx\nxCuc8naCfzNSxyhwcKw+oqFZyJCCqYJ/vZP5U0S1cLiGKWQGWMOR0zz/ACoeJDa+Vgoh67OKfLLs\ncYUtx2IFK8qmEsQeewGTTuFhIMKCEd2AH8Tlv51DFE0TvIJ3JdskYUD+VWIpVkXjcMDkMMUyOSAy\nMAVLZ4+T+uKYrFe6t5J7hXV0CxnPKbuac5m+zOsZDSEYz92lnKi4+ZgOO5p6gGMnp7jimFgtN8cQ\njZI1Cj/lmSf5ioYXlN3JLLbvzwp3jgfSraxhR1JyO5zTFQnOWOAe+BRoBBqMhPlwhZCrkbiq9vSp\nZLmOO2MhDAKMAMpJpzhvMG0jnrxmmshWPsTnNGgEGmmPyt2R5jksxxioWEE+pYTylWPliDyx9Kuo\nG4ZgBx2qDyhubEK7s8tgGgVh1+yxW5bDbj8qhXxyadb25jtVjdmzjk+n51HdQxSlfNQtt6cUeWnk\nOgXYp4O2gCKxVnnlfeTGDgZxz+VF9vSVBG43SNwu38+c061iSEqsUkpX0Lkj8qa8LNdGfz2BHAUK\nDj86YBfqBFGJIzMM8hc9fXinWcaR7RGu0Y6dKe7sEQ5y3v3pYsk5bg/TFAEbeUbsMRGZAcD1AqS6\nUPHsOfm9DioQ2b/PlxnjG7+Kn3+GtyrIXz2BxSKHQKEhCjOB6nNQ26kTMxdznoGPA+lSwbRbrhcK\nF6VXs9gll2tMTnpI3A+lMB14GJUI+09/lzxUh4i68YqC8OJYwJihPBG3Of8ACppeIiMjp1NAEFoH\nwxcRg9Bs9KSWRmnWMKNvUsW/kKW0LNGWdoyT/cHFQnJvuUPH8RNMRbprHilPSmOeKAKgjK3Rc4YE\ncHPSi7klRB5QLN6Co4Idlw8nlsue5PWm6gGbywrAEHJyeopgSWVw00beZw4OCKj1BJZFCJux3xUe\nnZaaV1HycAGm6rKxCwx/ec0hp2YlvYBSGLrkdgc1rWY+c+wxWNpQeNpI27Vt2n8VS1ZDcnJ6la/C\ntLggHHY1YsVCw4AAHpTLi2kkkLKUwexJqaBDHHtbGfasEnzNmrkuVIbdStGnycuxwKq2tzNLcvHI\nRhR6d6nuWHnx57mo4ypumKgcDBIrQyKmrt8yislyM4zWlqrZnA9BWS4+fgfjW0diWEn3TVarEp+U\n1XqZDQUUUlQMKKKKACiiigAooooAKKKKACiiigApaSigBaKKKACiiigAooooAKKKKACkpaSgAooo\noAKKKKACiiigAooooAKWkpaACtvw/cwwrIJZFTJ4zWJTlotcDuEvLYjIuIv++gKnSRJBlJEbPowN\ncFk+tLn3pco7neOwULnB5pl9KYxH+9VATzlS2faorMk2FuQM4UVc3dOagojuWX7Pv83y1GDuxn9K\nWzmilhHkuHVeMgVKDnpzS9BjGKYivaPl5RhMk5O0Y/OpoxhicfjQkaIWKIq7jk7R1NAVd7EgdutA\nhJFDMM80+UZTHakcZZRyB7cU5gNhAPb1yaYBGoRAB/jWf+/F6TlCmOnQ1oRghRlmb64FR/Z/nzv4\nznG3n86pMTKmoPcbQViTcCOA+f1wKkkmcW5Bhckc/eGD+uanniaQgrs+j5/pStE3k7Rgn24FO6EV\nbG5zFmSOVSQRwhb+VRLeJ9qZGDKFHVhx9au28LIpDKqnGAAd1RJE4myUcc8k4Ap6AV7y8gVt4kVl\nZgAe1SNIn2XduUrnNF2oeU7gSM54XNNlii8hmdEG7gsw/nTETWEgaJihGMZ4NMilcTEBn65PPBpt\nnbReSQo4A6xkgZqvFZoLoyLkM3QqxJoAvXczJKNrFcccAGleZ/soJPzHjOKo6hbMXVRNMSpHJYA0\n6WOUWvE5wRgDYOPfNFgLdrcNICH2EAcFQf6mo1vCJSDGCCeu/n8sVVsVuY4iFaNzjnzMjA9sVApu\nPthJCFMdAcGiwGtPOInX5Gbv8uP6077QjQGQ7gPQ8msvUp59ufs4DdMb8/rT/PItSrRSZzn2pWAv\n288UgwmQR1BGKYz2/wBoIdk3D1rO066GS8gdAPUVFNdx/avLLdT6GnYLGzMqMgUgEZ4FOSNE+4ir\n9BUKzRMqBZYyeONwqSZjHEz4zj2pXCw0QRCYyhR5hGM5NJcQrOm1mZfdTg1Ba3UkzfNt2jg4BGKJ\n73y5vLVFb6tg/wAqBlkKAmwdMYzUFvA0O7fKZCTxkAYFOe4VIfMcH6Dk02G5WbO1WX/ex/Q0AMuI\nZXmRkZAg+9kc/hT5gzRMFGWxwKaLqEtsDHP+6cUryxxjMjqmf7xpiI7VHSL51CMT0FQohN2Wx+tW\ng6suVIIPcVTgCm4dlQhh1J70AW6ZIcLSk0yQ8UwKYu4ZpvLjfJHUYp9xaifG4jAHcZ5qXKk8AA/S\nnGmBFFGkEQRRwByayL6+X7Srw/Ns4yR3rZYblIJ68cViXJis5Skcas/Xc3NAFnTC7mSSQHLd8Yra\ns+FNZljMZ4AzAA1p2v8Aq6mWwInNIaM+9NJ4rMohureO5j2OWHuvUU23t0to9iD8T1NT0wnFAGJq\nJ3XDe1ZxBLdKuXjEzv7cVVDbieK2WxJFNwKgqaY1DUS3GhaKKKkYlFFFABRRRQAUUUUAFFFFABRR\nRQAUUUUAFLRRQAUUUUAFFFFABRRRQAUlLSUAFFFFABRRRQAUUUUAFFFFABS0lFAC0opKUUIB2RRk\nVvaJFFJYvvijYhurLmq2vRRQzQiGJIwVJO1QM0762Cxv2DA6bBknGwcDvVhxkIMYHpVPTWA023PT\n5ausSQCOfrWRY2bJUDGfanDKRHHBx2prnAB/lTuSpyCPqaZIQFjyxY9uWJqJ5CJsbmBPo2KmjPHG\nfyqlNCjXIkYDcPU00BcnkKhTuxgZ45pwlcwnJy3TJAFU7qDdFt3SEkf3zxT0jZYMLKwA4xgH8c1Q\nizbSl+CQR2IFWM1mWUc6LtEvzZ6yKTx+BFWwbsHn7O/0DL/U0mgLOf8AOKM1B5lwOsER+k3/ANjS\nefMD81nJj/Zdf8aQFiiq/wBrwebe4HuI938jQ17Ag+dnT/fjYf0pgSNHkk56+tKi7RjNQre2rfdu\nYvxYD+dSpJHIP3ckbf7rA07hYfTBFErbljUN6gAU/B70lFxEUtvFKcurZ9iRQ8KPEI8lQOmOtSZp\nM07gRRQCIMNzNnucD+VQrZlZQ3mAr6BOfzzVqii4FW7t3lYFNh9QxP8AQUjQSC12DBbOcDirRNJm\ni4ilZwPE5LJswOASDVV4mNxyj5BxnacVrH3pKdwIfs0BUboIifdBUc1pbqhdIEVh3FWc01+VIPPF\nFwIrdQkeOASah8oPdhymcHripoo0QAqig+wxTWjVpSeQfZiKBjLwBo8HoTRFGsduoXrinTKCgAJG\nO4oWPAOXLZ9aYiraQqZXcnPtTL1GeRQrYxViJJATl1xnsvP86bKh80EAN7E4oAkRPLUqPT9agt+X\nYlWXsd3epiW2Ekc47c1Ws8ne21hk/wAXGaALRpjk4wMUuagumAiJJYYH8PWmA47gfmx+WKcaqWgP\nl5MrSA9NwwRVonnrTATtWdez2kbNlA02PStAntWHeCKK7Jb95k5I9KQEulTMWaPI29a6G3GIlrMh\nCCIGNQqnsK0lYJbhjnAHYZNTIaGxTO0zIw4HTipT1qpZyLK7srSEejjGKtGoGFMY4BPpVC6upPtK\neWD5annnrVp3zDu9RmgDCuGzK5PqarL0NSyn7xzUKnitiCKXrTKdIctTaze5SCiikpDCiiigAooo\noAKKKKACiiigAopaSgAooooAKWkpaACiiigAooooAKKKKACkpaSgAooooAKKKKACiiigAooooAKK\nKKAFpRSUCgDd0FpPJmWNlHOTlc/1qvrrObmMSFSdv8II/rVWzvZLPf5YU7uDkZpt5dvdyh5AoIGP\nlFJLW4+h0unSAaZACQOO9XncKoOM1m6af+JbEcKTj+KrF07iGMjG7cOO1T1GWXcbAexp6yKwJHaq\nTysIciM5HPUc0kE5MXzq4J46Zp2EXopFIwDz6U/apOSoJ9cVm29yvmNvyoU9SKuC6g/57xj6uKGr\nATMqOMOoP1pwRdm3Hy+g4qNZUcfJIrf7pFSKDjtSuARxpGTt7++afn/Jpoz3oBpgPBoBpuaAaAH5\nx3NAYgcHH0pmaXNMQpOeDg/XmojbW5628R/4AKfmjNAWIRZWw5WFU90yKX7NGOjzD/tsx/rUmaXN\nMCEQOv3bqf8AEqf6Umy5Byt0G9miB/kRUxNJmgCFjej7ptm+qsP6mgyXaj/j3jb/AHZcfzWpiaSg\nRCJ5cfPZyg/7LK39RR9qX+KKdfqhP8s1LRmmBCb23X7zsv8AvIy/zFILy1bpcRfiwH86m9aYQrZ3\nKG+vNIBVdXHyMrfQ5qG8ZkhOMr2z0oa2tjnNvF/3wBVW6tooo90aBST2JpoBLGZmcjcxB/vHNRy3\ncqznEhGTjGBTLSNmJG5kIB5U1WkhY3W8O+PrVCNO6uGjjUrtBPJyKSG7Z4mZ1UFf7uap6gs3lKvm\nAnHGFptv5y2jfdPHJOQaALUF6WfY0YGe4b/61LcXSRSgFWbH90D/ABrNs2m+0cqGAPGDj+dJezSG\n44jxk880wNOW+hjjVm3Hd0AFPhnjmXdGePQ9RWNcvuMQ2sMDvVvTFIDEqF9wc5pDNDrVe5cqh2vt\nPrjNTk1VugWQhW2n1xTELAT5aktuJ6nFSnpUcQwg+lOJ4oEIxwCaxH8pkld2BkJ4HetK+abydsAO\n49celUYdMkJzK4HsKBmhbf8AHun0rSaRYoNzEgAdgTVCNQu1R0FX3x5ZBOBjrnpUyHEhsnWRWZHZ\ngT/EMVYzxVSzlZ9ykhgDwwGM1ZqBldo0Muzb8uOaLn5LdgOmMVNx1wM1Wv2xbH3poDCk+7iowMLT\n5MkcUzkCtSCB/vGm0p6mkrNli0UUlIAooooAKKKKACiiigAooooAKKKKACiiigApaSloAKKKKACi\niigAooooAKSlooASilpKACilpKACiiigAooooAKKKKAClFJS0ALRSZozTA6TTGzpiDg9eDV1sNEo\nGMCsOyv4I7VYpQ3B9MiriapagBVfaP8AdNZlGiRmPAojXCkEAcdqpLqNuf8Alsv48VKt7CekqH/g\nQp3EWIkIkyRjnOc1ZyD2Bqms6k/KwP0OakEhx0NJgTNHEx+eJG/3lBpotrfnEKD/AHRimCUetO80\nUXYD1t4l+6ZE/wB2Rv8AGl8k9rm5H1cH+Ypgk468UokFMBxScfcu2x6NEp/wpR9qHSWA/wC8jZ/Q\n0m/1pwegBfMuR1jhb33lf6Ggzzj/AJds/wC44/rigP70u4UwGm5YfetZx9AG/kaPtceMsJU/3omH\n9KduoDelAhgvbU9LmMH0J2/zqRZon4SWNj/ssDSbj3OfrUTQQP8Afhjb6qKYFnn3ppOBmqotLfOV\nhVf93igwIDw8q/SRj/WgC0DS5qqI3XO26mH12n+YoC3IPF0GHo0Q/oRQBZzTSagLXYP/AC7P/wB9\nKf600zXA626H/dl/+tQIsE0mag+0MOtvOPoF/wAaT7VGOqSg/wDXMmgZPn0prhWGGAYehGahN7bj\n70oX/eBFKLiBvuzRn6OKdxWHJGkediKoPoMVEbWHzN+0hs54JqYcjK8/Tmk5HWncRFPbpNjczKR3\nWmfZgIDGGPPfFT803NFwKsFoYpNzOG9MDFRT2kjS7hsIz3JzV40hp3Ay7y2l3ptQuAMZFWLGNo4y\nHAB9AKkuZ1i25BPPalimSZcqD9D1oGPJqtdNjGHKEnqBmrBPFVLkgkDzFT1yOtMRMnTrmnE0xCCA\nQcilzQAUlBpCeKBCp98fWrrAMpDDI9DVKLmVatSTLH97PPpWctykPACj5RgewoJpkcqyg7aXPBpF\nWFJqjqbYgx71aVw2cfyqhqh+VRTjuJ7GYTjrUb9DSOPm75pGOFrQlEPekpaSsygoopaAEooooAKK\nKKACiiigAooooAKKKKACiiigApaSloAKKKKACiiigAooooAKKKKACiiigApKWigBKKKKACiiigAo\noooAKWkpaACiiigAooooAKKKKAFyfU05ZHX7rsPoaZRRYCZbu4XpPJ/30alXUbtekx/EA1UopWC5\nfGrXQ6lW+q1IutzjrGh/MVm0UWC5sJrrD70A/BqlTXov4onH0OawqKLAdGmt2p6+Yv1X/CpU1a0b\njz1H1BH9K5eiiwHXLfW7dLiL/vsVKJ1bo6n6GuMoHHSiwztDJxxzS+ZXGrLKv3ZHH0Y1Kt9dIMLO\n+PrQI67fmjfmuVXVbxf+WoP1UVKutXI+8sTfVT/jQB02+jfXPrrr/wAUIP0bFSLrkZ+9G4+hzTA3\nN1JurJXWbY9S4/4DUq6pat/y2A+oNFwNDdSbqpi9t26Txn/gQFSLKG5UhvpRcCxu4pjIj/eRD9VB\nqMv68Ub+KYhGtrc/8sUH0GP5U37NGo+VpVH+zKw/rTt+aN9ACeU4+7cSj64b+YppWcf8t8/VR/Sn\n7qbuoATNwB9+Jv8AgJH9aTzJxnMUbfRz/hTtwpN2aYGdqEshIzHtPpuzU+nkmHJGDSXUDysCm38e\nKkgTyowpOT7UxE5NUrp1BUNE7D1AyKsluKYWI6UAEJ+QcY9jTiaavSkJ7UAOzSZpM0meaYiWD/XD\n2qaZnHKR7x9Kgtj+8PsKfNEzsGEhWs3uWiSAkgkpsPpSTzCEZPQ8fSiIMq4Zsn1plzH5sDIOp6VI\nxtvKjEoDz1qpqbfvFFWLO3NvH8/LnrzVLUWzNj0q47kvYosfmFMkPFSMB6VFJ0qmJEVLSUtQUJS0\nlFABRRRQAUUUUAFFFFABRRRQAUUUUAFFFFABS0lLQAUUUUAFFFFABRRRQAUUUUAFFFFABRRRQAlF\nFFABRRRQAUUUUAFFFFAC0UlLQAUUUUAFFFFABRRRQAUUUUAFFFFAC0UlFABS0lFABS0lFAC0UlFA\nC0UlFAC0UlLQAUUUUAFAODSUtAD1mlX7srj6MakW9uV6TN+JqCkoAuDUrkfx5+oqRdWmHVFaqFFA\nGkNXP8UP5NinjVoyeY3H0INZVFAGyNTtyeS4+op639u3SUfiCKwqKAN8XULHiVPzp3mqejKfoRXP\nUU7iOi3Z6U0sKwA7A8Maf50o/wCWr/8AfRouFjbDflQGrGF3OP4yfrzTxfT9yp+oouFjW3Ck3VmD\nUJP7q04age8Y/A07hY1bY/MTVgtWRDqaJndG34GphqsB6hx+H/16hjRoFuKC3vVH+0bc/wDLTH1B\np4vIG6Sr+eKQFrPfNZF6c3Dc8VfE8R6SKfoaypn3SscjrVxExhNRSU8mo5OtU2JDKWkpagoSiiig\nAooooAKKKKACiiigAooooAKKKKACiiigApaSloAKKKKACiiigAooooAKKKKACiiigApKWkoAKKKK\nACiiigAooooAKKKKACiiigApaSigBaKKKACiiigAooooAKKKKACiiigAooooAKKKKACiiigAoooo\nAKKKKACiiigApaSigBaSiigAooooAKKKKACiiigAooooAKKKKACiiigAooooAKKKKACikpaADNFF\nFABmgnNFJQAtJS0UAJRRRQAUUUUAFFFFABRRRQAUUUUAFFFFAC0lFFABS0lLQAUUUUAFFFFABRQK\nKACigUUAFFFFABSUtJQAUUUUAFFFFABRRRQAUUUUAFFFFABRRRQAUtJRQAtFJS0AFFFFABRRRQAU\nUUUAFFFFABRSUtABRRRQAUUUUAFFFFABRRRQAUUUUAFFFFABRRRQAUUUUAFFFFABRRRQAUUUUAFF\nFFABRRRQAUUUlABS0lLQAUUUUAFJS0lABRRRQAUUUUAFFFFABRRRQAUUUUAFFFFABRRRQAUUUUAF\nKKSlFABRRRQAUUUUAFFFFABRRRQAUUUUAFJS0UAJRRRQAUUUUAFFFFABRRRQAUUUUAFFFFABRRRQ\nAUUUUAFAoooAWikpaACiiigAooooAKKKKACiiigAooooAKKKKACiiigAooooAKKKKACiiigAoooo\nAKKKKACiiigApKWigAooooASloooAKSiigApaKKACiikoAWikooAKKWkoAKWkpR1oASiiigAoooo\nAKKKKACiiigAooooAKKKKACgUUUALRRRQAUUUUAFFFFABRRRQAUUUUABooooAKKKKACiikoAKKKK\nACloooASloooASilooASilooASilpKACiiigAooooAKKKWgAopKWgAopKWgAooooAKKKKACiiigA\nooooAKKKKACiiigApKWigBKWiigAooooAKKKKACiiigAooooASloooAKKKKACiiigApKWigBKWii\ngBKKKKACnKOabUi0AR0UUUAFFFFABRRRQAUUUdqACiiigAooooAKBRQKAFooooAKKKKACiiigAoo\nooAKKKKACiiigAooooASiiigAooooAUUUUUAFFFFABRRRQAUUUUAFJS0lABRRRQAUUUUALRRRQAU\nUAZqRY/WgBgBPQU9YietSgAdKWmIYI1HGKd5a+gpaWkAzyV9KaYF7E1LRnmgCHyfQ00wtVgUUDKp\nUjrSYqV/vU2gBlFWlXgZpCox0FAFaipii+lJ5YoAioqTyvem+WfWgBlLS7TSbTQAUUYNFABRRRQA\nUUlFAC0UUUAJS0UUAFFFJQAtJS0UAFFFFACUtFJQAUUU4KTzQAAU9aaBTxQBDRRRQAUUUUAFFFFA\nBRRRQAUUUUAFFFFABQKKUUAFFFFABRRRQAUUUUAFFFFABSUtJQAtFFFABSUtJQAUUUUAFFFKKACi\niloASilooATFFLRQAlFLRQAlJS0UAJRS4oAoASlpcUuKAEC04LQKcKAACniminCgQopRRRQAUtJS\n0AFFFFABRRQaBkDdaFGTQ3WlQfNTAmpD0paQ0hDaKWmk4pDAnFNJpM5ooAQ0UUUAFFFFACYowKWl\nFNAMYYpKc1NoAKKKUCgBMGjBp4ooAZiin0YoAjoqTFCgZoAZSVMyDHApFUHqKAIqUAmpdozwKXHF\nIBix8804jApaRulACDpS0DpQKAIaKKKYBRRRQAUUUUAFFFFABRRRQAUUUUAFLRRQAUUUUAFFFFAB\nRRRQAUUUlABS0lLQAUUlFABRRRQAUUUUALRRRQAUtJRQAtFJS0AFFFFABRRRQAlFHeigApRSU4UA\nFFFKBQACnCkxSgUAOWnCminCgBaKM0UCAUUUUAFLSUUAFHag01mwKBkRPNCt81NJzSrTAk3mk3H1\npKKTAXNJRRSGJRS0UAJRS0lABRRRQAUUUU0IRqbSmgCgAApwopaQAKKSigYtJRS0AJTlptOWgQp6\nUi0rUL0pgL3o7UUUgE7UjU6mnrQAdqKWk70AQ0UUUwCiiigAooooAKKKKACiiigApaSloAKKKKAC\niiigAooooAKKKKAEooooAKKKKACiiigAooooAKUUlKKACiiloASiiigApaSloAKKKSgBaKKKAEoo\nooABTqaKeKAAUoFFKKADFOAoFLnFACUtN3CjcKAH0tM3Cl3CgBwopM+9G4etAC0ZppkAHFRsxNAD\nmf0qPPFFFADactNpyUALSiikoYIKKWkpDCiiigApaQU4D1oAQA0bafQBzQIaFo20+kY4pgRkc0UU\nUhhRS9qSgAopaKBCUopKBQAU9abTloARqVfu0hpaYC0lLRSAKb3p1NXrQAtJ3oPWgUAQ0UUUwCii\nigAooooAKKKKACiiigBaKKKACiiigAooooASlpKWgApKKKACiiigAooooAKKKKACiiloAKKKKACl\npKBQAtFFFABRRRQAUUUUAFFFFACUUUUAFOFNp2aAFpd2KZmigB+70pKbS0gCiiigYtGaSigBc0ma\nKKYgooopAFFFFAxtKtJTkpiHUlLSUMYUUtFIBKKXFKFoAAKdR2ooEFKBSU4cCgAqNzzUh6VEetAC\nUUUUDFpKKKAFooooASiiloEFPXpTKeOlADT1p1M/ip9MAooFFIBO1ItKeBSL0oAWkpaSgCGiiimA\nUUUUAFFFFABRRRQAUtFFABRRRQAUUUUAJS0UUAJRS0lABS0UUAJRRRQAUUUUAFFFLQAUUUUAFFFF\nABRRRQAtFJRQAtFFFABRRRQAUUUlABRRSUAFLSUtABS0lLQAUtIKWgAFFFFIYUUUUAFFFAoAKKKK\nACiikPSgBKctNpyCqELTguaXbThSYCAYoxTqTtSASiiigAooooAWnDpTRTqAGucLUVSSdqjoBBRR\nRQMKWkooAM0UCigAooooEKOtP7UwU89KAGD71Ppi9afQwCijtRQAjGgDFIacOlACGkpTSUAQ0UUU\nwCiiigAooooAKWiigAooooAKKKKACiikoAWiikoAKWkpaACiiigBKKKKACiiloAKKKKACiikoAWi\niigAopKKAFoopKAFooooAKKKSgBaKSloASiiigApaSlFABSikpaAFooopDCiiigA9aKKKACilUZp\n6rQBHS4qTAoxQIj7U01Nio260wGYqaJOKYBzU6jAFMAPSminN1pKkAzSHpRQaAE7UUUUAFFFLQAg\np46UynigCOTrTKc/3qbQMKKKKAAUUUUAFFFFABRRRQIVaeelMXrTm6GgBq9afTVpe1AC0lLSCgQh\n604Cm96cKBiGkpaSgCGiiimAUUUUAFFFFAC0UUUAFFFFABRRRQAUUUUAFJRSigAooooAKKKKACko\nooAKKKKAClpKKACiiigAoopaACiiigBKKKWgAooooAKSiigBaKSigAooooAKWiloAKBQBSgUAFFF\nFIYUUlLQAUoGaULTwOOKAADFOFNp1AgpKWigBDwKiqRulMpoAXk1OKiQc1KKAGmkoNLSAKQ0tNNA\nBRRR2oAKBRRQAU8dKZTh0oAjb7xptKeppKBhRRRQAUUUUAFFFFABRRRQIctK3SkXpQ1AAtOFNHSn\nUAHtRSUUAIfvUtIfvUp6UABpvrQx4pmaAG0UUUwCiiigApaSloAKKKKACiiigAooooASiiigApaS\nigBaKSigAooooAKKKKACiiigAooooAKKKKACiiigBaSiigApaKSgBaSiloASiiigBaSiigAoopRQ\nAoGacFoWnigAA4oxS0UgG4o206koATAoApcUUAKKWm5paAFopBS0ALRSDrS0ANeo6c/WkqkBKg+W\nlPFC8CgnikA2iiikAUlLSUAFFFFABRRRQAU4dKbThQBEeppKU9TSUDQUUdqKACiiigAooooAKKKK\nBD16U1utOHSmt1pgOA4paQdKKQC0lLSGgBCeaCcCm7uaQnNAAaSjtQKAG0UUUwCloooAKKKKACii\nigBKKKKAClpKKACiiigAooooAKKKKACiiigAooooAKKKKACiiigAooooAKKKKAFoopKAFpKKKAFo\noooASilooAKMUtFACUoooFAD16U8dKYDinCkAtFJmkLCgB1FN3Ck3+1AD6Q0zfRvNADqUVHuNG4i\ngCTNOFRBqerZoAdS0lFADG60g60rdaE+8KoCYU1utOpp60gEo7UvekpAJRRQKACiig0AFAoooAKd\n2ptOHSgCI9aSlbrSUDCiiigAooooAKKKKACjvQKB1oAk7Uw9afTO9MQ4UtIOlFIApjGnMajPJoAB\nS0lFMBTTR1pTSL1oASiiigBaKKKACiiigAooooAKSiigAooooAKKKKACiiigAooooAKKKKACiiig\nAooooAKKKKACiiigAooooAKKKKAClopKAFooooAKKKKADNGaKKACiiigBcmjmiigAooooAKKWkoA\nWiikoAXFFHaigA7UDrRQKAJh0o700NTqQDG60sf3qRutLHw1MCamd6fTKACkpaSkAUlFFABRRRQA\nUUUUAFOFNxT+1AETdTTac3Wm0DCiiigAooooAKKKKAClXrSUq0CHGmjrSngUgpgOpCaCeKZSAU0z\nvTqaaYATRSUUALTk600U9KAI6WiigAooooAKSiigBaKKKACkoooAKKKKACiiigAooooAKKKKACii\nigAoopaAEopaKAEopaSgAopaKAEpcUUUAFFFFABRRRQAUUUUAFFFFABRRRQAUtJRQAtAoxShTQAl\nFLj3pcD1oAbS0ox6UUAIBS4NGaM0AGKMD1o5pRk9qAEwKX8KUI3pTliJ6mgCOpR0pDGR0pR0oAY3\nWnR/epHoj+9QBNTMU7tTaQBSUtJQAlFFFAC0mKKKACgUUUAKKXtSCnGgCJ+tNpzdTTaBhRRRQAUU\nUUAFFFFACCnLSU4dKBCMaOgpG60lMBaTvRSgZpAAHemt1qToKYRnJoAbQRigUvUUwEFSL0qMVLnA\noAiooooAKSlpKACloooASiiigAooooAKKKWgBKKKKAFooooAKKKKACiiigAooooAKKKKACiiigAo\noooAKKKKACiiigAooooAKKKKACiiigBaKKKAClzQATSiM0AJmipBF6mnrGBQBBQAfSrO0elKAAKA\nK4Rj2pwiPep6SgCMQjuacI1p2QOppC6jvQIUKOgFKAKZ5q0nmrQBJ2pagMvHFM3n1oGTlhzTKYpy\naf2pANehPvCh6RPvUwJqbTu1NpABpKWkoASiiigAopKWgAoo7UoFACjpQaWmscDNAiM9aKTvRQUF\nFFFABRRRQAUUUlABT+1MpWPFAhpOTSim96cKYCgZNPApFGKUUgEamt0pzdaY1ACCjtSjoaaaYAKl\n7VFUg6UgI6KKSmAtJRRQAtFFJQAUUUUAFFFFABRRRQAtFFFABRRRQAUUUUAFFFFABRRRQAUUUUAF\nFFFABRRRQAtJRRQAUUUuKAEopcUUAJS0tFACYoApaM0AAWnACm5pd1AEgFOFQ7jSbj60AWMj1oMi\njvVfNJmgCfzR2FJ53tUOaKAJDKTSGRj1NMooAXPvRSUUALmkzRRQAtFJRQA9OtS1EnWpKQDGoX7w\nobrQvWqAmphp9NqQE60UUlABRRRQAUUd6KACnKKQU4dKACo3PapDULHJNAISiiigYUUUUAFJS0UC\nAUhozTSaAFzk0HpSCl7UwEFSKKYoqUUgAUUUDrQA1qYTk056Z3pgOHQ02nHpTaAFAp4FR5qQdKAI\n6KSigBaSiigBaSiigAooooAWikooAWiiigAooooAKKKMUAFFFGKACilxRigBKKWigBKKWigAxRii\njNABiijNFAC0lJmigBaKSigBaKSigBaKSigBaKSigBaKKSgBaKSigBaKKSgBaKKSgBaKKKACikoo\nAWikooAWiilxQA+PvT+9MX5RS7vSgBME0L1oDc04feoAkptOphpAFJS0nSgAooFFABRRRQAopwpo\np3agBH4FQ1JIajoAKKKKBhRRRigQUmaWmGmAE0lFLQAooxSqM0uOaAFUcU6m5wKcOlIAFHeg9KQU\nCGt1plPNMpjF60hpRTaAFHWpQOKiFSCkBFS0lFMAooooAKKKWgBKKWigAxRilpKAFxRiiigAopKK\nAFopKKAFopKKAFopKKAFopKKAFopKKACiiigAooooAKKKKACiiigAooooAKKKKACiiigAooooAKK\nMUuKAEopQM0u33oAbRTuKMj0oAbS0pbNAOKAEAJpQKTNFADhgUZHpTaKAFzzS00dadTAM0UUUCAd\nalTk1EKljHBNIB/amGn0ykMSiiigAooooAKBR2oFACin0wdafQBFIecUynSfeplABRRRQMUUUdKK\nAEY02lNJTEJS0lKOtAEijApO9O7U0daAF7Uo6UnanCkAmeKToaXqaaRQAdjTKefummCmA/Hy5plL\nnIooAAKfTVp1ICKiiimAUUUUALRSUUALRRRQAUUUlAC0UUUAFFFFABRRRQAUUUUAFFFFABRSUtAB\nRSUUALRRRQAUUYoxQAUUUUAFFLxSUAFFGaM0AFFGaKAF4o6UlFAC8UZpKKAFzRmkooAM0UUUAFFF\nFABRRRQAuaSiigApaSigBR1p1NHWnUxBRRRQAoqZBgVEOuKmHApAB6UynE8U2kAlFFFAwooFFABQ\nKKBQA4U6milPSgCFuSabTj1ptAxaSkpc0CCgmkzSUwCiikoAWlXrSU5OtADj0pBSt0pB0oAWlpBS\nmkACgdaO1AoAa3pTcYpzetNNMA7UClPQUqigBcYFL2oNFICGiiimAUUUUAFFFFAC0lFFABRRRQAt\nJRRQAUtJRQAUUtGKAEopcUYoASilooAKKKKADFFFFABRmkooAXNFJRQAtFJRQAUUUUAFLSUUAFFL\nRQAlLSUtABRRRQAUUUUAFFFFABRRRQAUUUUAFFFFAC0lLSUAKOtOpop1MQUUUooGOQZapRTIh1p9\nIQ1qSlPWkpDEooooAKKKO1ACUoooAoAcKVvu0LSOflNAEJppNKxplMBaKKKACiiigAoopKAFpyU2\nnp0oAVhSClIo70gHKKU9aOgpPU0AJ3paSjtQA1ulNPWlJ4pvemA49acKaOWp1ABSjpSUCkBFRRRT\nAKKKKACiiigAoopcUAJRS4paAExRinAE0YoATAooPAptAC5ozSUUALmkoooAKKKKACiiigAooooA\nKKKKACiiigAooooAKKKKACiiigAopaKACiiigAooooAKKKKACiiigAooooAKBRRQAUUUUAFFFFAC\nrTqaKdTAKUdKSloAljHy040kf3aU9KkBh60lKaSgAooo6UAFJRS96AEpRRS0AKOlMlPy4p+eKhkO\nTTAZSUtJQAtFFFABRRRQAUlLSUAKKkHSox1qSgANL2pO9LSAKXPFFIKAA0NwtL3qNjTASkHWjtQK\nAHDrTqReDmgmgBaBSUopARUUtJTAKKWlAzQA3FLTgtKFFADMUoFPwKUCgBoWlxilpKAFpMUUtAhj\n0ynP1ptAwooooAKKKKACiiigAooooAKKKKACiiigAooooAKKKKACiiigAopaKACiiigAooooAKKK\nKACiiigAooooAKKKKACiiigAooooAKKKKAFHSlFA6UUwFFLSCloAnX7o+lI1Kv3RSNUgNpKWkoAK\nCaKKACijtSUALRnikzSZoGBNRtTjTWpiEooooASloooAKKKKACkpaKABetSGmJ1p5oAQU7FIKWkA\nUd6OlFAAaYaeelRnrTQCdqXtSCloAO1ONJSmkAlOFJiigCOiiimAU9elMqQdKAFooP1ooEFApaSg\nBe9FFAoAKKKM4FAETdTSUUUDCiiigAooooAKKKKACiiigAooooAKKKKACiiigAooooAKKWigAooo\noAKKKKACiiigAooooAKKKKACiiigAooHWigAooooAKKKKACiiigBw6UUClpiAUtL2pB1oGWB0prd\naUdKaepqQEoFFJQAdqKKKACkNL2ppNAAOaQ0UGgYlNbrTqYetUIKKSlpAFJS0q9aAAKTSHinbqQ9\naAEpKWjFADk7040idKUdaADHNLR60lIBRRjmgUUAIaYeppx6009aaABThSCl7cUAIBlqU0opDQAU\nUUYpAR0UUUwAdalFRqMmpBQAUUUtAgpKWgUAFFFFABSMflNOpjn5aAI6KKKBhRRRQAUUUUAFFFFA\nBRRRQAUUUUAFFFFABS0UUAFFFJQAtFFFABRRRQAUUUCgAooxSgcGgBKKKKACiiigAooooAUd6Sl7\nUlABRRRQAUUUUAFFFKOtMBaUUlOHJoEOx8tNHWnnoaZ3pDJx0pvc0o+7SGkAlFFFACUGg00mgBSa\nb3oooGFBpaFUk0IGIFzUZqw3CGq9MQlSAYWmqOaf2zQBH3pR0pKUDJxQAlB605hgim9TQA4Digik\nJpQelACr0ozg0opD1oAcOhptPXpTQOtIBFp1ItL65oAZ3pMUppaADpS0nelPSgBRwKb3p3am+tAB\nQaM5oPSgCOiiimA5OtSCo0708cUCFo7UlLQAUUUUAAoHSilxQAVHJUgqJ/vUANooooGFFFFABRRR\nQAUUUUAFLSUtABSUUtACUtFFABRRRQAUlLRQAUUUDmgAIopW+8aSgApV7mkpyjKmhgIOhNH8NPC4\nXBpjdcCkAlFFFMAooooAKKKB1oAU0lB60UAFFFFABRRRQAUo60lKKYhRT0600U9KQxx6VFUvaoj1\noQEy/dFJSoflFIetACUUZpuaQATSUtJ2oGHagUUo60AAFSqOKYBzTx0oEMlPyGoKmm+6KhpgKOlP\nbhaaOoFDnmgBtPTrTBTk+9igBX600cA0rdTTe1ABS+lJTl6igCQdKaOtOFNFIBehoHSkzxSgnGKA\nEFKTxSUh5oAAM0dDSrxStyaAEFFAoHWgBab3pT1ooAaKD1pcU09aAG0UUUwHp0pwpF6U4UCEFFLR\n3oAKKO9FAC0ntQKKACo25Y1J2qI9TQCEooooGFFFFABRRRQAUUUUAFLRRQAUUUUAFFFJQAtFFFAB\nSUtFABSp1pKVfuk0AJSUtFABShsDFJTlAHWhgISTSU84KnFMpIAooopgFFFFABSjvSUv8NACUUUU\nAFFFFABRRRQAUopKUUwHVKOlRr1qQcCkxBUR6mpajPWhDJE6UHrSJ0pWPNIBhpBRRQMKWiigAxTg\nKB0paAAU4U0U4UCIpuoFRY5qR+ZcUOMPxTEMPWkNHU0UDAdacoxk00daczcUAJSGlptACjrT160w\nU9aAH0gpe1IKQA1IDmlNItADjim9SaUnjFNoAcKQ0tFAAB60lKelNzQAvel7U0UtABTD1NPplNAN\noopR1oAkpaSlFAgooooAKKKKADFFFGaAAn5ahqV/u1FQNBRRRQAUUUUAFFFFABS0lLQAUlLRQAUU\nUUAFJS0UAFFOQDq2cUjY3cdKAEpKWkoAWndE+pptK3Ye1ACUUUUAAGTSk5pUHWlCjvSAb/D9aSnN\n6Cm00AUUUUAFFFFABQaB1oPWgAooooAKKCMHBooAKKKKACnDpTacKYD0qSmJ0p1IBahPWpCcDNR0\nICSPoaRjzRGcAmmk5OaGCCiiikMXFOHSkHNL0FIApaKQmmIUUbsUDpSGgBg5lzSv1pq8OaVjxTAY\nvekpy/dNMoAWgUlOXrQAlJTiMUlABT06UynIaAHscClWmHrTxwKQCGjtRSHrQAetJSjvQKAAUtAo\nzjNAhD3pBRSCgYtFAooAM8Gm05ulNpgNpV60lOTrQBIOlAo7Ud6ACkpaQUCFooooAKWkpaAGSdMU\nwDNOk601aACkpT1pKBhRRRQAUtJRQAUtJRQAUUtJQAUtJS0AFFFFAEg2heMsajPWpPmCdhUdAgop\nKKBijk0rfeNC9fpSUAFFFFACqcCjk04KMc0FgOlIBlFFFMAooooAKKKKAFFJS9qSgAp8a5yfSmVK\nikJnsaBEZ+ZqCMUsfWkb7xoGJRRRQAU4U0U6mBKOlGRUeaM1ID2IxUeRTSaKYDge1KOtNFOWkNDq\nSjvS96AFApRRRQAUYyaKUdaBA3ApmeaecUw0AB65pp6UA4NJ2pgOUfuzUVTr90VCetACU9KZTieM\nUAOf7tMFOP3abQAlOTrSdKcvQ0AL3paQdacOaQCimnrSjrSUAFApKVRQA4U3tStxwKb3oEB6UUUt\nAwpKXtSUAI1NpWNNpgFPQUypE+7QAtFFLQITtTNxzmnt92mYoGKlPoUYFL2oEFKBQOKWgRDJ980g\nHGe1I3LGlFAxtFFFAwooooAWkpaKAEpaSloASiiigApaKKACgdaKVRk0AOwAvLZPtTKc/AptAgpK\nWigYo4U0lKeFHvTaAFoooAyaAFGTSlcCl3AdKaWJpAJRRRTAKKKKACiijFACntSUHrRQAVI4KoBm\nmIMsM0rnJpiHJgIT3qOpDtVODk1HSAKKKKBiilpBS0AFFFIaQxKKSlHJpiFHSnDrSUo60hi96cKa\naeOlABSZApaaeTQA6jODmkB4oPSgQpINMpTwKAPlzQA1jSAHFLjNSYGKYDM8CozUhpoXINADRR1N\nHalXlqAFPC0IMmhqAcKaABxg0o4Wk+8KVuBQAgPNOqNetP74pAKOlB4pcUh6UAIacOKaetL2oAM5\npO9LSdTQAlOpD1paAEooprGgBDSUUUwP/9k=\n', 'root 1', 'cor 1', '4', 'Y', 0, '2019-09-21 15:41:18');
INSERT INTO `processacitvity` (`id`, `stationid`, `activityid`, `activitytype`, `outputcheckbox`, `outputnumber`, `outputobservationtext`, `outputobservationImage`, `outputfumigationchemicalid`, `outputfumigationchemicaldai`, `outputfumigationchemicalconsumption`, `correcticeactionnumber`, `correcticeactionimage`, `correcticeactionrootcase`, `correcticeactioncorrection`, `correcticeactionupdate`, `activestatus`, `createdby`, `createddate`) VALUES
(202, 29, 56, 'Fumigation', '', '', '', '', '2', '2', '5.6', '', '', '', '', '', 'Y', 0, '2019-09-21 15:41:24');

-- --------------------------------------------------------

--
-- Table structure for table `station`
--

CREATE TABLE `station` (
  `stationid` int(11) NOT NULL,
  `stationname` varchar(255) NOT NULL,
  `stationdescription` varchar(255) NOT NULL,
  `createduserby` int(11) NOT NULL,
  `stationactive` varchar(255) NOT NULL DEFAULT 'Y',
  `stationcreateddate` timestamp NOT NULL DEFAULT CURRENT_TIMESTAMP
) ENGINE=InnoDB DEFAULT CHARSET=latin1;

--
-- Dumping data for table `station`
--

INSERT INTO `station` (`stationid`, `stationname`, `stationdescription`, `createduserby`, `stationactive`, `stationcreateddate`) VALUES
(1, 'Glue Station', 'This station use to place glue board to trap rats inside production facility.', 101, 'Y', '2019-06-25 12:15:37'),
(2, 'Rat Cages', 'This station use to catch rat with the help of attractive food bait.', 101, 'Y', '2019-06-25 12:17:37'),
(3, 'Insect O Cutor / ILT', 'This station use to monitor flying insect by glue board in tray', 101, 'Y', '2019-06-25 12:17:53'),
(4, 'Test Station A', 'Description  of Test Station A', 101, 'N', '2019-06-26 04:22:53'),
(5, 'Hassan Station', 'Test', 101, 'N', '2019-06-26 08:46:55'),
(6, 'Bait Station', 'Test', 101, 'N', '2019-06-30 14:18:56'),
(7, 'sami', 'test', 101, 'N', '2019-08-22 09:45:04'),
(8, 'Glue Trap Test', 'This is use to Count Rat Trap', 101, 'N', '2019-08-29 14:19:54'),
(9, 'Test STation A', 'asdaf', 101, 'N', '2019-09-03 18:28:05'),
(10, 'Asad Station', 'skjfhksd', 101, 'N', '2019-09-17 04:52:31'),
(11, 'Asad Station', 'This is Asad Station', 101, 'N', '2019-09-17 05:11:07'),
(12, 'Haisam Station', 'This is Haisam Test Station', 101, 'N', '2019-09-17 05:20:20'),
(13, 'Bait Station', 'Rat Baiting', 101, 'Y', '2019-09-19 06:05:48'),
(14, 'Area / Department', 'This Station Type Will be Used for Gap Analysis / Complain/ Observation/  Fumigation', 101, 'Y', '2019-09-19 06:13:13'),
(15, 'Station NET', 'This is Test Station NET', 101, 'Y', '2019-09-21 15:17:52');

-- --------------------------------------------------------

--
-- Table structure for table `stationactivity`
--

CREATE TABLE `stationactivity` (
  `stationactivityID` int(11) NOT NULL,
  `stationaid` int(11) NOT NULL,
  `activityid` int(11) NOT NULL,
  `createduserby` int(11) NOT NULL,
  `stationactivityactive` varchar(255) NOT NULL DEFAULT 'Y',
  `stationactivitycreateddate` timestamp NOT NULL DEFAULT CURRENT_TIMESTAMP
) ENGINE=InnoDB DEFAULT CHARSET=latin1;

-- --------------------------------------------------------

--
-- Table structure for table `stationapply`
--

CREATE TABLE `stationapply` (
  `stationapplyid` int(11) NOT NULL,
  `stationapplyno` int(11) NOT NULL,
  `stationid` int(11) NOT NULL,
  `branchlocationid` int(11) NOT NULL,
  `createduserby` int(11) NOT NULL,
  `stationapplyactive` varchar(255) NOT NULL DEFAULT 'Y',
  `stationapplycreateddate` timestamp NOT NULL DEFAULT CURRENT_TIMESTAMP
) ENGINE=InnoDB DEFAULT CHARSET=latin1;

--
-- Dumping data for table `stationapply`
--

INSERT INTO `stationapply` (`stationapplyid`, `stationapplyno`, `stationid`, `branchlocationid`, `createduserby`, `stationapplyactive`, `stationapplycreateddate`) VALUES
(7, 1, 1, 8, 103, 'Y', '2019-06-29 18:23:36'),
(8, 6, 4, 8, 103, 'N', '2019-06-29 18:23:48'),
(9, 5, 5, 8, 103, 'N', '2019-06-29 18:24:00'),
(10, 1, 4, 9, 103, 'N', '2019-06-29 18:25:26'),
(11, 3, 2, 8, 103, 'N', '2019-06-30 14:25:44'),
(12, 2, 3, 8, 103, 'N', '2019-06-30 14:28:15'),
(13, 8, 1, 8, 103, 'N', '2019-06-30 14:28:50'),
(14, 4, 1, 8, 103, 'N', '2019-07-01 05:13:07'),
(15, 55, 7, 8, 103, 'N', '2019-08-22 09:46:21'),
(16, 10, 2, 8, 103, 'N', '2019-08-29 14:38:03'),
(17, 1, 1, 10, 103, 'Y', '2019-09-03 19:44:33'),
(18, 3, 10, 10, 103, 'Y', '2019-09-17 04:54:06'),
(19, 1, 11, 11, 103, 'Y', '2019-09-17 05:17:27'),
(20, 1, 12, 12, 103, 'Y', '2019-09-17 05:23:12'),
(21, 2, 3, 8, 103, 'Y', '2019-09-19 06:31:50'),
(22, 3, 14, 9, 103, 'Y', '2019-09-19 06:33:00'),
(23, 4, 1, 9, 103, 'Y', '2019-09-19 06:36:18'),
(24, 5, 13, 13, 103, 'Y', '2019-09-19 06:38:32'),
(25, 6, 14, 13, 103, 'Y', '2019-09-19 06:38:45'),
(26, 7, 14, 8, 103, 'Y', '2019-09-19 06:39:16'),
(27, 2, 1, 11, 103, 'Y', '2019-09-20 10:53:12'),
(28, 2, 2, 12, 103, 'Y', '2019-09-20 10:53:41'),
(29, 1, 15, 15, 103, 'Y', '2019-09-21 15:28:28');

-- --------------------------------------------------------

--
-- Table structure for table `users`
--

CREATE TABLE `users` (
  `userid` int(11) NOT NULL,
  `userfullname` varchar(255) NOT NULL,
  `username` varchar(255) NOT NULL,
  `userpassword` varchar(255) NOT NULL,
  `createduserby` int(11) NOT NULL,
  `useractive` varchar(255) NOT NULL DEFAULT 'Y',
  `usercreateddate` timestamp NOT NULL DEFAULT CURRENT_TIMESTAMP
) ENGINE=InnoDB DEFAULT CHARSET=latin1;

--
-- Dumping data for table `users`
--

INSERT INTO `users` (`userid`, `userfullname`, `username`, `userpassword`, `createduserby`, `useractive`, `usercreateddate`) VALUES
(1, 'Adminnistrator', 'admin', 'admin123', 0, 'Y', '2019-06-20 10:33:25'),
(2, 'Haisam Sohail', 'haisam', 'haisam123', 0, 'Y', '2019-06-20 19:09:59');

--
-- Indexes for dumped tables
--

--
-- Indexes for table `activity`
--
ALTER TABLE `activity`
  ADD PRIMARY KEY (`activityid`);

--
-- Indexes for table `branch`
--
ALTER TABLE `branch`
  ADD PRIMARY KEY (`branchid`);

--
-- Indexes for table `branchlocation`
--
ALTER TABLE `branchlocation`
  ADD PRIMARY KEY (`branchlocationid`);

--
-- Indexes for table `chemical`
--
ALTER TABLE `chemical`
  ADD PRIMARY KEY (`chemicalid`);

--
-- Indexes for table `company`
--
ALTER TABLE `company`
  ADD PRIMARY KEY (`companyid`);

--
-- Indexes for table `dilution`
--
ALTER TABLE `dilution`
  ADD PRIMARY KEY (`dilutionid`);

--
-- Indexes for table `employee`
--
ALTER TABLE `employee`
  ADD PRIMARY KEY (`employeeid`);

--
-- Indexes for table `industrytype`
--
ALTER TABLE `industrytype`
  ADD PRIMARY KEY (`industrytypeid`),
  ADD KEY `IndustryTypeID` (`industrytypeid`);

--
-- Indexes for table `processacitvity`
--
ALTER TABLE `processacitvity`
  ADD PRIMARY KEY (`id`);

--
-- Indexes for table `station`
--
ALTER TABLE `station`
  ADD PRIMARY KEY (`stationid`);

--
-- Indexes for table `stationactivity`
--
ALTER TABLE `stationactivity`
  ADD PRIMARY KEY (`stationactivityID`);

--
-- Indexes for table `stationapply`
--
ALTER TABLE `stationapply`
  ADD PRIMARY KEY (`stationapplyid`);

--
-- Indexes for table `users`
--
ALTER TABLE `users`
  ADD PRIMARY KEY (`userid`),
  ADD UNIQUE KEY `username` (`username`);

--
-- AUTO_INCREMENT for dumped tables
--

--
-- AUTO_INCREMENT for table `activity`
--
ALTER TABLE `activity`
  MODIFY `activityid` int(11) NOT NULL AUTO_INCREMENT, AUTO_INCREMENT=57;

--
-- AUTO_INCREMENT for table `branch`
--
ALTER TABLE `branch`
  MODIFY `branchid` int(11) NOT NULL AUTO_INCREMENT, AUTO_INCREMENT=12;

--
-- AUTO_INCREMENT for table `branchlocation`
--
ALTER TABLE `branchlocation`
  MODIFY `branchlocationid` int(11) NOT NULL AUTO_INCREMENT, AUTO_INCREMENT=16;

--
-- AUTO_INCREMENT for table `chemical`
--
ALTER TABLE `chemical`
  MODIFY `chemicalid` int(11) NOT NULL AUTO_INCREMENT, AUTO_INCREMENT=7;

--
-- AUTO_INCREMENT for table `company`
--
ALTER TABLE `company`
  MODIFY `companyid` int(11) NOT NULL AUTO_INCREMENT, AUTO_INCREMENT=7;

--
-- AUTO_INCREMENT for table `dilution`
--
ALTER TABLE `dilution`
  MODIFY `dilutionid` int(11) NOT NULL AUTO_INCREMENT, AUTO_INCREMENT=7;

--
-- AUTO_INCREMENT for table `employee`
--
ALTER TABLE `employee`
  MODIFY `employeeid` int(11) NOT NULL AUTO_INCREMENT, AUTO_INCREMENT=7;

--
-- AUTO_INCREMENT for table `industrytype`
--
ALTER TABLE `industrytype`
  MODIFY `industrytypeid` int(11) NOT NULL AUTO_INCREMENT, AUTO_INCREMENT=36;

--
-- AUTO_INCREMENT for table `processacitvity`
--
ALTER TABLE `processacitvity`
  MODIFY `id` int(11) NOT NULL AUTO_INCREMENT, AUTO_INCREMENT=203;

--
-- AUTO_INCREMENT for table `station`
--
ALTER TABLE `station`
  MODIFY `stationid` int(11) NOT NULL AUTO_INCREMENT, AUTO_INCREMENT=16;

--
-- AUTO_INCREMENT for table `stationactivity`
--
ALTER TABLE `stationactivity`
  MODIFY `stationactivityID` int(11) NOT NULL AUTO_INCREMENT;

--
-- AUTO_INCREMENT for table `stationapply`
--
ALTER TABLE `stationapply`
  MODIFY `stationapplyid` int(11) NOT NULL AUTO_INCREMENT, AUTO_INCREMENT=30;

--
-- AUTO_INCREMENT for table `users`
--
ALTER TABLE `users`
  MODIFY `userid` int(11) NOT NULL AUTO_INCREMENT, AUTO_INCREMENT=3;
COMMIT;

/*!40101 SET CHARACTER_SET_CLIENT=@OLD_CHARACTER_SET_CLIENT */;
/*!40101 SET CHARACTER_SET_RESULTS=@OLD_CHARACTER_SET_RESULTS */;
/*!40101 SET COLLATION_CONNECTION=@OLD_COLLATION_CONNECTION */;
